employee_number,first_name,last_name,email,department_name,job_title,job_level,country_code,hire_date,salary_amount,salary_currency
IMP-00001,Robert,Thomas,imp.00001@acme-corp.com,Operations,Manager,L3,NL,2015-06-10,147784,EUR
IMP-00002,Jessica,Kim,imp.00002@acme-corp.com,Engineering,Engineer,L1,GB,2024-01-15,144338,GBP
IMP-00003,Sarah,Simon,imp.00003@acme-corp.com,Engineering,Engineer,L6,SG,2020-03-24,79428,SGD
IMP-00004,Sarah,Kang,imp.00004@acme-corp.com,Engineering,Engineer,L5,TW,2024-08-21,1836945,TWD
IMP-00005,Joseph,Park,imp.00005@acme-corp.com,HR,Manager,L2,IN,2018-06-12,2256155,INR
IMP-00006,Akiko,Lee,imp.00006@acme-corp.com,Sales,Analyst,L3,JP,2024-01-06,14097487,JPY
IMP-00007,Rahul,Fischer,imp.00007@acme-corp.com,Engineering,Engineer,L5,IN,2022-04-06,3374149,INR
IMP-00008,William,Kim,imp.00008@acme-corp.com,Engineering,Engineer,L6,DK,2023-11-20,532280,DKK
IMP-00009,Thomas,Mehta,imp.00009@acme-corp.com,Engineering,Engineer,L3,IN,2018-02-01,2554998,INR
IMP-00010,Omar,Martin,imp.00010@acme-corp.com,Engineering,Engineer,L6,SE,2019-04-22,830729,SEK
IMP-00011,Yuki,Jackson,imp.00011@acme-corp.com,Design,Designer,L4,US,2024-05-07,186736,USD
IMP-00012,Sakura,Wu,imp.00012@acme-corp.com,Engineering,Engineer,L5,ES,2018-05-12,116135,EUR
IMP-00013,Carmen,Simon,imp.00013@acme-corp.com,Operations,Manager,L4,GB,2016-03-20,77731,GBP
IMP-00014,Hiroshi,Simon,imp.00014@acme-corp.com,Sales,Analyst,L2,NL,2023-03-28,131769,EUR
IMP-00015,Zhang,Thomas,imp.00015@acme-corp.com,Finance,Analyst,L2,HK,2024-07-27,696327,HKD
IMP-00016,Ibrahim,Sharma,imp.00016@acme-corp.com,Finance,Analyst,L5,ES,2023-05-17,97054,EUR
IMP-00017,Joseph,Davis,imp.00017@acme-corp.com,Finance,Analyst,L1,US,2023-02-16,73443,USD
IMP-00018,Rahul,Moore,imp.00018@acme-corp.com,Engineering,Engineer,L6,FR,2019-03-25,74143,EUR
IMP-00019,Luis,Taylor,imp.00019@acme-corp.com,Sales,Analyst,L1,FR,2021-05-21,103577,EUR
IMP-00020,Chen,Park,imp.00020@acme-corp.com,Finance,Analyst,L2,SE,2018-11-26,724679,SEK
IMP-00021,Linda,Wilson,imp.00021@acme-corp.com,Sales,Analyst,L4,DE,2021-08-16,126900,EUR
IMP-00022,Takeshi,Singh,imp.00022@acme-corp.com,Engineering,Engineer,L6,CA,2024-05-18,109746,CAD
IMP-00023,Linda,Xu,imp.00023@acme-corp.com,Engineering,Engineer,L6,DE,2024-03-19,148916,EUR
IMP-00024,Joseph,Williams,imp.00024@acme-corp.com,Engineering,Engineer,L4,ZA,2021-09-23,393647,ZAR
IMP-00025,Carmen,Becker,imp.00025@acme-corp.com,Engineering,Engineer,L5,CA,2022-05-07,112459,CAD
IMP-00026,Kenji,Martin,imp.00026@acme-corp.com,Finance,Analyst,L4,CH,2022-07-19,116045,CHF
IMP-00027,Luis,Kang,imp.00027@acme-corp.com,Sales,Analyst,L5,IN,2015-07-03,4231908,INR
IMP-00028,Maria,Fischer,imp.00028@acme-corp.com,Operations,Manager,L3,IN,2015-03-19,1577688,INR
IMP-00029,Ji-young,Klein,imp.00029@acme-corp.com,Engineering,Engineer,L4,ZA,2016-11-06,1047769,ZAR
IMP-00030,Barbara,Chen,imp.00030@acme-corp.com,Finance,Analyst,L6,PL,2024-01-24,241144,PLN
IMP-00031,Jessica,Mehta,imp.00031@acme-corp.com,HR,Manager,L5,US,2018-05-25,97232,USD
IMP-00032,Elizabeth,Bernard,imp.00032@acme-corp.com,Design,Designer,L4,PL,2021-10-11,89857,PLN
IMP-00033,Priya,Laurent,imp.00033@acme-corp.com,HR,Manager,L5,IN,2020-07-29,1307305,INR
IMP-00034,Ananya,Huang,imp.00034@acme-corp.com,Sales,Analyst,L5,US,2023-08-29,144718,USD
IMP-00035,Carlos,Bernard,imp.00035@acme-corp.com,Engineering,Engineer,L1,HK,2017-05-01,313629,HKD
IMP-00036,Priya,Jones,imp.00036@acme-corp.com,Sales,Analyst,L1,KR,2015-07-19,84138098,KRW
IMP-00037,Akiko,Richter,imp.00037@acme-corp.com,Sales,Analyst,L4,NL,2020-10-11,89668,EUR
IMP-00038,Jose,Zhang,imp.00038@acme-corp.com,Operations,Manager,L4,NL,2017-01-16,95578,EUR
IMP-00039,Ji-young,Huang,imp.00039@acme-corp.com,Sales,Analyst,L3,US,2015-10-29,212169,USD
IMP-00040,Ananya,Zhang,imp.00040@acme-corp.com,Finance,Analyst,L4,FR,2018-03-03,86116,EUR
IMP-00041,Hiroshi,White,imp.00041@acme-corp.com,Sales,Analyst,L3,KR,2018-12-18,97731652,KRW
IMP-00042,Ibrahim,Michel,imp.00042@acme-corp.com,Engineering,Engineer,L6,US,2017-05-19,92481,USD
IMP-00043,Yuna,Anderson,imp.00043@acme-corp.com,HR,Manager,L6,GB,2019-03-13,120146,GBP
IMP-00044,Charles,Anderson,imp.00044@acme-corp.com,Engineering,Engineer,L3,CH,2015-10-23,97139,CHF
IMP-00045,Ana,Joshi,imp.00045@acme-corp.com,Engineering,Engineer,L5,DK,2024-11-03,1034059,DKK
IMP-00046,Hassan,Schmidt,imp.00046@acme-corp.com,Finance,Analyst,L4,DE,2021-12-09,91937,EUR
IMP-00047,Rosa,Wang,imp.00047@acme-corp.com,Design,Designer,L2,DE,2020-05-03,125219,EUR
IMP-00048,Carmen,Han,imp.00048@acme-corp.com,Sales,Analyst,L6,CA,2015-01-29,107185,CAD
IMP-00049,Karen,Nair,imp.00049@acme-corp.com,Sales,Analyst,L1,DE,2016-04-19,145507,EUR
IMP-00050,Isabel,Gupta,imp.00050@acme-corp.com,Sales,Analyst,L2,US,2016-05-19,89320,USD
IMP-00051,Isabel,Park,imp.00051@acme-corp.com,Operations,Manager,L4,IE,2018-03-18,62744,EUR
IMP-00052,Sung-min,Lim,imp.00052@acme-corp.com,Finance,Analyst,L6,CA,2019-06-02,81085,CAD
IMP-00053,Barbara,Kang,imp.00053@acme-corp.com,HR,Manager,L5,GB,2020-03-13,71889,GBP
IMP-00054,Ahmed,Garcia,imp.00054@acme-corp.com,Sales,Analyst,L4,PL,2023-10-18,161760,PLN
IMP-00055,Jae-won,Schmidt,imp.00055@acme-corp.com,Sales,Analyst,L5,CA,2015-01-25,152881,CAD
IMP-00056,Zhang,Becker,imp.00056@acme-corp.com,Sales,Analyst,L4,SG,2023-03-25,122972,SGD
IMP-00057,Yuna,Lim,imp.00057@acme-corp.com,Sales,Analyst,L3,PL,2017-03-22,229307,PLN
IMP-00058,Jae-won,Moore,imp.00058@acme-corp.com,Sales,Analyst,L4,CH,2015-09-09,186383,CHF
IMP-00059,Barbara,Zhou,imp.00059@acme-corp.com,Finance,Analyst,L3,CH,2017-11-17,90490,CHF
IMP-00060,Luis,Han,imp.00060@acme-corp.com,Design,Designer,L3,IN,2017-01-20,2953714,INR
IMP-00061,Michael,Jung,imp.00061@acme-corp.com,Engineering,Engineer,L6,US,2017-04-07,205980,USD
IMP-00062,Jessica,Joshi,imp.00062@acme-corp.com,Finance,Analyst,L6,MX,2020-10-20,1135497,MXN
IMP-00063,David,Zhang,imp.00063@acme-corp.com,Engineering,Engineer,L1,JP,2016-11-04,15209451,JPY
IMP-00064,Yuna,Lee,imp.00064@acme-corp.com,HR,Manager,L1,SG,2017-03-05,163149,SGD
IMP-00065,Jessica,Anderson,imp.00065@acme-corp.com,Engineering,Engineer,L4,US,2021-10-11,181063,USD
IMP-00066,Rosa,Weber,imp.00066@acme-corp.com,Design,Designer,L1,DE,2024-07-31,73727,EUR
IMP-00067,David,Sharma,imp.00067@acme-corp.com,Finance,Analyst,L6,US,2023-08-08,113101,USD
IMP-00068,Min,White,imp.00068@acme-corp.com,Operations,Manager,L5,KR,2018-04-25,40695834,KRW
IMP-00069,Ana,Davis,imp.00069@acme-corp.com,Finance,Analyst,L5,DE,2016-05-14,50266,EUR
IMP-00070,Nancy,Pillai,imp.00070@acme-corp.com,Engineering,Engineer,L5,TW,2021-06-21,1712668,TWD
IMP-00071,Yuki,Moreau,imp.00071@acme-corp.com,HR,Manager,L5,HK,2016-12-29,427177,HKD
IMP-00072,Akiko,Simon,imp.00072@acme-corp.com,Sales,Analyst,L2,ES,2022-03-31,82778,EUR
IMP-00073,Nancy,Lim,imp.00073@acme-corp.com,Engineering,Engineer,L1,DK,2024-11-13,1197671,DKK
IMP-00074,Min,Lee,imp.00074@acme-corp.com,Operations,Manager,L5,ES,2017-03-17,126983,EUR
IMP-00075,Chen,Laurent,imp.00075@acme-corp.com,Engineering,Engineer,L2,CA,2019-02-15,121625,CAD
IMP-00076,Michael,Weber,imp.00076@acme-corp.com,Finance,Analyst,L1,FR,2017-07-20,125719,EUR
IMP-00077,Ibrahim,Jung,imp.00077@acme-corp.com,HR,Manager,L4,CA,2019-06-17,151562,CAD
IMP-00078,Zhang,Anderson,imp.00078@acme-corp.com,HR,Manager,L2,US,2023-05-20,192068,USD
IMP-00079,Zhang,Martin,imp.00079@acme-corp.com,Engineering,Engineer,L3,DE,2017-11-29,123091,EUR
IMP-00080,Joseph,Garcia,imp.00080@acme-corp.com,Engineering,Engineer,L5,NL,2019-01-20,87890,EUR
IMP-00081,Ananya,Richter,imp.00081@acme-corp.com,Engineering,Engineer,L3,GB,2022-04-13,86744,GBP
IMP-00082,Sakura,Liu,imp.00082@acme-corp.com,Sales,Analyst,L3,US,2023-10-11,168660,USD
IMP-00083,Jennifer,Li,imp.00083@acme-corp.com,Sales,Analyst,L2,US,2022-02-04,209103,USD
IMP-00084,Rahul,Taylor,imp.00084@acme-corp.com,Sales,Analyst,L2,TW,2020-05-19,2207694,TWD
IMP-00085,Mei,Wang,imp.00085@acme-corp.com,Sales,Analyst,L3,KR,2022-05-08,95939091,KRW
IMP-00086,Jae-won,Moreau,imp.00086@acme-corp.com,Operations,Manager,L2,IN,2024-08-17,4319241,INR
IMP-00087,Hiroshi,Thompson,imp.00087@acme-corp.com,Design,Designer,L2,PL,2016-03-22,204310,PLN
IMP-00088,Jessica,Li,imp.00088@acme-corp.com,Engineering,Engineer,L4,MX,2015-09-15,383808,MXN
IMP-00089,Michael,Taylor,imp.00089@acme-corp.com,Sales,Analyst,L2,AE,2021-07-18,262112,AED
IMP-00090,Nancy,Lee,imp.00090@acme-corp.com,Sales,Analyst,L5,JP,2015-11-30,15820580,JPY
IMP-00091,Rosa,Sharma,imp.00091@acme-corp.com,Engineering,Engineer,L6,US,2016-10-02,82255,USD
IMP-00092,Carmen,Lee,imp.00092@acme-corp.com,Engineering,Engineer,L3,TW,2015-07-23,1531627,TWD
IMP-00093,Mei,Zhang,imp.00093@acme-corp.com,Sales,Analyst,L6,MX,2015-03-28,983842,MXN
IMP-00094,Wei,Dupont,imp.00094@acme-corp.com,Engineering,Engineer,L1,PL,2017-09-28,140264,PLN
IMP-00095,Ahmed,Park,imp.00095@acme-corp.com,Operations,Manager,L1,ES,2022-06-20,132207,EUR
IMP-00096,Joseph,Han,imp.00096@acme-corp.com,Finance,Analyst,L4,AE,2022-07-12,442169,AED
IMP-00097,Ana,Jackson,imp.00097@acme-corp.com,Engineering,Engineer,L5,MX,2023-10-13,516624,MXN
IMP-00098,Carmen,Lee,imp.00098@acme-corp.com,Sales,Analyst,L5,ZA,2019-05-14,599380,ZAR
IMP-00099,Jose,Yoon,imp.00099@acme-corp.com,Operations,Manager,L5,DE,2016-12-28,98063,EUR
IMP-00100,David,Garcia,imp.00100@acme-corp.com,Engineering,Engineer,L2,NO,2022-08-29,553289,NOK
IMP-00101,Fatima,Becker,imp.00101@acme-corp.com,Operations,Manager,L6,SE,2023-05-29,931409,SEK
IMP-00102,Carmen,Martin,imp.00102@acme-corp.com,HR,Manager,L1,DE,2015-08-20,99480,EUR
IMP-00103,Mei,Simon,imp.00103@acme-corp.com,HR,Manager,L5,ZA,2021-11-17,326047,ZAR
IMP-00104,Zhang,Roux,imp.00104@acme-corp.com,Engineering,Engineer,L3,PL,2018-09-02,104804,PLN
IMP-00105,Elizabeth,Xu,imp.00105@acme-corp.com,Engineering,Engineer,L5,DE,2024-09-20,111976,EUR
IMP-00106,Layla,Michel,imp.00106@acme-corp.com,Finance,Analyst,L5,DK,2018-05-20,726696,DKK
IMP-00107,Akiko,Schulz,imp.00107@acme-corp.com,Engineering,Engineer,L1,JP,2019-11-16,17588164,JPY
IMP-00108,Michael,Bernard,imp.00108@acme-corp.com,Operations,Manager,L1,ES,2024-12-26,72244,EUR
IMP-00109,Jae-won,Zhou,imp.00109@acme-corp.com,Engineering,Engineer,L5,US,2016-10-15,165534,USD
IMP-00110,Ibrahim,Choi,imp.00110@acme-corp.com,Finance,Analyst,L4,AE,2016-06-14,272024,AED
IMP-00111,Jennifer,Martin,imp.00111@acme-corp.com,Finance,Analyst,L1,US,2017-09-04,149020,USD
IMP-00112,James,Williams,imp.00112@acme-corp.com,Operations,Manager,L5,NO,2024-08-02,1037108,NOK
IMP-00113,James,Taylor,imp.00113@acme-corp.com,Sales,Analyst,L3,US,2020-03-06,102398,USD
IMP-00114,Jennifer,Roux,imp.00114@acme-corp.com,Finance,Analyst,L3,TW,2018-01-10,1328240,TWD
IMP-00115,Nancy,Smith,imp.00115@acme-corp.com,HR,Manager,L6,DK,2017-06-03,646370,DKK
IMP-00116,Linda,Williams,imp.00116@acme-corp.com,Sales,Analyst,L3,TW,2015-09-26,3089911,TWD
IMP-00117,Ahmed,Fischer,imp.00117@acme-corp.com,Operations,Manager,L6,AE,2023-06-20,504354,AED
IMP-00118,Zara,White,imp.00118@acme-corp.com,Finance,Analyst,L5,US,2016-05-15,166325,USD
IMP-00119,Ananya,Pillai,imp.00119@acme-corp.com,Sales,Analyst,L4,IE,2016-09-06,142116,EUR
IMP-00120,Hiroshi,Nair,imp.00120@acme-corp.com,Finance,Analyst,L1,SG,2018-02-21,128953,SGD
IMP-00121,Ana,Gupta,imp.00121@acme-corp.com,Engineering,Engineer,L5,IE,2024-11-02,111508,EUR
IMP-00122,Susan,Li,imp.00122@acme-corp.com,Finance,Analyst,L1,US,2019-07-09,99883,USD
IMP-00123,Liu,Jones,imp.00123@acme-corp.com,HR,Manager,L6,GB,2021-12-29,156266,GBP
IMP-00124,Nancy,Huang,imp.00124@acme-corp.com,Engineering,Engineer,L5,CH,2021-02-03,101482,CHF
IMP-00125,Maria,Zhang,imp.00125@acme-corp.com,Engineering,Engineer,L4,SE,2023-05-11,688320,SEK
IMP-00126,Richard,Simon,imp.00126@acme-corp.com,Operations,Manager,L4,IE,2019-12-10,121052,EUR
IMP-00127,Rosa,Braun,imp.00127@acme-corp.com,Finance,Analyst,L4,CH,2016-06-25,164144,CHF
IMP-00128,Ananya,Moreau,imp.00128@acme-corp.com,Engineering,Engineer,L2,SG,2020-11-22,162225,SGD
IMP-00129,Hiroshi,Fischer,imp.00129@acme-corp.com,Engineering,Engineer,L4,DE,2020-06-05,54095,EUR
IMP-00130,Yuki,Klein,imp.00130@acme-corp.com,Engineering,Engineer,L3,US,2021-05-02,124248,USD
IMP-00131,Zara,Chen,imp.00131@acme-corp.com,Finance,Analyst,L1,MX,2020-04-02,622043,MXN
IMP-00132,Maria,Martinez,imp.00132@acme-corp.com,Engineering,Engineer,L4,DE,2021-11-21,138510,EUR
IMP-00133,David,Sharma,imp.00133@acme-corp.com,Engineering,Engineer,L1,IE,2018-09-06,146524,EUR
IMP-00134,Sung-min,Xu,imp.00134@acme-corp.com,Engineering,Engineer,L1,IN,2022-05-13,2183047,INR
IMP-00135,Fatima,Brown,imp.00135@acme-corp.com,Engineering,Engineer,L4,NL,2016-09-21,137393,EUR
IMP-00136,Patricia,Fischer,imp.00136@acme-corp.com,Design,Designer,L5,DK,2019-11-10,771211,DKK
IMP-00137,Layla,Garcia,imp.00137@acme-corp.com,Engineering,Engineer,L3,DK,2023-03-11,451278,DKK
IMP-00138,Rahul,White,imp.00138@acme-corp.com,Sales,Analyst,L6,DE,2021-01-04,142514,EUR
IMP-00139,Jae-won,Zhang,imp.00139@acme-corp.com,Engineering,Engineer,L5,JP,2023-11-14,17542108,JPY
IMP-00140,David,Joshi,imp.00140@acme-corp.com,Engineering,Engineer,L5,DE,2020-02-06,76745,EUR
IMP-00141,Hiroshi,Wilson,imp.00141@acme-corp.com,Sales,Analyst,L5,SE,2018-12-21,1141521,SEK
IMP-00142,Isabel,Kim,imp.00142@acme-corp.com,Engineering,Engineer,L1,DE,2016-10-03,63163,EUR
IMP-00143,Takeshi,Mehta,imp.00143@acme-corp.com,HR,Manager,L3,IE,2021-07-23,132910,EUR
IMP-00144,Layla,Kim,imp.00144@acme-corp.com,Sales,Analyst,L4,HK,2019-09-21,348333,HKD
IMP-00145,Susan,Fischer,imp.00145@acme-corp.com,Finance,Analyst,L3,PL,2024-03-13,76531,PLN
IMP-00146,Ji-young,Zhou,imp.00146@acme-corp.com,Sales,Analyst,L5,US,2021-02-10,210266,USD
IMP-00147,Patricia,Garcia,imp.00147@acme-corp.com,Sales,Analyst,L5,NL,2017-09-07,103286,EUR
IMP-00148,Yuki,Yang,imp.00148@acme-corp.com,Finance,Analyst,L5,SE,2020-02-19,871349,SEK
IMP-00149,Jose,Thompson,imp.00149@acme-corp.com,HR,Manager,L2,JP,2023-11-12,5127132,JPY
IMP-00150,Ibrahim,Jones,imp.00150@acme-corp.com,Sales,Analyst,L4,US,2017-03-01,63258,USD
IMP-00151,Ahmed,Martin,imp.00151@acme-corp.com,Engineering,Engineer,L2,MX,2023-09-17,630384,MXN
IMP-00152,David,Schulz,imp.00152@acme-corp.com,Finance,Analyst,L4,GB,2021-05-14,124232,GBP
IMP-00153,Luis,Lee,imp.00153@acme-corp.com,Design,Designer,L5,ZA,2018-03-08,1070948,ZAR
IMP-00154,Layla,Dupont,imp.00154@acme-corp.com,Engineering,Engineer,L6,IN,2015-06-30,1046065,INR
IMP-00155,Yuna,Yoon,imp.00155@acme-corp.com,Engineering,Engineer,L4,KR,2015-04-27,69176223,KRW
IMP-00156,Maria,Anderson,imp.00156@acme-corp.com,HR,Manager,L2,DE,2021-03-30,50797,EUR
IMP-00157,Nancy,Schulz,imp.00157@acme-corp.com,Sales,Analyst,L2,IN,2023-03-10,1413070,INR
IMP-00158,Carlos,Williams,imp.00158@acme-corp.com,Engineering,Engineer,L2,PL,2018-09-16,151168,PLN
IMP-00159,Yuki,Bernard,imp.00159@acme-corp.com,Finance,Analyst,L5,DE,2021-05-25,59353,EUR
IMP-00160,Omar,Jackson,imp.00160@acme-corp.com,Sales,Analyst,L1,US,2022-12-28,151569,USD
IMP-00161,Carmen,Thompson,imp.00161@acme-corp.com,Engineering,Engineer,L4,IN,2022-06-06,1779028,INR
IMP-00162,Aisha,Jung,imp.00162@acme-corp.com,Operations,Manager,L3,NO,2020-10-05,1351103,NOK
IMP-00163,Rosa,Huang,imp.00163@acme-corp.com,Engineering,Engineer,L1,SE,2022-04-11,1178547,SEK
IMP-00164,Omar,Jackson,imp.00164@acme-corp.com,Operations,Manager,L4,GB,2019-12-04,127150,GBP
IMP-00165,Isabel,Smith,imp.00165@acme-corp.com,HR,Manager,L5,KR,2016-07-11,49409378,KRW
IMP-00166,Jose,Sharma,imp.00166@acme-corp.com,HR,Manager,L1,SG,2017-08-16,187696,SGD
IMP-00167,Carmen,Smith,imp.00167@acme-corp.com,Operations,Manager,L2,HK,2022-02-17,503029,HKD
IMP-00168,Aisha,Davis,imp.00168@acme-corp.com,Engineering,Engineer,L5,NO,2017-10-22,578371,NOK
IMP-00169,Zhang,Martinez,imp.00169@acme-corp.com,HR,Manager,L1,IN,2019-09-12,2627131,INR
IMP-00170,Pedro,Park,imp.00170@acme-corp.com,Engineering,Engineer,L3,KR,2022-08-18,123512497,KRW
IMP-00171,Zhang,Weber,imp.00171@acme-corp.com,Finance,Analyst,L3,US,2023-02-06,206049,USD
IMP-00172,Charles,Joshi,imp.00172@acme-corp.com,Sales,Analyst,L5,IN,2016-08-05,3972005,INR
IMP-00173,Ananya,Wilson,imp.00173@acme-corp.com,Finance,Analyst,L1,PL,2020-10-19,221562,PLN
IMP-00174,Luis,Dupont,imp.00174@acme-corp.com,Sales,Analyst,L5,AU,2024-10-04,92092,AUD
IMP-00175,Omar,Garcia,imp.00175@acme-corp.com,Sales,Analyst,L2,IN,2017-01-08,2490582,INR
IMP-00176,Richard,Pillai,imp.00176@acme-corp.com,Operations,Manager,L5,US,2016-09-23,186855,USD
IMP-00177,Akiko,Martin,imp.00177@acme-corp.com,Operations,Manager,L3,JP,2020-08-26,15825362,JPY
IMP-00178,Fatima,Braun,imp.00178@acme-corp.com,Engineering,Engineer,L5,US,2020-06-14,118877,USD
IMP-00179,Michael,Wang,imp.00179@acme-corp.com,HR,Manager,L1,KR,2023-09-28,71811543,KRW
IMP-00180,Liu,Bernard,imp.00180@acme-corp.com,Engineering,Engineer,L1,DE,2018-12-01,112869,EUR
IMP-00181,Sakura,Lee,imp.00181@acme-corp.com,Finance,Analyst,L3,TW,2015-01-14,1801200,TWD
IMP-00182,Carlos,Richter,imp.00182@acme-corp.com,Operations,Manager,L1,US,2020-01-28,98594,USD
IMP-00183,William,Pillai,imp.00183@acme-corp.com,Engineering,Engineer,L6,US,2015-10-02,127811,USD
IMP-00184,Maria,Williams,imp.00184@acme-corp.com,Finance,Analyst,L2,PL,2015-09-16,116748,PLN
IMP-00185,Richard,Zhang,imp.00185@acme-corp.com,Engineering,Engineer,L1,DE,2024-05-28,114875,EUR
IMP-00186,Ana,Wang,imp.00186@acme-corp.com,Engineering,Engineer,L5,MX,2023-03-29,918568,MXN
IMP-00187,Priya,Michel,imp.00187@acme-corp.com,Sales,Analyst,L5,US,2022-07-05,127804,USD
IMP-00188,Susan,Yoon,imp.00188@acme-corp.com,Engineering,Engineer,L3,NO,2019-12-10,1373407,NOK
IMP-00189,Omar,Kim,imp.00189@acme-corp.com,Engineering,Engineer,L1,AE,2022-03-30,360477,AED
IMP-00190,Yusuf,Müller,imp.00190@acme-corp.com,HR,Manager,L6,MX,2021-09-14,574518,MXN
IMP-00191,Aisha,Jones,imp.00191@acme-corp.com,Operations,Manager,L4,MX,2018-06-10,389309,MXN
IMP-00192,Arjun,Yang,imp.00192@acme-corp.com,Finance,Analyst,L2,SE,2022-06-19,1194278,SEK
IMP-00193,Jae-won,Taylor,imp.00193@acme-corp.com,Finance,Analyst,L4,NL,2019-03-20,89986,EUR
IMP-00194,Isabel,Fischer,imp.00194@acme-corp.com,Finance,Analyst,L4,HK,2022-06-23,316927,HKD
IMP-00195,Luis,Davis,imp.00195@acme-corp.com,Operations,Manager,L6,ZA,2020-05-26,1052127,ZAR
IMP-00196,Jose,Xu,imp.00196@acme-corp.com,Finance,Analyst,L6,US,2023-12-28,127305,USD
IMP-00197,David,Park,imp.00197@acme-corp.com,Engineering,Engineer,L6,CH,2018-12-25,149277,CHF
IMP-00198,Nancy,Mehta,imp.00198@acme-corp.com,Finance,Analyst,L1,US,2022-12-12,190210,USD
IMP-00199,Sakura,Wilson,imp.00199@acme-corp.com,Engineering,Engineer,L3,ES,2023-05-05,75508,EUR
IMP-00200,Linda,Becker,imp.00200@acme-corp.com,HR,Manager,L3,GB,2015-04-05,69165,GBP
IMP-00201,Sung-min,Hernandez,imp.00201@acme-corp.com,Finance,Analyst,L6,US,2021-05-24,70494,USD
IMP-00202,Yuki,Lee,imp.00202@acme-corp.com,Engineering,Engineer,L6,US,2018-08-17,78063,USD
IMP-00203,Ahmed,Wang,imp.00203@acme-corp.com,Finance,Analyst,L2,DK,2022-06-05,901998,DKK
IMP-00204,Ana,Xu,imp.00204@acme-corp.com,Finance,Analyst,L6,IN,2023-03-08,3403230,INR
IMP-00205,Rahul,Miller,imp.00205@acme-corp.com,Finance,Analyst,L6,ES,2018-12-13,113981,EUR
IMP-00206,Joseph,White,imp.00206@acme-corp.com,Sales,Analyst,L2,NO,2018-12-02,618546,NOK
IMP-00207,Chen,Miller,imp.00207@acme-corp.com,Finance,Analyst,L4,US,2020-02-12,104251,USD
IMP-00208,Charles,Johnson,imp.00208@acme-corp.com,Sales,Analyst,L2,IE,2020-03-05,123656,EUR
IMP-00209,Layla,Zhou,imp.00209@acme-corp.com,Engineering,Engineer,L6,PL,2024-05-13,140822,PLN
IMP-00210,Ji-young,Martinez,imp.00210@acme-corp.com,Engineering,Engineer,L3,IE,2019-02-22,107803,EUR
IMP-00211,Ibrahim,Yoon,imp.00211@acme-corp.com,Engineering,Engineer,L2,NO,2017-02-07,788643,NOK
IMP-00212,Ahmed,Jones,imp.00212@acme-corp.com,Engineering,Engineer,L5,TW,2015-03-08,3441878,TWD
IMP-00213,Karen,Han,imp.00213@acme-corp.com,Sales,Analyst,L5,US,2023-11-27,117608,USD
IMP-00214,Thomas,Chen,imp.00214@acme-corp.com,Engineering,Engineer,L5,HK,2018-08-05,934489,HKD
IMP-00215,Yuki,Hoffmann,imp.00215@acme-corp.com,Operations,Manager,L3,NO,2022-03-03,1086386,NOK
IMP-00216,Sarah,Wilson,imp.00216@acme-corp.com,Engineering,Engineer,L5,DK,2018-02-02,1158113,DKK
IMP-00217,Fatima,Kim,imp.00217@acme-corp.com,Sales,Analyst,L6,SE,2016-07-11,996106,SEK
IMP-00218,Susan,Yang,imp.00218@acme-corp.com,Engineering,Engineer,L3,TW,2024-02-16,1512171,TWD
IMP-00219,Priya,Müller,imp.00219@acme-corp.com,Sales,Analyst,L5,PL,2023-01-08,199173,PLN
IMP-00220,Ananya,Miller,imp.00220@acme-corp.com,HR,Manager,L3,KR,2023-05-18,57883208,KRW
IMP-00221,Nancy,Davis,imp.00221@acme-corp.com,Sales,Analyst,L3,DK,2018-08-13,1027483,DKK
IMP-00222,Richard,Michel,imp.00222@acme-corp.com,Operations,Manager,L5,JP,2023-05-29,14792582,JPY
IMP-00223,Nancy,Nair,imp.00223@acme-corp.com,Engineering,Engineer,L4,ES,2023-05-06,67930,EUR
IMP-00224,Charles,Roux,imp.00224@acme-corp.com,Engineering,Engineer,L3,US,2021-02-03,172266,USD
IMP-00225,Zara,Davis,imp.00225@acme-corp.com,Engineering,Engineer,L5,PL,2021-05-29,213242,PLN
IMP-00226,Ji-young,Brown,imp.00226@acme-corp.com,Operations,Manager,L3,ZA,2020-11-10,701361,ZAR
IMP-00227,Yuki,Davis,imp.00227@acme-corp.com,Engineering,Engineer,L1,DE,2023-03-30,143915,EUR
IMP-00228,Yuki,Hernandez,imp.00228@acme-corp.com,Finance,Analyst,L1,NL,2022-11-16,146038,EUR
IMP-00229,Luis,Martin,imp.00229@acme-corp.com,HR,Manager,L2,GB,2016-08-17,111369,GBP
IMP-00230,Ibrahim,Zhang,imp.00230@acme-corp.com,Sales,Analyst,L3,ZA,2022-12-18,746106,ZAR
IMP-00231,Sung-min,Chen,imp.00231@acme-corp.com,Operations,Manager,L6,DK,2020-09-15,523065,DKK
IMP-00232,Jose,Song,imp.00232@acme-corp.com,Finance,Analyst,L2,US,2024-12-11,204213,USD
IMP-00233,Zara,Weber,imp.00233@acme-corp.com,Sales,Analyst,L5,IE,2024-03-05,132138,EUR
IMP-00234,Richard,Park,imp.00234@acme-corp.com,Engineering,Engineer,L3,DE,2020-01-07,112768,EUR
IMP-00235,Chen,Klein,imp.00235@acme-corp.com,Sales,Analyst,L5,NL,2016-10-20,139770,EUR
IMP-00236,Aisha,Kim,imp.00236@acme-corp.com,Design,Designer,L6,US,2015-11-18,125686,USD
IMP-00237,Wei,Johnson,imp.00237@acme-corp.com,Sales,Analyst,L4,HK,2024-03-02,663996,HKD
IMP-00238,Ana,Braun,imp.00238@acme-corp.com,Operations,Manager,L2,US,2017-09-17,167197,USD
IMP-00239,Susan,Lee,imp.00239@acme-corp.com,Sales,Analyst,L3,US,2024-11-06,87509,USD
IMP-00240,Patricia,Huang,imp.00240@acme-corp.com,Engineering,Engineer,L4,IE,2021-02-08,118244,EUR
IMP-00241,Pedro,Laurent,imp.00241@acme-corp.com,Operations,Manager,L5,US,2021-05-13,102017,USD
IMP-00242,Elizabeth,Wu,imp.00242@acme-corp.com,Design,Designer,L4,AE,2021-08-10,319299,AED
IMP-00243,Hiroshi,Kumar,imp.00243@acme-corp.com,Engineering,Engineer,L2,PL,2020-10-21,73921,PLN
IMP-00244,Robert,Patel,imp.00244@acme-corp.com,Engineering,Engineer,L1,HK,2021-01-05,688847,HKD
IMP-00245,Richard,Choi,imp.00245@acme-corp.com,Operations,Manager,L3,DE,2016-01-09,138232,EUR
IMP-00246,Jennifer,Liu,imp.00246@acme-corp.com,Engineering,Engineer,L4,PL,2017-05-25,61768,PLN
IMP-00247,Jessica,Chen,imp.00247@acme-corp.com,Engineering,Engineer,L3,US,2016-09-05,93323,USD
IMP-00248,Carmen,Wang,imp.00248@acme-corp.com,Finance,Analyst,L5,JP,2017-11-02,9777510,JPY
IMP-00249,Rahul,White,imp.00249@acme-corp.com,HR,Manager,L3,US,2021-01-17,117452,USD
IMP-00250,Sakura,Chen,imp.00250@acme-corp.com,Sales,Analyst,L4,IN,2021-12-26,3416976,INR
IMP-00251,Sakura,Klein,imp.00251@acme-corp.com,Engineering,Engineer,L6,FR,2021-03-01,107250,EUR
IMP-00252,Omar,Müller,imp.00252@acme-corp.com,Design,Designer,L6,AE,2018-10-24,235458,AED
IMP-00253,Zhang,Davis,imp.00253@acme-corp.com,Finance,Analyst,L5,TW,2015-12-29,2411046,TWD
IMP-00254,Takeshi,Han,imp.00254@acme-corp.com,Engineering,Engineer,L2,US,2022-07-21,140938,USD
IMP-00255,Akiko,Jung,imp.00255@acme-corp.com,Sales,Analyst,L1,US,2020-07-22,95545,USD
IMP-00256,Zhang,Becker,imp.00256@acme-corp.com,Finance,Analyst,L3,HK,2024-01-26,698395,HKD
IMP-00257,Patricia,Moreau,imp.00257@acme-corp.com,Engineering,Engineer,L6,FR,2019-10-01,140403,EUR
IMP-00258,Arjun,Taylor,imp.00258@acme-corp.com,Sales,Analyst,L5,NL,2016-09-03,118466,EUR
IMP-00259,Luis,Huang,imp.00259@acme-corp.com,Engineering,Engineer,L5,TW,2024-05-25,2513678,TWD
IMP-00260,Omar,Moore,imp.00260@acme-corp.com,Engineering,Engineer,L6,GB,2023-07-08,108690,GBP
IMP-00261,Fatima,Martin,imp.00261@acme-corp.com,Engineering,Engineer,L2,AE,2022-08-20,200180,AED
IMP-00262,Min,Liu,imp.00262@acme-corp.com,Sales,Analyst,L5,DK,2017-11-23,667471,DKK
IMP-00263,David,Singh,imp.00263@acme-corp.com,Engineering,Engineer,L1,AU,2016-08-13,188993,AUD
IMP-00264,Jae-won,David,imp.00264@acme-corp.com,Operations,Manager,L5,US,2019-10-28,161087,USD
IMP-00265,Yusuf,Jackson,imp.00265@acme-corp.com,HR,Manager,L3,IE,2017-04-05,147438,EUR
IMP-00266,Charles,Brown,imp.00266@acme-corp.com,Sales,Analyst,L2,PL,2018-08-15,108130,PLN
IMP-00267,Layla,Song,imp.00267@acme-corp.com,Operations,Manager,L6,CA,2018-08-30,67688,CAD
IMP-00268,Susan,Kim,imp.00268@acme-corp.com,Sales,Analyst,L1,ES,2018-03-26,104561,EUR
IMP-00269,Richard,Fischer,imp.00269@acme-corp.com,Engineering,Engineer,L2,GB,2020-11-24,82868,GBP
IMP-00270,Liu,Richter,imp.00270@acme-corp.com,Finance,Analyst,L5,GB,2016-01-12,88176,GBP
IMP-00271,Arjun,Garcia,imp.00271@acme-corp.com,Finance,Analyst,L1,IN,2019-12-23,2271251,INR
IMP-00272,Fatima,Huang,imp.00272@acme-corp.com,Finance,Analyst,L4,ES,2022-04-22,90511,EUR
IMP-00273,Fatima,Brown,imp.00273@acme-corp.com,Finance,Analyst,L3,CA,2019-01-14,124413,CAD
IMP-00274,Ibrahim,Jung,imp.00274@acme-corp.com,Engineering,Engineer,L6,TW,2018-06-05,3488276,TWD
IMP-00275,Mei,Anderson,imp.00275@acme-corp.com,HR,Manager,L3,CA,2021-03-08,71216,CAD
IMP-00276,David,Moreau,imp.00276@acme-corp.com,Operations,Manager,L5,DK,2015-12-07,608130,DKK
IMP-00277,Karen,Schmidt,imp.00277@acme-corp.com,Engineering,Engineer,L6,DE,2019-05-09,87070,EUR
IMP-00278,Ji-young,White,imp.00278@acme-corp.com,Operations,Manager,L3,NO,2024-09-26,810061,NOK
IMP-00279,Sarah,Davis,imp.00279@acme-corp.com,Operations,Manager,L2,ZA,2024-05-07,1312418,ZAR
IMP-00280,Nancy,David,imp.00280@acme-corp.com,Finance,Analyst,L6,KR,2018-02-20,58055643,KRW
IMP-00281,Robert,Martinez,imp.00281@acme-corp.com,Operations,Manager,L6,DK,2015-10-29,910287,DKK
IMP-00282,Susan,Roux,imp.00282@acme-corp.com,HR,Manager,L4,DE,2017-09-30,114070,EUR
IMP-00283,Aisha,Gupta,imp.00283@acme-corp.com,Design,Designer,L1,US,2022-11-17,211808,USD
IMP-00284,Jessica,Schmidt,imp.00284@acme-corp.com,Sales,Analyst,L3,SE,2023-06-23,1032409,SEK
IMP-00285,Ji-young,Becker,imp.00285@acme-corp.com,Operations,Manager,L4,US,2016-06-29,174077,USD
IMP-00286,William,Garcia,imp.00286@acme-corp.com,Sales,Analyst,L4,PL,2020-10-17,231123,PLN
IMP-00287,Ahmed,Joshi,imp.00287@acme-corp.com,Sales,Analyst,L6,TW,2020-06-06,3303263,TWD
IMP-00288,Sung-min,Williams,imp.00288@acme-corp.com,Engineering,Engineer,L6,MX,2017-04-03,1180771,MXN
IMP-00289,Jessica,Hoffmann,imp.00289@acme-corp.com,Engineering,Engineer,L3,IN,2018-12-31,1926172,INR
IMP-00290,Jae-won,Thompson,imp.00290@acme-corp.com,Engineering,Engineer,L4,IE,2024-09-21,93604,EUR
IMP-00291,Jennifer,Song,imp.00291@acme-corp.com,Engineering,Engineer,L3,US,2024-11-25,153639,USD
IMP-00292,Yuki,Braun,imp.00292@acme-corp.com,Engineering,Engineer,L4,NL,2019-05-20,58452,EUR
IMP-00293,Ahmed,Roux,imp.00293@acme-corp.com,Engineering,Engineer,L5,US,2020-10-08,104168,USD
IMP-00294,Nancy,Jung,imp.00294@acme-corp.com,Operations,Manager,L6,MX,2021-02-17,991259,MXN
IMP-00295,Mei,Dupont,imp.00295@acme-corp.com,Engineering,Engineer,L2,PL,2022-12-06,166295,PLN
IMP-00296,Patricia,Richter,imp.00296@acme-corp.com,Engineering,Engineer,L1,US,2019-10-16,206397,USD
IMP-00297,Michael,Johnson,imp.00297@acme-corp.com,Engineering,Engineer,L5,MX,2023-12-31,754446,MXN
IMP-00298,Min,Jones,imp.00298@acme-corp.com,Finance,Analyst,L1,CH,2022-07-27,152830,CHF
IMP-00299,Richard,Johnson,imp.00299@acme-corp.com,Engineering,Engineer,L1,SG,2024-03-09,144696,SGD
IMP-00300,Arjun,Schmidt,imp.00300@acme-corp.com,Engineering,Engineer,L1,NL,2016-06-02,98974,EUR
IMP-00301,Fatima,Laurent,imp.00301@acme-corp.com,Engineering,Engineer,L5,MX,2020-11-10,1103436,MXN
IMP-00302,William,Smith,imp.00302@acme-corp.com,Finance,Analyst,L2,AU,2023-02-02,104256,AUD
IMP-00303,Yusuf,Wilson,imp.00303@acme-corp.com,Engineering,Engineer,L6,CA,2018-11-12,162178,CAD
IMP-00304,Min,Becker,imp.00304@acme-corp.com,Engineering,Engineer,L6,JP,2019-10-24,4770677,JPY
IMP-00305,Elizabeth,Jones,imp.00305@acme-corp.com,Engineering,Engineer,L5,NO,2015-12-27,769893,NOK
IMP-00306,Akiko,Gupta,imp.00306@acme-corp.com,Sales,Analyst,L1,IN,2017-09-21,2644159,INR
IMP-00307,Zara,Anderson,imp.00307@acme-corp.com,HR,Manager,L4,SG,2023-01-31,180839,SGD
IMP-00308,Liu,Dupont,imp.00308@acme-corp.com,Engineering,Engineer,L3,US,2024-07-30,157983,USD
IMP-00309,Ibrahim,Michel,imp.00309@acme-corp.com,Sales,Analyst,L4,GB,2021-08-30,66598,GBP
IMP-00310,Ibrahim,Garcia,imp.00310@acme-corp.com,Engineering,Engineer,L4,ZA,2022-09-27,535813,ZAR
IMP-00311,David,Taylor,imp.00311@acme-corp.com,HR,Manager,L1,DK,2020-07-20,749093,DKK
IMP-00312,Takeshi,Huang,imp.00312@acme-corp.com,Engineering,Engineer,L3,IN,2019-01-29,2937896,INR
IMP-00313,Fatima,Yoon,imp.00313@acme-corp.com,Engineering,Engineer,L1,DK,2016-04-14,1145312,DKK
IMP-00314,Ahmed,Simon,imp.00314@acme-corp.com,HR,Manager,L5,SG,2022-06-26,105995,SGD
IMP-00315,Sung-min,Li,imp.00315@acme-corp.com,Operations,Manager,L1,JP,2015-09-24,14333226,JPY
IMP-00316,Jae-won,Williams,imp.00316@acme-corp.com,Sales,Analyst,L2,ZA,2020-02-13,496242,ZAR
IMP-00317,Jae-won,Pillai,imp.00317@acme-corp.com,Finance,Analyst,L6,US,2018-06-02,134069,USD
IMP-00318,Michael,Yoon,imp.00318@acme-corp.com,Engineering,Engineer,L6,IN,2021-01-01,2217757,INR
IMP-00319,Yusuf,Becker,imp.00319@acme-corp.com,Finance,Analyst,L2,GB,2020-05-03,114211,GBP
IMP-00320,Isabel,Williams,imp.00320@acme-corp.com,Operations,Manager,L2,US,2018-12-21,65526,USD
IMP-00321,Sung-min,Mehta,imp.00321@acme-corp.com,Finance,Analyst,L4,DE,2018-02-16,125394,EUR
IMP-00322,Francisco,Zhou,imp.00322@acme-corp.com,Finance,Analyst,L4,MX,2016-03-18,1074103,MXN
IMP-00323,Yusuf,Moreau,imp.00323@acme-corp.com,HR,Manager,L6,MX,2016-11-20,643582,MXN
IMP-00324,Kenji,Michel,imp.00324@acme-corp.com,Engineering,Engineer,L2,MX,2015-05-21,1015568,MXN
IMP-00325,Luis,Reddy,imp.00325@acme-corp.com,Operations,Manager,L4,CA,2023-08-13,137831,CAD
IMP-00326,Mei,Becker,imp.00326@acme-corp.com,Finance,Analyst,L5,ZA,2022-06-23,848350,ZAR
IMP-00327,Mei,Schmidt,imp.00327@acme-corp.com,Finance,Analyst,L5,PL,2024-11-27,140864,PLN
IMP-00328,Maria,Li,imp.00328@acme-corp.com,Sales,Analyst,L6,HK,2023-08-08,491558,HKD
IMP-00329,Mei,Song,imp.00329@acme-corp.com,Engineering,Engineer,L3,SE,2015-11-04,460646,SEK
IMP-00330,Yuki,Han,imp.00330@acme-corp.com,Operations,Manager,L3,HK,2019-07-01,373990,HKD
IMP-00331,Aisha,Davis,imp.00331@acme-corp.com,Engineering,Engineer,L5,KR,2019-03-15,78413028,KRW
IMP-00332,Mei,Brown,imp.00332@acme-corp.com,Engineering,Engineer,L3,KR,2016-07-04,100886758,KRW
IMP-00333,Robert,Thompson,imp.00333@acme-corp.com,Engineering,Engineer,L4,CA,2021-08-11,67264,CAD
IMP-00334,Hiroshi,Bernard,imp.00334@acme-corp.com,Operations,Manager,L6,HK,2015-03-29,384276,HKD
IMP-00335,Arjun,Bernard,imp.00335@acme-corp.com,Finance,Analyst,L4,ZA,2018-09-09,1020078,ZAR
IMP-00336,Linda,Lim,imp.00336@acme-corp.com,Sales,Analyst,L1,DK,2016-04-07,427103,DKK
IMP-00337,Isabel,Garcia,imp.00337@acme-corp.com,Engineering,Engineer,L2,GB,2017-01-08,98670,GBP
IMP-00338,Chen,Roux,imp.00338@acme-corp.com,HR,Manager,L4,DE,2015-02-27,131401,EUR
IMP-00339,William,Reddy,imp.00339@acme-corp.com,Finance,Analyst,L4,ZA,2018-08-13,1063880,ZAR
IMP-00340,Zara,Simon,imp.00340@acme-corp.com,Engineering,Engineer,L1,NO,2022-02-13,1027069,NOK
IMP-00341,Francisco,Dupont,imp.00341@acme-corp.com,Finance,Analyst,L5,IN,2023-03-12,1928361,INR
IMP-00342,James,Kim,imp.00342@acme-corp.com,Finance,Analyst,L1,US,2024-03-20,131585,USD
IMP-00343,Sarah,Jones,imp.00343@acme-corp.com,Engineering,Engineer,L3,AU,2018-09-30,136629,AUD
IMP-00344,Barbara,Gupta,imp.00344@acme-corp.com,Engineering,Engineer,L6,NO,2018-03-06,1224247,NOK
IMP-00345,Jennifer,Thomas,imp.00345@acme-corp.com,Operations,Manager,L6,AU,2022-12-14,110909,AUD
IMP-00346,Yuki,Williams,imp.00346@acme-corp.com,Finance,Analyst,L6,IN,2016-05-21,2308197,INR
IMP-00347,Zhang,Chen,imp.00347@acme-corp.com,Engineering,Engineer,L6,IE,2021-11-08,111759,EUR
IMP-00348,David,Kumar,imp.00348@acme-corp.com,Operations,Manager,L3,CH,2021-07-27,130393,CHF
IMP-00349,Wei,Anderson,imp.00349@acme-corp.com,HR,Manager,L2,ZA,2015-01-28,609501,ZAR
IMP-00350,Min,Bernard,imp.00350@acme-corp.com,Design,Designer,L5,NL,2018-11-09,137872,EUR
IMP-00351,Carmen,Lee,imp.00351@acme-corp.com,Engineering,Engineer,L4,ZA,2015-01-25,821343,ZAR
IMP-00352,David,Garcia,imp.00352@acme-corp.com,Operations,Manager,L1,IN,2020-09-18,2872538,INR
IMP-00353,Mary,Klein,imp.00353@acme-corp.com,Design,Designer,L6,DE,2020-05-19,120122,EUR
IMP-00354,Wei,Xu,imp.00354@acme-corp.com,Design,Designer,L6,SE,2015-07-22,1036516,SEK
IMP-00355,Ahmed,Wu,imp.00355@acme-corp.com,Operations,Manager,L4,US,2017-02-22,171639,USD
IMP-00356,Mary,Gupta,imp.00356@acme-corp.com,Engineering,Engineer,L4,US,2018-12-06,204024,USD
IMP-00357,Robert,Simon,imp.00357@acme-corp.com,Sales,Analyst,L5,DK,2021-11-28,890045,DKK
IMP-00358,James,Pillai,imp.00358@acme-corp.com,Sales,Analyst,L1,IE,2021-07-10,108049,EUR
IMP-00359,Richard,White,imp.00359@acme-corp.com,HR,Manager,L2,DE,2021-05-24,144286,EUR
IMP-00360,Yuna,Klein,imp.00360@acme-corp.com,Sales,Analyst,L4,DE,2024-03-29,89749,EUR
IMP-00361,Karen,Fischer,imp.00361@acme-corp.com,Engineering,Engineer,L6,ES,2015-02-23,74380,EUR
IMP-00362,Mary,Sharma,imp.00362@acme-corp.com,Engineering,Engineer,L4,CH,2015-03-03,181617,CHF
IMP-00363,Rahul,Richter,imp.00363@acme-corp.com,Operations,Manager,L1,CH,2024-04-22,170514,CHF
IMP-00364,Robert,Xu,imp.00364@acme-corp.com,Engineering,Engineer,L5,HK,2023-08-18,1080118,HKD
IMP-00365,Zhang,Kumar,imp.00365@acme-corp.com,Engineering,Engineer,L1,DE,2016-04-17,99336,EUR
IMP-00366,Mei,Patel,imp.00366@acme-corp.com,Sales,Analyst,L2,NO,2022-10-23,502305,NOK
IMP-00367,Richard,Laurent,imp.00367@acme-corp.com,Engineering,Engineer,L1,US,2015-01-29,71206,USD
IMP-00368,Robert,Simon,imp.00368@acme-corp.com,Sales,Analyst,L2,IN,2021-07-27,3968794,INR
IMP-00369,Maria,Liu,imp.00369@acme-corp.com,Engineering,Engineer,L1,MX,2017-11-12,544782,MXN
IMP-00370,Pedro,Martin,imp.00370@acme-corp.com,Sales,Analyst,L4,GB,2020-05-04,148155,GBP
IMP-00371,Liu,Fischer,imp.00371@acme-corp.com,Operations,Manager,L1,CH,2021-11-01,129543,CHF
IMP-00372,Ahmed,Zhang,imp.00372@acme-corp.com,HR,Manager,L5,SE,2020-12-05,743308,SEK
IMP-00373,Jessica,Kim,imp.00373@acme-corp.com,Engineering,Engineer,L6,JP,2015-05-26,8297530,JPY
IMP-00374,Jose,Singh,imp.00374@acme-corp.com,Engineering,Engineer,L5,ZA,2015-03-15,524324,ZAR
IMP-00375,Liu,Garcia,imp.00375@acme-corp.com,Finance,Analyst,L4,CA,2017-07-12,124285,CAD
IMP-00376,Sarah,Han,imp.00376@acme-corp.com,Operations,Manager,L5,FR,2024-08-14,98796,EUR
IMP-00377,Richard,Braun,imp.00377@acme-corp.com,Engineering,Engineer,L4,NO,2017-06-07,919159,NOK
IMP-00378,Mary,Taylor,imp.00378@acme-corp.com,Operations,Manager,L3,ES,2021-04-16,87422,EUR
IMP-00379,Takeshi,Huang,imp.00379@acme-corp.com,Engineering,Engineer,L4,FR,2023-06-25,99849,EUR
IMP-00380,Carlos,Brown,imp.00380@acme-corp.com,HR,Manager,L4,FR,2018-06-26,69915,EUR
IMP-00381,Min,Wang,imp.00381@acme-corp.com,Operations,Manager,L2,AU,2020-08-12,143041,AUD
IMP-00382,Aisha,Yoon,imp.00382@acme-corp.com,Finance,Analyst,L6,US,2024-09-22,192792,USD
IMP-00383,Yuna,Patel,imp.00383@acme-corp.com,Engineering,Engineer,L3,DE,2018-10-07,102026,EUR
IMP-00384,Patricia,Becker,imp.00384@acme-corp.com,HR,Manager,L2,NL,2018-04-10,102860,EUR
IMP-00385,Sarah,Kumar,imp.00385@acme-corp.com,Engineering,Engineer,L4,KR,2020-02-16,63888120,KRW
IMP-00386,Patricia,Schulz,imp.00386@acme-corp.com,Sales,Analyst,L6,MX,2023-02-12,1133649,MXN
IMP-00387,Mary,Braun,imp.00387@acme-corp.com,Sales,Analyst,L3,SE,2015-02-13,826333,SEK
IMP-00388,Francisco,Reddy,imp.00388@acme-corp.com,HR,Manager,L5,PL,2019-04-04,201957,PLN
IMP-00389,Hiroshi,Park,imp.00389@acme-corp.com,Engineering,Engineer,L2,TW,2017-04-26,2255295,TWD
IMP-00390,Michael,Lim,imp.00390@acme-corp.com,Engineering,Engineer,L4,IE,2020-01-16,95601,EUR
IMP-00391,Sakura,Kumar,imp.00391@acme-corp.com,Engineering,Engineer,L1,NO,2022-01-10,1127397,NOK
IMP-00392,Aisha,Moore,imp.00392@acme-corp.com,Operations,Manager,L2,FR,2021-06-17,56533,EUR
IMP-00393,Isabel,Wu,imp.00393@acme-corp.com,Sales,Analyst,L1,DK,2022-05-12,1132169,DKK
IMP-00394,Carlos,Brown,imp.00394@acme-corp.com,Sales,Analyst,L6,US,2023-09-26,110104,USD
IMP-00395,Elizabeth,Park,imp.00395@acme-corp.com,Operations,Manager,L3,CH,2015-12-20,94664,CHF
IMP-00396,Hassan,Gupta,imp.00396@acme-corp.com,Operations,Manager,L5,DE,2016-10-25,149241,EUR
IMP-00397,Maria,Bernard,imp.00397@acme-corp.com,Finance,Analyst,L3,AE,2017-08-02,462343,AED
IMP-00398,Zara,Hernandez,imp.00398@acme-corp.com,Design,Designer,L6,DK,2022-02-11,634781,DKK
IMP-00399,Sung-min,Garcia,imp.00399@acme-corp.com,Operations,Manager,L1,HK,2020-04-22,688393,HKD
IMP-00400,Sung-min,Wu,imp.00400@acme-corp.com,Finance,Analyst,L3,MX,2018-04-22,357611,MXN
IMP-00401,Robert,Zhou,imp.00401@acme-corp.com,HR,Manager,L2,DE,2020-12-04,76228,EUR
IMP-00402,Pedro,Singh,imp.00402@acme-corp.com,Engineering,Engineer,L5,MX,2022-09-03,462771,MXN
IMP-00403,Priya,Lee,imp.00403@acme-corp.com,Sales,Analyst,L3,CH,2017-06-07,109485,CHF
IMP-00404,Ibrahim,Roux,imp.00404@acme-corp.com,Engineering,Engineer,L4,ES,2019-04-29,67190,EUR
IMP-00405,Min,Davis,imp.00405@acme-corp.com,Engineering,Engineer,L1,GB,2021-12-24,59617,GBP
IMP-00406,Yuki,Fischer,imp.00406@acme-corp.com,Engineering,Engineer,L5,NL,2016-12-24,104511,EUR
IMP-00407,Rahul,Song,imp.00407@acme-corp.com,Operations,Manager,L5,US,2015-07-14,158813,USD
IMP-00408,Karen,White,imp.00408@acme-corp.com,Engineering,Engineer,L3,JP,2023-06-16,12820099,JPY
IMP-00409,Hassan,Miller,imp.00409@acme-corp.com,Operations,Manager,L3,US,2024-09-07,100981,USD
IMP-00410,Chen,Müller,imp.00410@acme-corp.com,Finance,Analyst,L6,SG,2022-05-21,87421,SGD
IMP-00411,Yuna,Jones,imp.00411@acme-corp.com,Finance,Analyst,L1,GB,2020-07-12,147372,GBP
IMP-00412,Min,Zhang,imp.00412@acme-corp.com,Design,Designer,L2,TW,2020-03-17,1356737,TWD
IMP-00413,Kenji,Kumar,imp.00413@acme-corp.com,Sales,Analyst,L3,KR,2017-08-15,64617124,KRW
IMP-00414,Sakura,David,imp.00414@acme-corp.com,Engineering,Engineer,L6,US,2023-02-16,206759,USD
IMP-00415,Akiko,White,imp.00415@acme-corp.com,HR,Manager,L4,US,2016-10-16,92320,USD
IMP-00416,Patricia,Gupta,imp.00416@acme-corp.com,Engineering,Engineer,L6,ES,2015-11-25,109104,EUR
IMP-00417,Zhang,Mehta,imp.00417@acme-corp.com,Engineering,Engineer,L1,DE,2018-04-23,125458,EUR
IMP-00418,Hiroshi,Xu,imp.00418@acme-corp.com,Finance,Analyst,L2,CA,2016-11-04,109272,CAD
IMP-00419,Zara,Laurent,imp.00419@acme-corp.com,Engineering,Engineer,L3,CH,2021-07-08,121469,CHF
IMP-00420,Ana,Li,imp.00420@acme-corp.com,Sales,Analyst,L2,PL,2023-01-28,212160,PLN
IMP-00421,Liu,Wilson,imp.00421@acme-corp.com,Sales,Analyst,L2,NL,2017-09-26,106142,EUR
IMP-00422,Liu,Thomas,imp.00422@acme-corp.com,Engineering,Engineer,L1,ZA,2023-12-31,955596,ZAR
IMP-00423,Hassan,Reddy,imp.00423@acme-corp.com,HR,Manager,L1,SG,2017-07-20,120933,SGD
IMP-00424,James,Roux,imp.00424@acme-corp.com,Finance,Analyst,L6,DE,2018-08-26,123574,EUR
IMP-00425,Thomas,Zhou,imp.00425@acme-corp.com,Operations,Manager,L5,PL,2023-09-16,173659,PLN
IMP-00426,Susan,Zhou,imp.00426@acme-corp.com,Operations,Manager,L2,NL,2022-02-25,98244,EUR
IMP-00427,Susan,Schulz,imp.00427@acme-corp.com,Design,Designer,L1,US,2018-08-01,156005,USD
IMP-00428,Wei,Moore,imp.00428@acme-corp.com,Operations,Manager,L1,NO,2015-02-11,559354,NOK
IMP-00429,Rosa,Williams,imp.00429@acme-corp.com,Engineering,Engineer,L5,NL,2024-03-27,111075,EUR
IMP-00430,Rosa,Yoon,imp.00430@acme-corp.com,Engineering,Engineer,L2,GB,2020-01-31,46140,GBP
IMP-00431,Linda,Braun,imp.00431@acme-corp.com,Operations,Manager,L6,GB,2015-11-26,102732,GBP
IMP-00432,Linda,Xu,imp.00432@acme-corp.com,Finance,Analyst,L4,GB,2023-08-17,58393,GBP
IMP-00433,Nancy,Jung,imp.00433@acme-corp.com,Design,Designer,L1,DK,2024-08-21,1197484,DKK
IMP-00434,Priya,Gupta,imp.00434@acme-corp.com,Operations,Manager,L3,ZA,2020-10-07,405481,ZAR
IMP-00435,James,Jones,imp.00435@acme-corp.com,Sales,Analyst,L3,US,2022-02-20,178000,USD
IMP-00436,Richard,White,imp.00436@acme-corp.com,Operations,Manager,L5,MX,2021-05-21,661813,MXN
IMP-00437,Sung-min,Lee,imp.00437@acme-corp.com,Sales,Analyst,L1,GB,2019-01-14,107472,GBP
IMP-00438,Sakura,Weber,imp.00438@acme-corp.com,Operations,Manager,L5,JP,2024-01-27,17390221,JPY
IMP-00439,Sung-min,Park,imp.00439@acme-corp.com,Operations,Manager,L1,NL,2016-02-18,130257,EUR
IMP-00440,Hiroshi,Davis,imp.00440@acme-corp.com,Design,Designer,L4,SE,2023-02-17,420831,SEK
IMP-00441,Francisco,Han,imp.00441@acme-corp.com,Sales,Analyst,L6,SE,2018-02-01,915599,SEK
IMP-00442,Ananya,Wang,imp.00442@acme-corp.com,Engineering,Engineer,L1,CH,2020-10-18,148604,CHF
IMP-00443,Yusuf,Reddy,imp.00443@acme-corp.com,Operations,Manager,L4,US,2022-11-28,89472,USD
IMP-00444,Yuna,Song,imp.00444@acme-corp.com,Engineering,Engineer,L1,CH,2021-08-05,125586,CHF
IMP-00445,Carlos,Song,imp.00445@acme-corp.com,Engineering,Engineer,L1,SG,2020-09-17,138631,SGD
IMP-00446,Ahmed,Richter,imp.00446@acme-corp.com,Sales,Analyst,L5,US,2024-05-27,67478,USD
IMP-00447,Hiroshi,Moreau,imp.00447@acme-corp.com,Engineering,Engineer,L1,AU,2024-01-30,180983,AUD
IMP-00448,Yuna,Lim,imp.00448@acme-corp.com,Finance,Analyst,L4,MX,2016-09-15,1130685,MXN
IMP-00449,Thomas,Martinez,imp.00449@acme-corp.com,Operations,Manager,L3,GB,2024-07-11,138345,GBP
IMP-00450,Sakura,Fischer,imp.00450@acme-corp.com,Operations,Manager,L2,KR,2016-04-24,71750115,KRW
IMP-00451,Jose,Garcia,imp.00451@acme-corp.com,Sales,Analyst,L1,SG,2015-10-06,143430,SGD
IMP-00452,Layla,Martin,imp.00452@acme-corp.com,Sales,Analyst,L5,MX,2020-12-16,781465,MXN
IMP-00453,Jennifer,Hoffmann,imp.00453@acme-corp.com,Engineering,Engineer,L2,MX,2015-10-09,653730,MXN
IMP-00454,Ahmed,Patel,imp.00454@acme-corp.com,Engineering,Engineer,L3,DK,2022-06-14,1067814,DKK
IMP-00455,Ana,Zhou,imp.00455@acme-corp.com,Design,Designer,L2,AE,2020-07-21,278653,AED
IMP-00456,Isabel,Moreau,imp.00456@acme-corp.com,HR,Manager,L2,US,2022-07-19,193072,USD
IMP-00457,Omar,Gupta,imp.00457@acme-corp.com,Engineering,Engineer,L1,GB,2016-05-14,61991,GBP
IMP-00458,Richard,Park,imp.00458@acme-corp.com,Engineering,Engineer,L2,HK,2017-07-14,333600,HKD
IMP-00459,Ananya,Li,imp.00459@acme-corp.com,Engineering,Engineer,L6,US,2017-11-30,65721,USD
IMP-00460,Mei,Lee,imp.00460@acme-corp.com,Operations,Manager,L4,DK,2015-01-17,808740,DKK
IMP-00461,Chen,Taylor,imp.00461@acme-corp.com,Finance,Analyst,L4,AE,2023-05-21,389163,AED
IMP-00462,Elizabeth,Wang,imp.00462@acme-corp.com,Engineering,Engineer,L3,GB,2016-01-01,138880,GBP
IMP-00463,Jessica,Davis,imp.00463@acme-corp.com,HR,Manager,L4,CA,2015-08-17,128114,CAD
IMP-00464,Patricia,Schmidt,imp.00464@acme-corp.com,Operations,Manager,L2,DE,2021-02-09,144450,EUR
IMP-00465,Sarah,Wang,imp.00465@acme-corp.com,Sales,Analyst,L6,MX,2019-05-11,382387,MXN
IMP-00466,Maria,Wu,imp.00466@acme-corp.com,HR,Manager,L6,MX,2018-12-20,486373,MXN
IMP-00467,Pedro,Reddy,imp.00467@acme-corp.com,Engineering,Engineer,L3,ES,2017-04-05,86794,EUR
IMP-00468,Zhang,Hoffmann,imp.00468@acme-corp.com,Engineering,Engineer,L4,SE,2022-08-08,939125,SEK
IMP-00469,Rahul,Martinez,imp.00469@acme-corp.com,Operations,Manager,L1,PL,2015-01-07,174931,PLN
IMP-00470,Jessica,Smith,imp.00470@acme-corp.com,Sales,Analyst,L3,FR,2019-10-11,106035,EUR
IMP-00471,Isabel,Singh,imp.00471@acme-corp.com,Engineering,Engineer,L6,AE,2023-06-09,430981,AED
IMP-00472,Jessica,Pillai,imp.00472@acme-corp.com,Sales,Analyst,L4,DE,2022-07-23,126278,EUR
IMP-00473,Fatima,Gupta,imp.00473@acme-corp.com,Engineering,Engineer,L5,DK,2020-04-28,558888,DKK
IMP-00474,Ji-young,Han,imp.00474@acme-corp.com,Sales,Analyst,L1,IN,2015-04-07,2330136,INR
IMP-00475,Yuki,Weber,imp.00475@acme-corp.com,Operations,Manager,L3,IE,2020-10-01,97291,EUR
IMP-00476,Liu,Moreau,imp.00476@acme-corp.com,Finance,Analyst,L2,GB,2021-11-15,154070,GBP
IMP-00477,Carmen,Kumar,imp.00477@acme-corp.com,Engineering,Engineer,L1,MX,2024-02-27,779895,MXN
IMP-00478,Ahmed,Dupont,imp.00478@acme-corp.com,HR,Manager,L6,PL,2020-01-26,166907,PLN
IMP-00479,Aisha,Braun,imp.00479@acme-corp.com,Sales,Analyst,L4,TW,2020-07-16,3151753,TWD
IMP-00480,Rosa,Li,imp.00480@acme-corp.com,Sales,Analyst,L5,IN,2017-10-31,3678353,INR
IMP-00481,Takeshi,White,imp.00481@acme-corp.com,Finance,Analyst,L2,ES,2016-05-19,116843,EUR
IMP-00482,Min,Liu,imp.00482@acme-corp.com,Engineering,Engineer,L3,CA,2017-05-06,156126,CAD
IMP-00483,David,Fischer,imp.00483@acme-corp.com,Sales,Analyst,L1,SG,2017-10-30,177904,SGD
IMP-00484,William,Brown,imp.00484@acme-corp.com,Engineering,Engineer,L3,DK,2019-02-28,458023,DKK
IMP-00485,Wei,Richter,imp.00485@acme-corp.com,Operations,Manager,L3,NL,2021-10-28,118594,EUR
IMP-00486,David,Xu,imp.00486@acme-corp.com,Sales,Analyst,L2,SE,2023-05-22,451718,SEK
IMP-00487,Sung-min,Schmidt,imp.00487@acme-corp.com,Engineering,Engineer,L1,KR,2022-01-24,46364681,KRW
IMP-00488,Omar,Roux,imp.00488@acme-corp.com,Finance,Analyst,L1,IN,2024-01-15,834088,INR
IMP-00489,Rosa,Zhang,imp.00489@acme-corp.com,Engineering,Engineer,L5,GB,2022-08-25,95605,GBP
IMP-00490,Carmen,Weber,imp.00490@acme-corp.com,Engineering,Engineer,L2,KR,2024-11-16,101644651,KRW
IMP-00491,Carmen,Wang,imp.00491@acme-corp.com,Finance,Analyst,L2,SE,2022-05-01,708998,SEK
IMP-00492,David,Wilson,imp.00492@acme-corp.com,Engineering,Engineer,L4,ZA,2021-03-08,820266,ZAR
IMP-00493,Thomas,Patel,imp.00493@acme-corp.com,Sales,Analyst,L6,PL,2018-09-12,171873,PLN
IMP-00494,Charles,Zhang,imp.00494@acme-corp.com,Finance,Analyst,L4,IE,2022-09-16,96746,EUR
IMP-00495,Jae-won,Huang,imp.00495@acme-corp.com,Sales,Analyst,L6,IN,2021-06-04,2251037,INR
IMP-00496,Min,Kumar,imp.00496@acme-corp.com,Operations,Manager,L6,HK,2018-02-04,524892,HKD
IMP-00497,Mary,Han,imp.00497@acme-corp.com,Sales,Analyst,L6,US,2024-05-12,85519,USD
IMP-00498,Liu,Patel,imp.00498@acme-corp.com,Finance,Analyst,L5,FR,2015-11-07,50020,EUR
IMP-00499,Rosa,Davis,imp.00499@acme-corp.com,Finance,Analyst,L4,AU,2019-04-20,97475,AUD
IMP-00500,Hiroshi,Miller,imp.00500@acme-corp.com,Engineering,Engineer,L1,TW,2022-05-29,1918961,TWD
IMP-00501,Carmen,Moreau,imp.00501@acme-corp.com,Sales,Analyst,L2,ZA,2017-07-19,1116170,ZAR
IMP-00502,Sarah,Moreau,imp.00502@acme-corp.com,Sales,Analyst,L6,DK,2024-02-27,619472,DKK
IMP-00503,Ibrahim,Hernandez,imp.00503@acme-corp.com,Sales,Analyst,L1,PL,2015-12-07,164202,PLN
IMP-00504,Patricia,Jackson,imp.00504@acme-corp.com,Engineering,Engineer,L2,JP,2015-04-06,7319266,JPY
IMP-00505,Yusuf,Garcia,imp.00505@acme-corp.com,HR,Manager,L5,CA,2018-02-16,72655,CAD
IMP-00506,Francisco,Song,imp.00506@acme-corp.com,Engineering,Engineer,L6,DK,2021-03-12,786875,DKK
IMP-00507,Hiroshi,Richter,imp.00507@acme-corp.com,Engineering,Engineer,L6,SE,2021-11-03,1117461,SEK
IMP-00508,Aisha,Martin,imp.00508@acme-corp.com,Sales,Analyst,L6,CH,2017-12-26,102827,CHF
IMP-00509,Carmen,Brown,imp.00509@acme-corp.com,Engineering,Engineer,L6,SG,2020-11-20,78602,SGD
IMP-00510,Charles,Lee,imp.00510@acme-corp.com,Finance,Analyst,L1,TW,2021-06-10,1066259,TWD
IMP-00511,Zhang,Reddy,imp.00511@acme-corp.com,Finance,Analyst,L3,JP,2020-03-30,11444918,JPY
IMP-00512,Yuki,Sharma,imp.00512@acme-corp.com,HR,Manager,L4,CH,2021-08-11,121692,CHF
IMP-00513,Joseph,Martin,imp.00513@acme-corp.com,Engineering,Engineer,L5,US,2021-06-15,143706,USD
IMP-00514,Takeshi,Jung,imp.00514@acme-corp.com,Finance,Analyst,L6,TW,2024-04-21,2364552,TWD
IMP-00515,Ananya,Simon,imp.00515@acme-corp.com,HR,Manager,L6,NL,2018-04-18,58389,EUR
IMP-00516,Thomas,Dupont,imp.00516@acme-corp.com,Engineering,Engineer,L6,DK,2024-10-25,1192356,DKK
IMP-00517,Akiko,Park,imp.00517@acme-corp.com,Engineering,Engineer,L1,CA,2022-02-04,103671,CAD
IMP-00518,Yusuf,Han,imp.00518@acme-corp.com,Finance,Analyst,L1,TW,2022-10-14,2005907,TWD
IMP-00519,Isabel,Jackson,imp.00519@acme-corp.com,Operations,Manager,L3,GB,2016-12-01,103178,GBP
IMP-00520,Kenji,Hernandez,imp.00520@acme-corp.com,Finance,Analyst,L1,NO,2016-10-19,808536,NOK
IMP-00521,Chen,Taylor,imp.00521@acme-corp.com,Engineering,Engineer,L6,SG,2022-04-22,196926,SGD
IMP-00522,Patricia,Garcia,imp.00522@acme-corp.com,Engineering,Engineer,L2,IE,2023-11-11,67168,EUR
IMP-00523,Karen,Zhou,imp.00523@acme-corp.com,Engineering,Engineer,L5,NO,2020-12-12,1252622,NOK
IMP-00524,Linda,Pillai,imp.00524@acme-corp.com,Finance,Analyst,L3,ZA,2021-01-19,1105172,ZAR
IMP-00525,Sakura,Park,imp.00525@acme-corp.com,Engineering,Engineer,L2,NO,2021-06-15,773694,NOK
IMP-00526,Omar,Jung,imp.00526@acme-corp.com,Engineering,Engineer,L4,US,2024-09-18,72467,USD
IMP-00527,Richard,Huang,imp.00527@acme-corp.com,Engineering,Engineer,L1,DK,2018-01-02,464638,DKK
IMP-00528,Layla,Jackson,imp.00528@acme-corp.com,Sales,Analyst,L3,KR,2019-03-05,42662570,KRW
IMP-00529,Ananya,Wu,imp.00529@acme-corp.com,Engineering,Engineer,L4,AE,2024-02-13,257081,AED
IMP-00530,Jose,Chen,imp.00530@acme-corp.com,Sales,Analyst,L1,CH,2016-04-14,142340,CHF
IMP-00531,Elizabeth,Liu,imp.00531@acme-corp.com,Finance,Analyst,L6,NO,2019-10-28,1270413,NOK
IMP-00532,Elizabeth,Anderson,imp.00532@acme-corp.com,Finance,Analyst,L1,FR,2022-10-17,89826,EUR
IMP-00533,Nancy,Mehta,imp.00533@acme-corp.com,Operations,Manager,L5,DE,2017-01-05,110409,EUR
IMP-00534,Yuki,Chen,imp.00534@acme-corp.com,Engineering,Engineer,L3,DK,2024-12-17,913497,DKK
IMP-00535,Aisha,Taylor,imp.00535@acme-corp.com,Sales,Analyst,L5,SG,2019-09-25,121058,SGD
IMP-00536,Priya,Zhang,imp.00536@acme-corp.com,Engineering,Engineer,L2,CH,2019-06-23,103581,CHF
IMP-00537,Francisco,Nair,imp.00537@acme-corp.com,Sales,Analyst,L1,MX,2023-06-02,1066626,MXN
IMP-00538,Maria,Pillai,imp.00538@acme-corp.com,Operations,Manager,L6,FR,2017-05-18,104569,EUR
IMP-00539,David,Liu,imp.00539@acme-corp.com,Finance,Analyst,L2,IE,2022-06-09,87489,EUR
IMP-00540,Richard,Fischer,imp.00540@acme-corp.com,Engineering,Engineer,L1,NL,2017-09-24,139313,EUR
IMP-00541,Akiko,Moreau,imp.00541@acme-corp.com,Engineering,Engineer,L4,NL,2018-11-27,93385,EUR
IMP-00542,Ana,Liu,imp.00542@acme-corp.com,Operations,Manager,L4,DE,2020-06-15,86031,EUR
IMP-00543,Layla,Taylor,imp.00543@acme-corp.com,Sales,Analyst,L4,JP,2015-12-20,10871968,JPY
IMP-00544,Carmen,Nair,imp.00544@acme-corp.com,Engineering,Engineer,L4,MX,2024-07-17,609810,MXN
IMP-00545,Jae-won,Michel,imp.00545@acme-corp.com,Finance,Analyst,L4,SE,2018-11-01,850017,SEK
IMP-00546,William,Schulz,imp.00546@acme-corp.com,Operations,Manager,L4,CA,2024-07-07,136383,CAD
IMP-00547,Pedro,Martinez,imp.00547@acme-corp.com,Operations,Manager,L5,GB,2024-04-22,137914,GBP
IMP-00548,Karen,Garcia,imp.00548@acme-corp.com,Operations,Manager,L3,AE,2021-05-18,212151,AED
IMP-00549,Min,Bernard,imp.00549@acme-corp.com,Sales,Analyst,L5,CH,2023-06-27,146358,CHF
IMP-00550,Sarah,Wang,imp.00550@acme-corp.com,HR,Manager,L5,SE,2024-01-25,401356,SEK
IMP-00551,Yuna,Schulz,imp.00551@acme-corp.com,Operations,Manager,L4,NL,2019-02-13,103501,EUR
IMP-00552,Susan,Dupont,imp.00552@acme-corp.com,HR,Manager,L4,SE,2016-10-17,507348,SEK
IMP-00553,Mei,Dupont,imp.00553@acme-corp.com,Operations,Manager,L5,NL,2016-07-19,140726,EUR
IMP-00554,Wei,Park,imp.00554@acme-corp.com,Engineering,Engineer,L5,US,2023-01-21,75822,USD
IMP-00555,Ananya,Moore,imp.00555@acme-corp.com,Sales,Analyst,L3,NL,2020-08-26,102806,EUR
IMP-00556,Arjun,Hoffmann,imp.00556@acme-corp.com,Sales,Analyst,L3,US,2022-09-25,105004,USD
IMP-00557,Nancy,Wu,imp.00557@acme-corp.com,Engineering,Engineer,L3,DE,2021-02-15,92684,EUR
IMP-00558,Omar,Roux,imp.00558@acme-corp.com,Finance,Analyst,L6,SG,2018-09-05,185354,SGD
IMP-00559,Rosa,Garcia,imp.00559@acme-corp.com,Engineering,Engineer,L5,AU,2018-10-01,100423,AUD
IMP-00560,Ji-young,Reddy,imp.00560@acme-corp.com,Sales,Analyst,L2,AU,2021-05-06,180169,AUD
IMP-00561,Omar,Xu,imp.00561@acme-corp.com,Engineering,Engineer,L4,JP,2018-12-28,14985859,JPY
IMP-00562,Francisco,Liu,imp.00562@acme-corp.com,Engineering,Engineer,L6,US,2017-11-29,151075,USD
IMP-00563,Priya,Garcia,imp.00563@acme-corp.com,Engineering,Engineer,L6,US,2018-07-28,187258,USD
IMP-00564,William,Pillai,imp.00564@acme-corp.com,Finance,Analyst,L1,MX,2018-01-31,656098,MXN
IMP-00565,Robert,Kim,imp.00565@acme-corp.com,Finance,Analyst,L4,JP,2024-03-23,9569699,JPY
IMP-00566,Rahul,Garcia,imp.00566@acme-corp.com,Engineering,Engineer,L4,CA,2024-12-02,143379,CAD
IMP-00567,Ji-young,Yoon,imp.00567@acme-corp.com,Operations,Manager,L2,HK,2015-12-03,845473,HKD
IMP-00568,Min,Laurent,imp.00568@acme-corp.com,Sales,Analyst,L3,ZA,2015-03-09,849613,ZAR
IMP-00569,David,Song,imp.00569@acme-corp.com,Engineering,Engineer,L5,AE,2022-04-04,472023,AED
IMP-00570,Yuna,Martinez,imp.00570@acme-corp.com,Engineering,Engineer,L6,DE,2024-04-16,86014,EUR
IMP-00571,Arjun,Mehta,imp.00571@acme-corp.com,Finance,Analyst,L6,IN,2023-12-02,4289062,INR
IMP-00572,Jae-won,Joshi,imp.00572@acme-corp.com,HR,Manager,L4,ES,2015-03-02,123092,EUR
IMP-00573,Layla,Weber,imp.00573@acme-corp.com,Sales,Analyst,L6,AU,2015-05-30,92973,AUD
IMP-00574,Jose,Miller,imp.00574@acme-corp.com,Engineering,Engineer,L2,US,2018-08-14,171558,USD
IMP-00575,Yuna,Pillai,imp.00575@acme-corp.com,Engineering,Engineer,L5,IE,2021-08-03,147357,EUR
IMP-00576,Pedro,Kang,imp.00576@acme-corp.com,Engineering,Engineer,L6,GB,2020-08-13,138752,GBP
IMP-00577,Barbara,Miller,imp.00577@acme-corp.com,Sales,Analyst,L4,IN,2023-08-06,1465205,INR
IMP-00578,Jose,Kang,imp.00578@acme-corp.com,Engineering,Engineer,L5,HK,2018-10-28,905844,HKD
IMP-00579,Jose,Brown,imp.00579@acme-corp.com,Engineering,Engineer,L4,ES,2018-12-30,139685,EUR
IMP-00580,Barbara,Klein,imp.00580@acme-corp.com,HR,Manager,L2,US,2015-12-25,188371,USD
IMP-00581,Linda,Taylor,imp.00581@acme-corp.com,Finance,Analyst,L5,GB,2015-11-07,85243,GBP
IMP-00582,Kenji,Richter,imp.00582@acme-corp.com,Sales,Analyst,L5,US,2016-01-27,125512,USD
IMP-00583,Carmen,Braun,imp.00583@acme-corp.com,Engineering,Engineer,L3,IN,2018-03-21,920829,INR
IMP-00584,Maria,Lim,imp.00584@acme-corp.com,Finance,Analyst,L4,FR,2018-02-14,110333,EUR
IMP-00585,Charles,Martinez,imp.00585@acme-corp.com,Engineering,Engineer,L6,IN,2023-02-12,1691228,INR
IMP-00586,Priya,Lee,imp.00586@acme-corp.com,Sales,Analyst,L3,IE,2021-10-16,57412,EUR
IMP-00587,Robert,Nair,imp.00587@acme-corp.com,Engineering,Engineer,L4,HK,2023-01-25,320476,HKD
IMP-00588,Aisha,Yoon,imp.00588@acme-corp.com,Design,Designer,L4,DE,2017-05-04,120444,EUR
IMP-00589,Karen,White,imp.00589@acme-corp.com,Engineering,Engineer,L4,US,2016-01-01,184946,USD
IMP-00590,Omar,Moreau,imp.00590@acme-corp.com,Engineering,Engineer,L6,FR,2020-07-22,88679,EUR
IMP-00591,Michael,Weber,imp.00591@acme-corp.com,Operations,Manager,L1,IE,2024-03-26,94067,EUR
IMP-00592,Carlos,Wu,imp.00592@acme-corp.com,Engineering,Engineer,L2,CA,2019-09-26,128401,CAD
IMP-00593,Priya,Thompson,imp.00593@acme-corp.com,Engineering,Engineer,L1,DK,2022-10-11,570051,DKK
IMP-00594,Hassan,Miller,imp.00594@acme-corp.com,Sales,Analyst,L6,CH,2024-11-28,194331,CHF
IMP-00595,Kenji,Park,imp.00595@acme-corp.com,HR,Manager,L1,DE,2017-10-08,94745,EUR
IMP-00596,Sarah,Reddy,imp.00596@acme-corp.com,Sales,Analyst,L6,NL,2015-02-26,117523,EUR
IMP-00597,Ananya,Williams,imp.00597@acme-corp.com,Finance,Analyst,L4,AE,2020-11-17,292814,AED
IMP-00598,Mei,Wu,imp.00598@acme-corp.com,Engineering,Engineer,L1,DK,2020-05-31,450442,DKK
IMP-00599,Jennifer,Sharma,imp.00599@acme-corp.com,Engineering,Engineer,L2,JP,2021-08-06,10964605,JPY
IMP-00600,Sung-min,Huang,imp.00600@acme-corp.com,Finance,Analyst,L2,ZA,2020-03-24,560786,ZAR
IMP-00601,Jessica,Hoffmann,imp.00601@acme-corp.com,Finance,Analyst,L5,DE,2016-10-05,106727,EUR
IMP-00602,Michael,Kang,imp.00602@acme-corp.com,Finance,Analyst,L4,NL,2018-12-21,87303,EUR
IMP-00603,Isabel,Martinez,imp.00603@acme-corp.com,Engineering,Engineer,L3,DE,2015-02-09,86387,EUR
IMP-00604,Wei,Michel,imp.00604@acme-corp.com,Engineering,Engineer,L1,PL,2019-06-08,246736,PLN
IMP-00605,William,Hoffmann,imp.00605@acme-corp.com,HR,Manager,L1,US,2016-04-11,110444,USD
IMP-00606,Ahmed,Fischer,imp.00606@acme-corp.com,Sales,Analyst,L6,US,2021-08-12,141674,USD
IMP-00607,Charles,Laurent,imp.00607@acme-corp.com,Sales,Analyst,L3,KR,2024-02-17,63825413,KRW
IMP-00608,Carlos,Fischer,imp.00608@acme-corp.com,HR,Manager,L1,AE,2016-03-18,162505,AED
IMP-00609,Layla,Schmidt,imp.00609@acme-corp.com,Design,Designer,L1,US,2024-08-23,198421,USD
IMP-00610,Hassan,Kim,imp.00610@acme-corp.com,Operations,Manager,L3,ES,2017-04-28,97988,EUR
IMP-00611,Carlos,Yoon,imp.00611@acme-corp.com,Operations,Manager,L3,NL,2021-03-21,65879,EUR
IMP-00612,Richard,Park,imp.00612@acme-corp.com,Sales,Analyst,L3,GB,2019-07-28,66962,GBP
IMP-00613,Yuna,Martin,imp.00613@acme-corp.com,Engineering,Engineer,L3,ES,2018-06-06,87594,EUR
IMP-00614,Ji-young,Garcia,imp.00614@acme-corp.com,Operations,Manager,L6,IN,2024-07-02,1115661,INR
IMP-00615,Liu,Lim,imp.00615@acme-corp.com,Engineering,Engineer,L5,FR,2019-06-02,81166,EUR
IMP-00616,Jessica,Hoffmann,imp.00616@acme-corp.com,Engineering,Engineer,L3,TW,2021-06-30,1399250,TWD
IMP-00617,Hassan,Roux,imp.00617@acme-corp.com,Engineering,Engineer,L3,NO,2017-09-10,592241,NOK
IMP-00618,Maria,Song,imp.00618@acme-corp.com,Finance,Analyst,L5,IN,2018-11-26,4324172,INR
IMP-00619,Aisha,Wu,imp.00619@acme-corp.com,Operations,Manager,L6,JP,2020-09-15,9183812,JPY
IMP-00620,Jennifer,Li,imp.00620@acme-corp.com,Engineering,Engineer,L3,IN,2018-12-21,1245585,INR
IMP-00621,Karen,Brown,imp.00621@acme-corp.com,Finance,Analyst,L1,US,2016-09-11,130436,USD
IMP-00622,Joseph,Anderson,imp.00622@acme-corp.com,Sales,Analyst,L3,DE,2024-06-13,90658,EUR
IMP-00623,Zhang,Jackson,imp.00623@acme-corp.com,Engineering,Engineer,L1,ZA,2017-05-17,393463,ZAR
IMP-00624,Sung-min,Michel,imp.00624@acme-corp.com,Finance,Analyst,L1,IN,2024-03-10,2610352,INR
IMP-00625,Omar,Roux,imp.00625@acme-corp.com,Sales,Analyst,L6,JP,2017-04-17,15251009,JPY
IMP-00626,James,Smith,imp.00626@acme-corp.com,Operations,Manager,L2,HK,2015-01-18,801898,HKD
IMP-00627,Patricia,Jones,imp.00627@acme-corp.com,Operations,Manager,L4,CH,2020-11-21,187931,CHF
IMP-00628,Carlos,Chen,imp.00628@acme-corp.com,HR,Manager,L1,CA,2022-07-29,70074,CAD
IMP-00629,Ji-young,Kumar,imp.00629@acme-corp.com,Finance,Analyst,L4,NL,2016-12-10,66278,EUR
IMP-00630,Pedro,Kang,imp.00630@acme-corp.com,Sales,Analyst,L1,IE,2020-07-15,98885,EUR
IMP-00631,Ji-young,Jackson,imp.00631@acme-corp.com,Finance,Analyst,L5,NO,2019-08-18,691781,NOK
IMP-00632,Layla,Han,imp.00632@acme-corp.com,Operations,Manager,L5,GB,2018-09-22,86608,GBP
IMP-00633,Takeshi,Smith,imp.00633@acme-corp.com,HR,Manager,L3,SE,2024-01-27,766838,SEK
IMP-00634,Jessica,Liu,imp.00634@acme-corp.com,Engineering,Engineer,L5,DK,2020-05-25,943038,DKK
IMP-00635,Francisco,Yang,imp.00635@acme-corp.com,Engineering,Engineer,L3,NO,2016-12-13,560055,NOK
IMP-00636,Pedro,Wang,imp.00636@acme-corp.com,Operations,Manager,L3,IN,2016-03-16,1305525,INR
IMP-00637,Linda,Laurent,imp.00637@acme-corp.com,Design,Designer,L2,US,2020-05-12,189258,USD
IMP-00638,Min,Nair,imp.00638@acme-corp.com,Engineering,Engineer,L5,TW,2023-05-09,1945800,TWD
IMP-00639,Richard,Singh,imp.00639@acme-corp.com,Operations,Manager,L6,SG,2021-07-10,97401,SGD
IMP-00640,Yuna,Smith,imp.00640@acme-corp.com,Sales,Analyst,L1,AU,2019-03-17,175120,AUD
IMP-00641,Ibrahim,Thompson,imp.00641@acme-corp.com,Operations,Manager,L1,IN,2021-07-10,2456881,INR
IMP-00642,James,Bernard,imp.00642@acme-corp.com,HR,Manager,L4,IE,2019-11-18,76440,EUR
IMP-00643,Barbara,Williams,imp.00643@acme-corp.com,Sales,Analyst,L3,GB,2017-03-19,103489,GBP
IMP-00644,Susan,Davis,imp.00644@acme-corp.com,Operations,Manager,L4,TW,2018-03-18,1281982,TWD
IMP-00645,Akiko,Hoffmann,imp.00645@acme-corp.com,Sales,Analyst,L1,ES,2021-06-30,112843,EUR
IMP-00646,Yusuf,Kang,imp.00646@acme-corp.com,Engineering,Engineer,L4,US,2017-12-27,118194,USD
IMP-00647,Mei,Jackson,imp.00647@acme-corp.com,Engineering,Engineer,L6,IE,2021-10-09,141931,EUR
IMP-00648,Isabel,Wilson,imp.00648@acme-corp.com,Design,Designer,L3,DK,2022-06-27,632338,DKK
IMP-00649,Michael,Mehta,imp.00649@acme-corp.com,HR,Manager,L6,TW,2018-04-03,3148302,TWD
IMP-00650,Arjun,Choi,imp.00650@acme-corp.com,Engineering,Engineer,L5,CH,2023-04-03,152014,CHF
IMP-00651,Akiko,Liu,imp.00651@acme-corp.com,Engineering,Engineer,L4,ES,2023-02-05,141382,EUR
IMP-00652,Carmen,Thompson,imp.00652@acme-corp.com,Finance,Analyst,L4,IN,2024-09-07,2972416,INR
IMP-00653,Akiko,Liu,imp.00653@acme-corp.com,HR,Manager,L5,AU,2020-02-03,75386,AUD
IMP-00654,Sakura,Liu,imp.00654@acme-corp.com,Engineering,Engineer,L3,NL,2018-04-27,134805,EUR
IMP-00655,Priya,Miller,imp.00655@acme-corp.com,Engineering,Engineer,L5,PL,2021-11-04,246267,PLN
IMP-00656,Liu,Nair,imp.00656@acme-corp.com,HR,Manager,L2,FR,2022-06-02,118749,EUR
IMP-00657,Yusuf,Laurent,imp.00657@acme-corp.com,Engineering,Engineer,L5,US,2017-10-04,62575,USD
IMP-00658,Robert,Kumar,imp.00658@acme-corp.com,Finance,Analyst,L1,TW,2021-09-03,921654,TWD
IMP-00659,Hiroshi,Kang,imp.00659@acme-corp.com,HR,Manager,L2,MX,2020-03-29,788689,MXN
IMP-00660,Luis,Lim,imp.00660@acme-corp.com,Engineering,Engineer,L1,SG,2021-11-09,102611,SGD
IMP-00661,Patricia,Dupont,imp.00661@acme-corp.com,Design,Designer,L4,US,2022-09-26,66572,USD
IMP-00662,Carmen,Garcia,imp.00662@acme-corp.com,Engineering,Engineer,L6,IE,2023-04-28,69686,EUR
IMP-00663,Ahmed,Thompson,imp.00663@acme-corp.com,Sales,Analyst,L1,NL,2024-09-04,71489,EUR
IMP-00664,Maria,Joshi,imp.00664@acme-corp.com,HR,Manager,L5,PL,2017-08-18,151308,PLN
IMP-00665,Hassan,Choi,imp.00665@acme-corp.com,Engineering,Engineer,L5,AU,2023-05-30,75455,AUD
IMP-00666,Ananya,Laurent,imp.00666@acme-corp.com,Operations,Manager,L3,MX,2015-08-22,1150445,MXN
IMP-00667,Patricia,Garcia,imp.00667@acme-corp.com,Sales,Analyst,L2,DE,2020-10-17,121387,EUR
IMP-00668,Omar,Singh,imp.00668@acme-corp.com,Engineering,Engineer,L6,GB,2015-05-25,123497,GBP
IMP-00669,Min,Jackson,imp.00669@acme-corp.com,Sales,Analyst,L1,NL,2015-03-21,60071,EUR
IMP-00670,Susan,Pillai,imp.00670@acme-corp.com,Design,Designer,L3,AE,2024-03-05,436510,AED
IMP-00671,Robert,Kim,imp.00671@acme-corp.com,Operations,Manager,L6,DE,2023-05-31,123036,EUR
IMP-00672,Sakura,Martinez,imp.00672@acme-corp.com,Engineering,Engineer,L6,SE,2015-11-22,938891,SEK
IMP-00673,Hiroshi,Xu,imp.00673@acme-corp.com,Sales,Analyst,L2,SG,2024-12-17,115871,SGD
IMP-00674,Carlos,Schmidt,imp.00674@acme-corp.com,Operations,Manager,L5,HK,2024-08-13,351954,HKD
IMP-00675,William,Kang,imp.00675@acme-corp.com,Sales,Analyst,L5,DE,2023-10-25,123135,EUR
IMP-00676,Jennifer,Han,imp.00676@acme-corp.com,Engineering,Engineer,L2,CA,2021-10-03,67807,CAD
IMP-00677,Rahul,Taylor,imp.00677@acme-corp.com,Engineering,Engineer,L4,AE,2022-09-06,209715,AED
IMP-00678,Francisco,Fischer,imp.00678@acme-corp.com,Engineering,Engineer,L1,US,2024-08-18,211012,USD
IMP-00679,Ana,Johnson,imp.00679@acme-corp.com,Sales,Analyst,L5,PL,2019-12-01,246401,PLN
IMP-00680,Maria,Klein,imp.00680@acme-corp.com,Operations,Manager,L5,CA,2022-02-21,140223,CAD
IMP-00681,Wei,Roux,imp.00681@acme-corp.com,Operations,Manager,L3,HK,2019-06-17,545314,HKD
IMP-00682,Joseph,Yoon,imp.00682@acme-corp.com,Finance,Analyst,L3,DE,2017-11-26,114499,EUR
IMP-00683,Aisha,Roux,imp.00683@acme-corp.com,Engineering,Engineer,L1,ZA,2020-11-11,877957,ZAR
IMP-00684,Charles,Song,imp.00684@acme-corp.com,Engineering,Engineer,L5,ES,2022-10-08,89605,EUR
IMP-00685,Linda,Hernandez,imp.00685@acme-corp.com,HR,Manager,L5,CH,2016-01-15,139444,CHF
IMP-00686,Ananya,Thomas,imp.00686@acme-corp.com,HR,Manager,L2,MX,2018-10-29,375365,MXN
IMP-00687,Pedro,Yang,imp.00687@acme-corp.com,Engineering,Engineer,L4,FR,2021-09-10,85403,EUR
IMP-00688,Akiko,Yang,imp.00688@acme-corp.com,Sales,Analyst,L6,IN,2016-03-14,1477286,INR
IMP-00689,Michael,Pillai,imp.00689@acme-corp.com,Finance,Analyst,L5,IN,2015-05-10,4137872,INR
IMP-00690,Takeshi,Martin,imp.00690@acme-corp.com,Operations,Manager,L3,FR,2019-09-20,108826,EUR
IMP-00691,Ahmed,Williams,imp.00691@acme-corp.com,Operations,Manager,L6,DE,2016-09-04,136504,EUR
IMP-00692,Sung-min,Huang,imp.00692@acme-corp.com,Engineering,Engineer,L1,HK,2021-10-14,653637,HKD
IMP-00693,Karen,Fischer,imp.00693@acme-corp.com,Engineering,Engineer,L4,GB,2020-01-11,139020,GBP
IMP-00694,Rosa,Kim,imp.00694@acme-corp.com,HR,Manager,L2,CA,2024-05-11,68529,CAD
IMP-00695,Takeshi,Wang,imp.00695@acme-corp.com,Operations,Manager,L5,FR,2020-12-31,118847,EUR
IMP-00696,Patricia,Williams,imp.00696@acme-corp.com,Engineering,Engineer,L5,JP,2023-02-14,8446248,JPY
IMP-00697,Ana,Liu,imp.00697@acme-corp.com,Engineering,Engineer,L3,CH,2018-06-06,142704,CHF
IMP-00698,Karen,Michel,imp.00698@acme-corp.com,Operations,Manager,L4,HK,2022-06-29,781618,HKD
IMP-00699,Hassan,Zhou,imp.00699@acme-corp.com,Sales,Analyst,L1,CH,2021-12-25,159195,CHF
IMP-00700,Layla,Chen,imp.00700@acme-corp.com,Engineering,Engineer,L4,US,2018-05-14,111863,USD
IMP-00701,Mary,Chen,imp.00701@acme-corp.com,Sales,Analyst,L1,SE,2019-11-29,874293,SEK
IMP-00702,Hiroshi,Pillai,imp.00702@acme-corp.com,Engineering,Engineer,L3,NL,2016-07-19,70663,EUR
IMP-00703,Pedro,David,imp.00703@acme-corp.com,Sales,Analyst,L4,IN,2020-09-22,1131222,INR
IMP-00704,Maria,Anderson,imp.00704@acme-corp.com,Engineering,Engineer,L4,IN,2020-12-31,2501540,INR
IMP-00705,Priya,Smith,imp.00705@acme-corp.com,Engineering,Engineer,L2,PL,2022-10-12,81379,PLN
IMP-00706,Richard,Hernandez,imp.00706@acme-corp.com,Finance,Analyst,L6,JP,2020-08-18,14756913,JPY
IMP-00707,James,Lee,imp.00707@acme-corp.com,Engineering,Engineer,L6,AU,2024-03-06,131485,AUD
IMP-00708,Yusuf,Martin,imp.00708@acme-corp.com,Operations,Manager,L6,US,2022-03-28,157787,USD
IMP-00709,Robert,White,imp.00709@acme-corp.com,Engineering,Engineer,L2,TW,2023-03-16,3180090,TWD
IMP-00710,Nancy,Jones,imp.00710@acme-corp.com,HR,Manager,L6,DE,2021-07-28,71720,EUR
IMP-00711,Ibrahim,Wang,imp.00711@acme-corp.com,Sales,Analyst,L2,US,2016-12-10,92883,USD
IMP-00712,Maria,Singh,imp.00712@acme-corp.com,Engineering,Engineer,L4,US,2019-02-12,147031,USD
IMP-00713,Linda,Sharma,imp.00713@acme-corp.com,Operations,Manager,L6,IN,2015-05-19,4036127,INR
IMP-00714,Ananya,Bernard,imp.00714@acme-corp.com,Finance,Analyst,L5,JP,2017-05-28,4948355,JPY
IMP-00715,Linda,Reddy,imp.00715@acme-corp.com,Sales,Analyst,L5,IE,2015-08-06,56395,EUR
IMP-00716,Ananya,Martin,imp.00716@acme-corp.com,Operations,Manager,L1,IN,2018-10-09,3514752,INR
IMP-00717,Thomas,Wang,imp.00717@acme-corp.com,Sales,Analyst,L3,PL,2015-05-15,81552,PLN
IMP-00718,Luis,Taylor,imp.00718@acme-corp.com,Engineering,Engineer,L2,US,2016-04-28,62473,USD
IMP-00719,Min,Patel,imp.00719@acme-corp.com,Engineering,Engineer,L4,FR,2021-06-10,106923,EUR
IMP-00720,Ibrahim,Laurent,imp.00720@acme-corp.com,Operations,Manager,L6,US,2020-10-11,189745,USD
IMP-00721,Isabel,Garcia,imp.00721@acme-corp.com,HR,Manager,L3,SG,2020-05-04,171194,SGD
IMP-00722,Ana,Chen,imp.00722@acme-corp.com,Operations,Manager,L4,KR,2022-01-11,93933335,KRW
IMP-00723,Joseph,Chen,imp.00723@acme-corp.com,HR,Manager,L1,ES,2020-09-11,63460,EUR
IMP-00724,Layla,Roux,imp.00724@acme-corp.com,Engineering,Engineer,L1,IN,2016-01-15,3118135,INR
IMP-00725,Karen,Roux,imp.00725@acme-corp.com,Sales,Analyst,L1,IN,2021-10-13,3643825,INR
IMP-00726,Susan,Garcia,imp.00726@acme-corp.com,Operations,Manager,L4,KR,2019-09-29,52499172,KRW
IMP-00727,Zhang,Zhou,imp.00727@acme-corp.com,HR,Manager,L6,DE,2016-10-23,145619,EUR
IMP-00728,Fatima,Zhang,imp.00728@acme-corp.com,Engineering,Engineer,L3,US,2015-03-02,123021,USD
IMP-00729,Karen,Lee,imp.00729@acme-corp.com,Sales,Analyst,L2,GB,2016-08-17,96436,GBP
IMP-00730,Akiko,Wu,imp.00730@acme-corp.com,Sales,Analyst,L4,SG,2022-08-10,106703,SGD
IMP-00731,Liu,Huang,imp.00731@acme-corp.com,Finance,Analyst,L5,IN,2024-09-09,2656820,INR
IMP-00732,Arjun,Martin,imp.00732@acme-corp.com,Sales,Analyst,L2,JP,2018-08-08,9200732,JPY
IMP-00733,Jae-won,Wang,imp.00733@acme-corp.com,Sales,Analyst,L5,SE,2023-04-21,410377,SEK
IMP-00734,Jose,Becker,imp.00734@acme-corp.com,Engineering,Engineer,L5,PL,2019-10-05,137326,PLN
IMP-00735,Carmen,Chen,imp.00735@acme-corp.com,Operations,Manager,L1,US,2015-10-12,120597,USD
IMP-00736,Karen,Lim,imp.00736@acme-corp.com,Sales,Analyst,L1,NO,2024-10-23,973063,NOK
IMP-00737,Yuna,Bernard,imp.00737@acme-corp.com,Finance,Analyst,L5,PL,2021-09-09,108596,PLN
IMP-00738,Liu,Moreau,imp.00738@acme-corp.com,Operations,Manager,L3,NO,2015-10-17,567106,NOK
IMP-00739,Karen,Simon,imp.00739@acme-corp.com,Finance,Analyst,L3,KR,2021-01-14,121130027,KRW
IMP-00740,Jessica,Smith,imp.00740@acme-corp.com,Operations,Manager,L1,PL,2019-08-12,143685,PLN
IMP-00741,Susan,Moore,imp.00741@acme-corp.com,Sales,Analyst,L1,ES,2019-07-13,128822,EUR
IMP-00742,Barbara,Mehta,imp.00742@acme-corp.com,HR,Manager,L1,AE,2024-10-14,546814,AED
IMP-00743,Min,Anderson,imp.00743@acme-corp.com,Engineering,Engineer,L5,AU,2015-10-05,138252,AUD
IMP-00744,Mary,Wang,imp.00744@acme-corp.com,Operations,Manager,L4,PL,2017-01-01,153513,PLN
IMP-00745,Priya,Xu,imp.00745@acme-corp.com,Engineering,Engineer,L3,AE,2015-04-20,290615,AED
IMP-00746,Patricia,Joshi,imp.00746@acme-corp.com,Finance,Analyst,L4,GB,2015-05-21,138827,GBP
IMP-00747,Akiko,Moreau,imp.00747@acme-corp.com,Operations,Manager,L6,US,2017-09-09,63596,USD
IMP-00748,Liu,Kumar,imp.00748@acme-corp.com,Engineering,Engineer,L3,KR,2023-10-16,54451435,KRW
IMP-00749,Jose,Schmidt,imp.00749@acme-corp.com,Engineering,Engineer,L6,HK,2022-05-12,1011521,HKD
IMP-00750,Fatima,Bernard,imp.00750@acme-corp.com,Design,Designer,L3,IE,2019-12-21,76004,EUR
IMP-00751,Liu,Wu,imp.00751@acme-corp.com,Sales,Analyst,L1,PL,2020-10-15,151454,PLN
IMP-00752,Sarah,Wilson,imp.00752@acme-corp.com,Engineering,Engineer,L4,ES,2019-03-10,50142,EUR
IMP-00753,Yusuf,Chen,imp.00753@acme-corp.com,Operations,Manager,L5,DE,2022-09-04,77106,EUR
IMP-00754,Hiroshi,Joshi,imp.00754@acme-corp.com,Engineering,Engineer,L3,TW,2015-05-10,2502177,TWD
IMP-00755,Fatima,Klein,imp.00755@acme-corp.com,Engineering,Engineer,L6,ES,2017-12-31,116123,EUR
IMP-00756,Fatima,Smith,imp.00756@acme-corp.com,HR,Manager,L6,US,2019-12-10,150946,USD
IMP-00757,David,Kim,imp.00757@acme-corp.com,Sales,Analyst,L3,DE,2017-07-06,118756,EUR
IMP-00758,Zhang,Jones,imp.00758@acme-corp.com,Engineering,Engineer,L2,GB,2017-08-30,147209,GBP
IMP-00759,Francisco,Moreau,imp.00759@acme-corp.com,Sales,Analyst,L3,DE,2020-09-11,71939,EUR
IMP-00760,Barbara,Yoon,imp.00760@acme-corp.com,Engineering,Engineer,L6,SE,2024-11-14,692089,SEK
IMP-00761,Akiko,Bernard,imp.00761@acme-corp.com,Engineering,Engineer,L5,DK,2021-03-26,657029,DKK
IMP-00762,William,Garcia,imp.00762@acme-corp.com,Finance,Analyst,L2,IN,2018-07-05,3373544,INR
IMP-00763,Ji-young,Davis,imp.00763@acme-corp.com,Operations,Manager,L4,US,2019-11-26,186397,USD
IMP-00764,Min,Martin,imp.00764@acme-corp.com,Operations,Manager,L3,KR,2022-06-18,54994652,KRW
IMP-00765,Jennifer,Müller,imp.00765@acme-corp.com,Finance,Analyst,L1,US,2018-05-09,127558,USD
IMP-00766,Jae-won,Chen,imp.00766@acme-corp.com,Engineering,Engineer,L4,DE,2023-06-06,123206,EUR
IMP-00767,Ibrahim,Reddy,imp.00767@acme-corp.com,Sales,Analyst,L4,HK,2017-01-22,1085112,HKD
IMP-00768,Kenji,Xu,imp.00768@acme-corp.com,Engineering,Engineer,L2,CH,2015-04-20,135943,CHF
IMP-00769,Michael,Moore,imp.00769@acme-corp.com,Finance,Analyst,L3,US,2016-02-03,185221,USD
IMP-00770,Maria,Jones,imp.00770@acme-corp.com,Engineering,Engineer,L6,MX,2015-12-08,602701,MXN
IMP-00771,Hiroshi,Yang,imp.00771@acme-corp.com,Engineering,Engineer,L4,DE,2016-04-23,80736,EUR
IMP-00772,Susan,Dupont,imp.00772@acme-corp.com,Engineering,Engineer,L3,US,2016-07-21,88491,USD
IMP-00773,Thomas,Weber,imp.00773@acme-corp.com,Engineering,Engineer,L3,DE,2022-10-31,137298,EUR
IMP-00774,Barbara,Singh,imp.00774@acme-corp.com,Finance,Analyst,L5,PL,2023-12-04,92545,PLN
IMP-00775,Linda,Garcia,imp.00775@acme-corp.com,Engineering,Engineer,L6,GB,2015-07-19,65900,GBP
IMP-00776,James,Xu,imp.00776@acme-corp.com,Sales,Analyst,L4,AU,2024-12-04,160227,AUD
IMP-00777,Jessica,Anderson,imp.00777@acme-corp.com,Engineering,Engineer,L3,US,2019-11-29,60971,USD
IMP-00778,Thomas,Klein,imp.00778@acme-corp.com,Finance,Analyst,L6,DE,2015-01-12,146877,EUR
IMP-00779,Takeshi,Williams,imp.00779@acme-corp.com,Engineering,Engineer,L4,US,2018-10-09,188823,USD
IMP-00780,Ibrahim,Sharma,imp.00780@acme-corp.com,Operations,Manager,L2,TW,2015-09-08,3132803,TWD
IMP-00781,David,Jung,imp.00781@acme-corp.com,Finance,Analyst,L5,CH,2021-04-04,164891,CHF
IMP-00782,Takeshi,Williams,imp.00782@acme-corp.com,Finance,Analyst,L5,KR,2019-01-14,49305892,KRW
IMP-00783,Jessica,Garcia,imp.00783@acme-corp.com,Sales,Analyst,L4,AE,2022-10-23,325874,AED
IMP-00784,Barbara,Miller,imp.00784@acme-corp.com,Design,Designer,L6,DE,2021-04-21,144161,EUR
IMP-00785,Ji-young,Li,imp.00785@acme-corp.com,Engineering,Engineer,L5,JP,2021-12-11,11601266,JPY
IMP-00786,Hassan,Johnson,imp.00786@acme-corp.com,Sales,Analyst,L4,HK,2017-06-11,933984,HKD
IMP-00787,Rahul,Joshi,imp.00787@acme-corp.com,Operations,Manager,L6,IN,2019-10-14,1122101,INR
IMP-00788,Richard,Gupta,imp.00788@acme-corp.com,Engineering,Engineer,L5,GB,2024-12-14,95512,GBP
IMP-00789,Akiko,Garcia,imp.00789@acme-corp.com,Finance,Analyst,L1,CH,2023-01-27,140626,CHF
IMP-00790,Jennifer,Moreau,imp.00790@acme-corp.com,HR,Manager,L6,AU,2022-01-17,177215,AUD
IMP-00791,Liu,Fischer,imp.00791@acme-corp.com,Operations,Manager,L2,DK,2020-06-21,1028634,DKK
IMP-00792,Ananya,Kim,imp.00792@acme-corp.com,Sales,Analyst,L5,IE,2015-07-17,61275,EUR
IMP-00793,Aisha,Smith,imp.00793@acme-corp.com,Engineering,Engineer,L1,CH,2019-12-24,169429,CHF
IMP-00794,Jae-won,Bernard,imp.00794@acme-corp.com,Finance,Analyst,L4,MX,2019-12-07,621492,MXN
IMP-00795,Fatima,Smith,imp.00795@acme-corp.com,Engineering,Engineer,L5,US,2020-12-12,107212,USD
IMP-00796,Michael,Johnson,imp.00796@acme-corp.com,Operations,Manager,L5,US,2015-10-24,109732,USD
IMP-00797,Susan,Hernandez,imp.00797@acme-corp.com,Finance,Analyst,L3,DE,2021-01-22,72237,EUR
IMP-00798,Priya,Simon,imp.00798@acme-corp.com,Engineering,Engineer,L6,MX,2020-03-20,736000,MXN
IMP-00799,Wei,Martin,imp.00799@acme-corp.com,Sales,Analyst,L1,DE,2019-01-15,76509,EUR
IMP-00800,Hiroshi,Kumar,imp.00800@acme-corp.com,Operations,Manager,L1,MX,2020-05-15,344362,MXN
IMP-00801,Zhang,Zhang,imp.00801@acme-corp.com,Sales,Analyst,L1,NO,2020-01-12,820658,NOK
IMP-00802,Priya,Kumar,imp.00802@acme-corp.com,Sales,Analyst,L6,US,2024-02-16,87934,USD
IMP-00803,Yusuf,Müller,imp.00803@acme-corp.com,Finance,Analyst,L1,AE,2021-06-05,260423,AED
IMP-00804,Jose,Wang,imp.00804@acme-corp.com,Design,Designer,L4,NO,2019-11-07,1380314,NOK
IMP-00805,Carmen,Smith,imp.00805@acme-corp.com,Operations,Manager,L3,ZA,2024-03-20,788350,ZAR
IMP-00806,Akiko,Moore,imp.00806@acme-corp.com,Sales,Analyst,L3,DE,2018-09-27,56359,EUR
IMP-00807,Susan,Lim,imp.00807@acme-corp.com,Operations,Manager,L2,US,2015-10-20,132677,USD
IMP-00808,Akiko,Johnson,imp.00808@acme-corp.com,HR,Manager,L1,US,2024-03-08,123746,USD
IMP-00809,Ji-young,Schulz,imp.00809@acme-corp.com,Finance,Analyst,L5,AU,2020-05-28,162864,AUD
IMP-00810,Kenji,Müller,imp.00810@acme-corp.com,Finance,Analyst,L3,US,2024-08-29,78805,USD
IMP-00811,David,Zhou,imp.00811@acme-corp.com,Sales,Analyst,L6,GB,2016-02-13,93722,GBP
IMP-00812,Wei,Müller,imp.00812@acme-corp.com,Sales,Analyst,L6,CH,2020-12-30,104838,CHF
IMP-00813,James,Patel,imp.00813@acme-corp.com,Engineering,Engineer,L6,SE,2017-08-04,473241,SEK
IMP-00814,Aisha,Schmidt,imp.00814@acme-corp.com,HR,Manager,L2,ES,2018-05-20,112460,EUR
IMP-00815,Takeshi,Roux,imp.00815@acme-corp.com,Sales,Analyst,L1,MX,2017-12-01,541083,MXN
IMP-00816,Pedro,Reddy,imp.00816@acme-corp.com,Engineering,Engineer,L6,ES,2022-04-27,110425,EUR
IMP-00817,Wei,Lim,imp.00817@acme-corp.com,Operations,Manager,L4,DE,2023-09-20,57693,EUR
IMP-00818,Ananya,Taylor,imp.00818@acme-corp.com,Engineering,Engineer,L6,CA,2020-05-05,127515,CAD
IMP-00819,Luis,White,imp.00819@acme-corp.com,Engineering,Engineer,L6,CH,2023-02-10,110176,CHF
IMP-00820,Michael,David,imp.00820@acme-corp.com,HR,Manager,L2,GB,2016-04-18,126588,GBP
IMP-00821,Nancy,Kim,imp.00821@acme-corp.com,Operations,Manager,L6,AE,2018-03-26,441576,AED
IMP-00822,Liu,Kumar,imp.00822@acme-corp.com,Operations,Manager,L6,AE,2022-05-11,250615,AED
IMP-00823,Kenji,Kumar,imp.00823@acme-corp.com,HR,Manager,L1,IE,2024-12-24,138483,EUR
IMP-00824,Ana,Lim,imp.00824@acme-corp.com,Operations,Manager,L5,KR,2018-09-28,92006602,KRW
IMP-00825,Ahmed,Gupta,imp.00825@acme-corp.com,Sales,Analyst,L6,IN,2015-01-18,2565282,INR
IMP-00826,Liu,Hoffmann,imp.00826@acme-corp.com,Finance,Analyst,L2,CH,2023-04-12,156499,CHF
IMP-00827,Jose,Richter,imp.00827@acme-corp.com,Finance,Analyst,L1,AU,2021-03-27,119911,AUD
IMP-00828,Yuna,Müller,imp.00828@acme-corp.com,Operations,Manager,L2,SE,2023-05-30,906173,SEK
IMP-00829,Kenji,Martin,imp.00829@acme-corp.com,Design,Designer,L4,AU,2024-01-02,132782,AUD
IMP-00830,Sung-min,Hernandez,imp.00830@acme-corp.com,Operations,Manager,L1,ES,2024-09-23,63405,EUR
IMP-00831,Yuki,Lim,imp.00831@acme-corp.com,HR,Manager,L6,CH,2016-10-01,96242,CHF
IMP-00832,Rahul,Brown,imp.00832@acme-corp.com,Design,Designer,L1,AU,2022-10-04,128284,AUD
IMP-00833,Wei,Schmidt,imp.00833@acme-corp.com,Engineering,Engineer,L5,DK,2019-03-04,820193,DKK
IMP-00834,Susan,Garcia,imp.00834@acme-corp.com,Sales,Analyst,L5,US,2021-05-26,71715,USD
IMP-00835,Linda,Hernandez,imp.00835@acme-corp.com,Engineering,Engineer,L3,US,2024-02-21,102552,USD
IMP-00836,James,Williams,imp.00836@acme-corp.com,Engineering,Engineer,L3,PL,2021-01-08,63883,PLN
IMP-00837,Layla,Fischer,imp.00837@acme-corp.com,Operations,Manager,L3,DK,2023-03-16,1032514,DKK
IMP-00838,Layla,Mehta,imp.00838@acme-corp.com,HR,Manager,L4,MX,2015-01-01,1045600,MXN
IMP-00839,Hiroshi,Kang,imp.00839@acme-corp.com,Engineering,Engineer,L5,JP,2018-03-04,13320356,JPY
IMP-00840,Liu,Smith,imp.00840@acme-corp.com,Design,Designer,L3,ES,2019-07-22,90773,EUR
IMP-00841,Mei,Patel,imp.00841@acme-corp.com,HR,Manager,L3,AU,2024-05-04,141504,AUD
IMP-00842,Isabel,Brown,imp.00842@acme-corp.com,Finance,Analyst,L5,US,2016-06-18,116009,USD
IMP-00843,Akiko,Martin,imp.00843@acme-corp.com,Sales,Analyst,L5,SG,2022-06-26,110365,SGD
IMP-00844,Layla,Jung,imp.00844@acme-corp.com,Sales,Analyst,L2,DE,2015-05-23,59387,EUR
IMP-00845,Ananya,Hernandez,imp.00845@acme-corp.com,HR,Manager,L1,CA,2017-02-16,79594,CAD
IMP-00846,Fatima,Garcia,imp.00846@acme-corp.com,HR,Manager,L3,IN,2018-06-01,4043373,INR
IMP-00847,Yuna,Klein,imp.00847@acme-corp.com,Sales,Analyst,L1,SG,2024-04-16,188945,SGD
IMP-00848,James,Chen,imp.00848@acme-corp.com,Sales,Analyst,L2,IE,2024-01-12,90365,EUR
IMP-00849,Sung-min,Thompson,imp.00849@acme-corp.com,Design,Designer,L4,PL,2021-12-12,87186,PLN
IMP-00850,Hiroshi,Han,imp.00850@acme-corp.com,Engineering,Engineer,L3,US,2018-01-07,202416,USD
IMP-00851,Patricia,Anderson,imp.00851@acme-corp.com,Sales,Analyst,L5,AE,2017-02-04,520875,AED
IMP-00852,Maria,Patel,imp.00852@acme-corp.com,Finance,Analyst,L3,SG,2021-03-27,184500,SGD
IMP-00853,Hassan,Davis,imp.00853@acme-corp.com,Finance,Analyst,L4,IE,2017-07-14,127838,EUR
IMP-00854,William,Nair,imp.00854@acme-corp.com,Engineering,Engineer,L2,DE,2019-07-09,77419,EUR
IMP-00855,Fatima,Chen,imp.00855@acme-corp.com,Sales,Analyst,L3,CA,2024-09-23,67181,CAD
IMP-00856,Arjun,Kim,imp.00856@acme-corp.com,Sales,Analyst,L3,US,2024-03-27,104977,USD
IMP-00857,Rahul,Hernandez,imp.00857@acme-corp.com,Sales,Analyst,L4,ZA,2020-01-29,334146,ZAR
IMP-00858,Mei,Reddy,imp.00858@acme-corp.com,Sales,Analyst,L6,SE,2018-06-28,505503,SEK
IMP-00859,Zhang,Anderson,imp.00859@acme-corp.com,HR,Manager,L3,ZA,2021-05-12,335297,ZAR
IMP-00860,Elizabeth,Johnson,imp.00860@acme-corp.com,Sales,Analyst,L3,GB,2020-09-16,56051,GBP
IMP-00861,Isabel,Garcia,imp.00861@acme-corp.com,Engineering,Engineer,L5,AE,2021-11-22,123183,AED
IMP-00862,Linda,Kang,imp.00862@acme-corp.com,Finance,Analyst,L3,JP,2019-10-08,6665753,JPY
IMP-00863,Hiroshi,Wilson,imp.00863@acme-corp.com,Design,Designer,L4,MX,2022-11-24,667988,MXN
IMP-00864,Yuki,Thompson,imp.00864@acme-corp.com,Operations,Manager,L6,IE,2015-09-25,67986,EUR
IMP-00865,Isabel,Kim,imp.00865@acme-corp.com,Engineering,Engineer,L4,SG,2024-04-02,176977,SGD
IMP-00866,Pedro,Garcia,imp.00866@acme-corp.com,Engineering,Engineer,L4,US,2024-11-27,85386,USD
IMP-00867,Aisha,Moreau,imp.00867@acme-corp.com,Finance,Analyst,L4,US,2018-02-27,78950,USD
IMP-00868,Mei,Kim,imp.00868@acme-corp.com,Sales,Analyst,L2,SG,2017-05-26,158091,SGD
IMP-00869,Maria,Bernard,imp.00869@acme-corp.com,Sales,Analyst,L1,AE,2018-10-05,349204,AED
IMP-00870,Maria,Kumar,imp.00870@acme-corp.com,Engineering,Engineer,L2,AU,2024-07-21,76989,AUD
IMP-00871,Jessica,Jones,imp.00871@acme-corp.com,Engineering,Engineer,L4,TW,2023-07-29,2287301,TWD
IMP-00872,Kenji,Mehta,imp.00872@acme-corp.com,Sales,Analyst,L5,JP,2020-06-21,11361083,JPY
IMP-00873,Hassan,Li,imp.00873@acme-corp.com,Operations,Manager,L3,GB,2019-11-08,137536,GBP
IMP-00874,Takeshi,Lim,imp.00874@acme-corp.com,Engineering,Engineer,L4,CH,2016-02-04,96240,CHF
IMP-00875,Ibrahim,Sharma,imp.00875@acme-corp.com,Operations,Manager,L1,US,2016-05-05,73875,USD
IMP-00876,James,Davis,imp.00876@acme-corp.com,Sales,Analyst,L5,US,2015-07-08,102366,USD
IMP-00877,Layla,Lim,imp.00877@acme-corp.com,Engineering,Engineer,L6,CH,2024-02-08,123288,CHF
IMP-00878,James,Miller,imp.00878@acme-corp.com,Finance,Analyst,L5,JP,2018-05-11,13978117,JPY
IMP-00879,Akiko,Becker,imp.00879@acme-corp.com,Sales,Analyst,L1,NL,2015-07-06,74222,EUR
IMP-00880,Luis,Jackson,imp.00880@acme-corp.com,Engineering,Engineer,L1,MX,2020-06-12,607153,MXN
IMP-00881,Yusuf,Garcia,imp.00881@acme-corp.com,Finance,Analyst,L5,CA,2022-03-04,96220,CAD
IMP-00882,Ji-young,Song,imp.00882@acme-corp.com,Design,Designer,L3,HK,2023-06-29,930697,HKD
IMP-00883,Carmen,Brown,imp.00883@acme-corp.com,Engineering,Engineer,L6,KR,2021-02-07,116241776,KRW
IMP-00884,Liu,Joshi,imp.00884@acme-corp.com,HR,Manager,L6,HK,2017-04-05,433244,HKD
IMP-00885,Barbara,Patel,imp.00885@acme-corp.com,HR,Manager,L1,AU,2020-03-23,169678,AUD
IMP-00886,Sarah,Wu,imp.00886@acme-corp.com,Engineering,Engineer,L2,NL,2018-03-13,80442,EUR
IMP-00887,Sung-min,Zhou,imp.00887@acme-corp.com,Operations,Manager,L6,SE,2024-01-17,1060219,SEK
IMP-00888,Kenji,Zhang,imp.00888@acme-corp.com,Finance,Analyst,L5,CH,2022-01-10,196800,CHF
IMP-00889,Takeshi,Martin,imp.00889@acme-corp.com,Operations,Manager,L5,DK,2017-08-28,672373,DKK
IMP-00890,Takeshi,Li,imp.00890@acme-corp.com,Sales,Analyst,L6,US,2019-08-20,114594,USD
IMP-00891,Rahul,Richter,imp.00891@acme-corp.com,Operations,Manager,L5,PL,2016-10-10,227739,PLN
IMP-00892,Sarah,Patel,imp.00892@acme-corp.com,Sales,Analyst,L4,KR,2018-05-30,63119776,KRW
IMP-00893,Michael,Thomas,imp.00893@acme-corp.com,Finance,Analyst,L2,NL,2017-07-29,67356,EUR
IMP-00894,Michael,Kumar,imp.00894@acme-corp.com,Engineering,Engineer,L5,ES,2020-04-05,77204,EUR
IMP-00895,Susan,Martin,imp.00895@acme-corp.com,Finance,Analyst,L2,KR,2017-09-26,76183753,KRW
IMP-00896,Fatima,Roux,imp.00896@acme-corp.com,HR,Manager,L5,SG,2021-10-26,118778,SGD
IMP-00897,Sarah,Mehta,imp.00897@acme-corp.com,Sales,Analyst,L4,MX,2016-09-14,469147,MXN
IMP-00898,Susan,Kang,imp.00898@acme-corp.com,Engineering,Engineer,L3,AU,2019-05-09,122378,AUD
IMP-00899,Arjun,Chen,imp.00899@acme-corp.com,Engineering,Engineer,L1,AE,2016-07-31,463417,AED
IMP-00900,Wei,Kang,imp.00900@acme-corp.com,Engineering,Engineer,L1,GB,2022-10-12,68210,GBP
IMP-00901,Francisco,Huang,imp.00901@acme-corp.com,Engineering,Engineer,L4,NO,2019-05-05,948567,NOK
IMP-00902,Michael,Chen,imp.00902@acme-corp.com,Finance,Analyst,L2,HK,2016-12-24,327583,HKD
IMP-00903,Sung-min,Jung,imp.00903@acme-corp.com,Finance,Analyst,L4,DK,2022-12-23,781653,DKK
IMP-00904,Charles,Anderson,imp.00904@acme-corp.com,Operations,Manager,L4,JP,2019-10-23,12887880,JPY
IMP-00905,Ibrahim,Martinez,imp.00905@acme-corp.com,Sales,Analyst,L5,NO,2017-05-17,1371829,NOK
IMP-00906,Barbara,Mehta,imp.00906@acme-corp.com,Engineering,Engineer,L1,HK,2018-05-31,359558,HKD
IMP-00907,Susan,Yang,imp.00907@acme-corp.com,Design,Designer,L5,DE,2018-06-08,71713,EUR
IMP-00908,Arjun,Jung,imp.00908@acme-corp.com,Engineering,Engineer,L3,JP,2021-03-01,6220594,JPY
IMP-00909,Rahul,Becker,imp.00909@acme-corp.com,Operations,Manager,L1,AU,2022-02-18,125238,AUD
IMP-00910,Michael,Hernandez,imp.00910@acme-corp.com,Engineering,Engineer,L5,TW,2024-08-12,2620297,TWD
IMP-00911,Ahmed,Jung,imp.00911@acme-corp.com,Sales,Analyst,L5,US,2024-10-03,202695,USD
IMP-00912,Yusuf,Miller,imp.00912@acme-corp.com,Operations,Manager,L3,DK,2018-03-16,1017172,DKK
IMP-00913,Layla,Chen,imp.00913@acme-corp.com,Sales,Analyst,L4,CH,2020-10-19,133264,CHF
IMP-00914,Zhang,Taylor,imp.00914@acme-corp.com,Engineering,Engineer,L2,AU,2023-03-16,176785,AUD
IMP-00915,Ibrahim,Martinez,imp.00915@acme-corp.com,Finance,Analyst,L1,JP,2022-05-29,9843523,JPY
IMP-00916,Ananya,Nair,imp.00916@acme-corp.com,HR,Manager,L5,US,2020-08-14,200620,USD
IMP-00917,Elizabeth,Zhou,imp.00917@acme-corp.com,Operations,Manager,L6,FR,2023-06-27,127459,EUR
IMP-00918,Charles,Lim,imp.00918@acme-corp.com,Sales,Analyst,L1,ES,2017-12-19,105580,EUR
IMP-00919,Priya,Müller,imp.00919@acme-corp.com,Sales,Analyst,L6,SG,2018-03-26,123877,SGD
IMP-00920,Zara,Choi,imp.00920@acme-corp.com,Sales,Analyst,L4,GB,2015-01-06,46611,GBP
IMP-00921,Ahmed,Miller,imp.00921@acme-corp.com,Sales,Analyst,L4,ZA,2019-01-29,952796,ZAR
IMP-00922,Akiko,Bernard,imp.00922@acme-corp.com,Finance,Analyst,L2,JP,2016-03-01,4164273,JPY
IMP-00923,Liu,Jackson,imp.00923@acme-corp.com,Engineering,Engineer,L5,IE,2018-02-02,149171,EUR
IMP-00924,Mary,Simon,imp.00924@acme-corp.com,Sales,Analyst,L1,ES,2020-11-02,133638,EUR
IMP-00925,Akiko,Anderson,imp.00925@acme-corp.com,Sales,Analyst,L6,HK,2017-04-12,812840,HKD
IMP-00926,Maria,Martin,imp.00926@acme-corp.com,Design,Designer,L3,US,2017-04-10,174059,USD
IMP-00927,Thomas,Zhou,imp.00927@acme-corp.com,Finance,Analyst,L2,IE,2018-08-25,103925,EUR
IMP-00928,Michael,Brown,imp.00928@acme-corp.com,Operations,Manager,L3,IN,2020-08-13,4298603,INR
IMP-00929,Rosa,Sharma,imp.00929@acme-corp.com,Finance,Analyst,L2,PL,2019-09-09,88164,PLN
IMP-00930,Yuki,Jackson,imp.00930@acme-corp.com,Operations,Manager,L3,AU,2020-08-26,130382,AUD
IMP-00931,Hiroshi,Wu,imp.00931@acme-corp.com,Engineering,Engineer,L3,FR,2015-01-18,51487,EUR
IMP-00932,Barbara,Martinez,imp.00932@acme-corp.com,Engineering,Engineer,L3,KR,2019-06-03,105262640,KRW
IMP-00933,Mei,Mehta,imp.00933@acme-corp.com,Engineering,Engineer,L4,MX,2017-04-06,575099,MXN
IMP-00934,Yusuf,Moore,imp.00934@acme-corp.com,Finance,Analyst,L4,IN,2021-08-12,4376444,INR
IMP-00935,Ibrahim,Richter,imp.00935@acme-corp.com,Operations,Manager,L4,GB,2023-03-19,68928,GBP
IMP-00936,Rahul,Liu,imp.00936@acme-corp.com,Sales,Analyst,L1,ES,2017-08-23,77207,EUR
IMP-00937,Thomas,Martin,imp.00937@acme-corp.com,Finance,Analyst,L4,TW,2024-08-28,3208524,TWD
IMP-00938,Charles,Li,imp.00938@acme-corp.com,Sales,Analyst,L3,CA,2023-04-03,157008,CAD
IMP-00939,Nancy,Song,imp.00939@acme-corp.com,Engineering,Engineer,L2,SG,2019-08-04,99724,SGD
IMP-00940,Priya,Richter,imp.00940@acme-corp.com,Sales,Analyst,L2,CA,2022-04-10,136667,CAD
IMP-00941,Rosa,Thomas,imp.00941@acme-corp.com,Engineering,Engineer,L3,DE,2017-08-11,83686,EUR
IMP-00942,Rosa,Brown,imp.00942@acme-corp.com,HR,Manager,L6,AE,2019-06-16,205402,AED
IMP-00943,Carmen,Martin,imp.00943@acme-corp.com,Operations,Manager,L5,TW,2023-01-03,1669762,TWD
IMP-00944,Linda,Chen,imp.00944@acme-corp.com,Operations,Manager,L1,ZA,2022-03-25,778845,ZAR
IMP-00945,Charles,Garcia,imp.00945@acme-corp.com,Operations,Manager,L5,US,2023-10-27,78553,USD
IMP-00946,Susan,Zhang,imp.00946@acme-corp.com,Sales,Analyst,L2,NO,2022-08-29,454036,NOK
IMP-00947,Pedro,Chen,imp.00947@acme-corp.com,Finance,Analyst,L4,MX,2018-02-22,1178652,MXN
IMP-00948,Luis,Lim,imp.00948@acme-corp.com,Sales,Analyst,L3,ZA,2020-09-06,799084,ZAR
IMP-00949,Yuna,Yang,imp.00949@acme-corp.com,Engineering,Engineer,L6,ZA,2016-01-08,1247940,ZAR
IMP-00950,Jose,Hoffmann,imp.00950@acme-corp.com,Engineering,Engineer,L1,PL,2023-05-23,76509,PLN
IMP-00951,Hassan,Thompson,imp.00951@acme-corp.com,Engineering,Engineer,L2,GB,2021-09-30,145026,GBP
IMP-00952,Isabel,Anderson,imp.00952@acme-corp.com,Finance,Analyst,L5,AU,2021-09-24,137131,AUD
IMP-00953,Jose,Huang,imp.00953@acme-corp.com,HR,Manager,L3,US,2017-10-05,105242,USD
IMP-00954,Yusuf,Jones,imp.00954@acme-corp.com,Sales,Analyst,L2,NO,2015-07-02,655263,NOK
IMP-00955,Liu,Laurent,imp.00955@acme-corp.com,HR,Manager,L2,TW,2016-12-31,2775431,TWD
IMP-00956,Ana,Yoon,imp.00956@acme-corp.com,Operations,Manager,L6,JP,2016-01-25,17016272,JPY
IMP-00957,Jose,Lee,imp.00957@acme-corp.com,Sales,Analyst,L3,SE,2021-05-27,990128,SEK
IMP-00958,James,Michel,imp.00958@acme-corp.com,Operations,Manager,L3,FR,2021-10-27,123779,EUR
IMP-00959,Fatima,Singh,imp.00959@acme-corp.com,Sales,Analyst,L1,GB,2015-06-13,146616,GBP
IMP-00960,Isabel,Dupont,imp.00960@acme-corp.com,Engineering,Engineer,L4,AE,2017-03-15,256664,AED
IMP-00961,Sakura,Brown,imp.00961@acme-corp.com,Design,Designer,L4,PL,2017-09-20,197567,PLN
IMP-00962,Akiko,Huang,imp.00962@acme-corp.com,Operations,Manager,L4,CH,2016-12-13,198114,CHF
IMP-00963,Akiko,Davis,imp.00963@acme-corp.com,Finance,Analyst,L5,US,2022-11-24,103122,USD
IMP-00964,Rahul,Martin,imp.00964@acme-corp.com,Design,Designer,L2,ZA,2023-06-14,442694,ZAR
IMP-00965,Ahmed,Martinez,imp.00965@acme-corp.com,Design,Designer,L2,US,2016-12-28,175591,USD
IMP-00966,Hiroshi,Johnson,imp.00966@acme-corp.com,Engineering,Engineer,L1,DE,2019-12-31,145739,EUR
IMP-00967,Joseph,Brown,imp.00967@acme-corp.com,Engineering,Engineer,L3,US,2017-05-16,96750,USD
IMP-00968,Ananya,Garcia,imp.00968@acme-corp.com,Finance,Analyst,L3,KR,2020-03-29,65395768,KRW
IMP-00969,Mary,Weber,imp.00969@acme-corp.com,Operations,Manager,L1,GB,2023-05-04,45409,GBP
IMP-00970,Ahmed,Huang,imp.00970@acme-corp.com,Sales,Analyst,L1,AE,2021-10-18,545452,AED
IMP-00971,Wei,Dupont,imp.00971@acme-corp.com,Finance,Analyst,L1,FR,2016-06-28,90915,EUR
IMP-00972,Takeshi,Lim,imp.00972@acme-corp.com,Finance,Analyst,L2,US,2018-09-20,167488,USD
IMP-00973,Yuna,Mehta,imp.00973@acme-corp.com,Engineering,Engineer,L3,GB,2023-11-13,151910,GBP
IMP-00974,Luis,Weber,imp.00974@acme-corp.com,Engineering,Engineer,L5,DK,2018-01-18,1017573,DKK
IMP-00975,Hassan,Hernandez,imp.00975@acme-corp.com,HR,Manager,L1,AE,2022-09-07,280674,AED
IMP-00976,Omar,Brown,imp.00976@acme-corp.com,HR,Manager,L1,FR,2024-06-02,102604,EUR
IMP-00977,Ahmed,Klein,imp.00977@acme-corp.com,Operations,Manager,L1,TW,2016-07-16,1764423,TWD
IMP-00978,Layla,Roux,imp.00978@acme-corp.com,Sales,Analyst,L6,NL,2021-07-22,138255,EUR
IMP-00979,Rosa,Bernard,imp.00979@acme-corp.com,Engineering,Engineer,L1,GB,2022-06-22,112975,GBP
IMP-00980,Chen,Song,imp.00980@acme-corp.com,Engineering,Engineer,L5,PL,2024-02-26,230274,PLN
IMP-00981,Wei,Martin,imp.00981@acme-corp.com,Sales,Analyst,L4,CA,2018-01-09,174112,CAD
IMP-00982,Layla,Lim,imp.00982@acme-corp.com,Engineering,Engineer,L5,US,2020-02-15,147554,USD
IMP-00983,Zhang,Kang,imp.00983@acme-corp.com,Engineering,Engineer,L3,US,2020-03-25,150452,USD
IMP-00984,Maria,Thompson,imp.00984@acme-corp.com,HR,Manager,L4,AE,2021-10-18,154223,AED
IMP-00985,Wei,Joshi,imp.00985@acme-corp.com,Sales,Analyst,L5,PL,2017-06-24,107957,PLN
IMP-00986,Liu,Zhang,imp.00986@acme-corp.com,Operations,Manager,L5,PL,2015-09-02,88887,PLN
IMP-00987,Thomas,Mehta,imp.00987@acme-corp.com,Design,Designer,L2,KR,2019-01-13,51181675,KRW
IMP-00988,Zara,Taylor,imp.00988@acme-corp.com,Sales,Analyst,L2,IN,2015-04-04,1162479,INR
IMP-00989,David,Yoon,imp.00989@acme-corp.com,Engineering,Engineer,L2,HK,2016-01-24,611663,HKD
IMP-00990,Omar,Park,imp.00990@acme-corp.com,Engineering,Engineer,L3,NL,2017-05-21,122085,EUR
IMP-00991,Sakura,Johnson,imp.00991@acme-corp.com,Engineering,Engineer,L5,ZA,2024-10-02,316479,ZAR
IMP-00992,Takeshi,Davis,imp.00992@acme-corp.com,Engineering,Engineer,L3,TW,2020-07-24,1724746,TWD
IMP-00993,Ji-young,Joshi,imp.00993@acme-corp.com,Sales,Analyst,L2,NL,2022-08-29,104777,EUR
IMP-00994,Joseph,Kim,imp.00994@acme-corp.com,Operations,Manager,L2,SG,2016-10-17,76384,SGD
IMP-00995,Omar,Schulz,imp.00995@acme-corp.com,HR,Manager,L2,PL,2019-04-23,76639,PLN
IMP-00996,Elizabeth,Singh,imp.00996@acme-corp.com,Design,Designer,L3,NO,2016-10-23,578430,NOK
IMP-00997,Liu,Gupta,imp.00997@acme-corp.com,Sales,Analyst,L1,GB,2019-03-04,51924,GBP
IMP-00998,Elizabeth,Li,imp.00998@acme-corp.com,Engineering,Engineer,L5,ZA,2020-07-10,572485,ZAR
IMP-00999,Ana,Huang,imp.00999@acme-corp.com,Engineering,Engineer,L4,US,2018-09-16,146465,USD
IMP-01000,Akiko,Anderson,imp.01000@acme-corp.com,Finance,Analyst,L1,GB,2019-07-06,104944,GBP
IMP-01001,Joseph,Johnson,imp.01001@acme-corp.com,Sales,Analyst,L5,IN,2016-03-23,4171081,INR
IMP-01002,Patricia,Moreau,imp.01002@acme-corp.com,Engineering,Engineer,L4,ES,2018-05-13,62016,EUR
IMP-01003,Rahul,Kang,imp.01003@acme-corp.com,Finance,Analyst,L5,SE,2024-05-03,916046,SEK
IMP-01004,David,Nair,imp.01004@acme-corp.com,Sales,Analyst,L1,IN,2017-12-19,4303610,INR
IMP-01005,Hassan,Kumar,imp.01005@acme-corp.com,HR,Manager,L2,IN,2020-10-12,3673056,INR
IMP-01006,Robert,Kang,imp.01006@acme-corp.com,HR,Manager,L6,HK,2024-11-11,957648,HKD
IMP-01007,Carlos,Lee,imp.01007@acme-corp.com,Finance,Analyst,L1,IN,2016-03-27,4285465,INR
IMP-01008,Jose,Anderson,imp.01008@acme-corp.com,Operations,Manager,L4,FR,2018-12-08,124602,EUR
IMP-01009,Zara,Wang,imp.01009@acme-corp.com,Engineering,Engineer,L4,GB,2017-08-15,119174,GBP
IMP-01010,Zhang,Moore,imp.01010@acme-corp.com,Sales,Analyst,L6,CA,2017-05-22,137343,CAD
IMP-01011,Akiko,Nair,imp.01011@acme-corp.com,Finance,Analyst,L3,FR,2020-01-17,50478,EUR
IMP-01012,Chen,Kim,imp.01012@acme-corp.com,Sales,Analyst,L5,AU,2018-11-29,178323,AUD
IMP-01013,Priya,Wu,imp.01013@acme-corp.com,Sales,Analyst,L4,PL,2016-03-20,97104,PLN
IMP-01014,Min,Thomas,imp.01014@acme-corp.com,Engineering,Engineer,L1,TW,2021-03-18,3241124,TWD
IMP-01015,Isabel,Liu,imp.01015@acme-corp.com,Sales,Analyst,L3,NO,2018-04-25,836595,NOK
IMP-01016,William,Wang,imp.01016@acme-corp.com,Operations,Manager,L5,ZA,2017-08-18,521016,ZAR
IMP-01017,Maria,Huang,imp.01017@acme-corp.com,Operations,Manager,L3,MX,2022-07-13,1039526,MXN
IMP-01018,Liu,Park,imp.01018@acme-corp.com,Sales,Analyst,L1,HK,2021-08-22,998915,HKD
IMP-01019,Yusuf,Singh,imp.01019@acme-corp.com,Engineering,Engineer,L2,US,2017-02-13,102167,USD
IMP-01020,Charles,Jones,imp.01020@acme-corp.com,Operations,Manager,L3,PL,2021-03-08,151011,PLN
IMP-01021,Aisha,Moore,imp.01021@acme-corp.com,Engineering,Engineer,L1,CH,2016-04-26,180899,CHF
IMP-01022,Zhang,Brown,imp.01022@acme-corp.com,Engineering,Engineer,L2,FR,2016-10-11,56372,EUR
IMP-01023,Patricia,Miller,imp.01023@acme-corp.com,Operations,Manager,L1,GB,2015-09-22,77713,GBP
IMP-01024,Layla,Song,imp.01024@acme-corp.com,HR,Manager,L4,SE,2015-08-18,1106218,SEK
IMP-01025,Sakura,Richter,imp.01025@acme-corp.com,Engineering,Engineer,L6,HK,2019-04-19,445828,HKD
IMP-01026,Thomas,Schulz,imp.01026@acme-corp.com,Engineering,Engineer,L6,US,2023-11-20,204308,USD
IMP-01027,Carlos,Lee,imp.01027@acme-corp.com,Finance,Analyst,L3,DE,2019-11-21,143092,EUR
IMP-01028,Kenji,Wilson,imp.01028@acme-corp.com,Engineering,Engineer,L3,HK,2015-12-24,656050,HKD
IMP-01029,Thomas,Thompson,imp.01029@acme-corp.com,Design,Designer,L5,DK,2017-12-04,1077384,DKK
IMP-01030,Chen,Taylor,imp.01030@acme-corp.com,HR,Manager,L4,US,2016-03-20,167173,USD
IMP-01031,Takeshi,Richter,imp.01031@acme-corp.com,Engineering,Engineer,L4,SG,2020-11-19,163150,SGD
IMP-01032,Jae-won,Jung,imp.01032@acme-corp.com,Design,Designer,L1,TW,2019-02-18,1318547,TWD
IMP-01033,Liu,Kumar,imp.01033@acme-corp.com,HR,Manager,L3,HK,2024-05-22,1118391,HKD
IMP-01034,Ibrahim,Hoffmann,imp.01034@acme-corp.com,Sales,Analyst,L3,TW,2018-07-09,1774822,TWD
IMP-01035,Jessica,Martinez,imp.01035@acme-corp.com,Engineering,Engineer,L2,IN,2021-11-19,3813756,INR
IMP-01036,Yuna,Thomas,imp.01036@acme-corp.com,Sales,Analyst,L5,NO,2018-07-25,1396128,NOK
IMP-01037,Thomas,Singh,imp.01037@acme-corp.com,Engineering,Engineer,L5,GB,2020-05-17,81624,GBP
IMP-01038,Mei,Bernard,imp.01038@acme-corp.com,HR,Manager,L6,US,2016-01-27,129713,USD
IMP-01039,Fatima,Richter,imp.01039@acme-corp.com,Engineering,Engineer,L2,SG,2023-01-21,115783,SGD
IMP-01040,Ananya,Roux,imp.01040@acme-corp.com,Engineering,Engineer,L6,KR,2016-04-17,43225123,KRW
IMP-01041,Jessica,Lee,imp.01041@acme-corp.com,HR,Manager,L6,AU,2020-05-31,169721,AUD
IMP-01042,Isabel,Garcia,imp.01042@acme-corp.com,Design,Designer,L1,AE,2017-08-30,416846,AED
IMP-01043,Richard,Bernard,imp.01043@acme-corp.com,Engineering,Engineer,L6,ES,2024-05-24,53674,EUR
IMP-01044,Jennifer,Richter,imp.01044@acme-corp.com,Engineering,Engineer,L1,US,2021-08-01,76704,USD
IMP-01045,Maria,Müller,imp.01045@acme-corp.com,Engineering,Engineer,L3,IE,2024-05-25,131625,EUR
IMP-01046,Fatima,Michel,imp.01046@acme-corp.com,Engineering,Engineer,L1,US,2021-01-15,174043,USD
IMP-01047,Akiko,Mehta,imp.01047@acme-corp.com,HR,Manager,L4,DE,2018-11-17,75328,EUR
IMP-01048,Mary,Yang,imp.01048@acme-corp.com,Engineering,Engineer,L2,US,2020-11-26,183987,USD
IMP-01049,Yusuf,Roux,imp.01049@acme-corp.com,Engineering,Engineer,L1,IE,2022-04-04,99581,EUR
IMP-01050,David,Taylor,imp.01050@acme-corp.com,Sales,Analyst,L6,PL,2018-10-14,89458,PLN
IMP-01051,Yuna,Laurent,imp.01051@acme-corp.com,Design,Designer,L5,GB,2016-09-09,53676,GBP
IMP-01052,William,Wang,imp.01052@acme-corp.com,Sales,Analyst,L3,FR,2016-09-01,107733,EUR
IMP-01053,Ananya,Lee,imp.01053@acme-corp.com,Engineering,Engineer,L3,CH,2023-01-30,122254,CHF
IMP-01054,Ji-young,White,imp.01054@acme-corp.com,Sales,Analyst,L3,GB,2020-01-03,145648,GBP
IMP-01055,Aisha,Reddy,imp.01055@acme-corp.com,Operations,Manager,L6,NO,2017-01-04,499456,NOK
IMP-01056,Takeshi,Gupta,imp.01056@acme-corp.com,HR,Manager,L6,SE,2022-02-11,1187562,SEK
IMP-01057,Zara,Mehta,imp.01057@acme-corp.com,Engineering,Engineer,L1,NL,2016-01-28,115159,EUR
IMP-01058,Yuki,Lee,imp.01058@acme-corp.com,Design,Designer,L3,US,2016-10-31,81323,USD
IMP-01059,Joseph,Xu,imp.01059@acme-corp.com,Finance,Analyst,L3,FR,2022-12-02,99708,EUR
IMP-01060,Francisco,Michel,imp.01060@acme-corp.com,Finance,Analyst,L2,AE,2017-10-10,259438,AED
IMP-01061,Rosa,Jones,imp.01061@acme-corp.com,Engineering,Engineer,L3,PL,2018-11-19,107341,PLN
IMP-01062,Sarah,Han,imp.01062@acme-corp.com,Operations,Manager,L1,TW,2024-08-05,2928750,TWD
IMP-01063,Thomas,Hoffmann,imp.01063@acme-corp.com,Engineering,Engineer,L5,NL,2024-03-12,120649,EUR
IMP-01064,Ji-young,Moore,imp.01064@acme-corp.com,Operations,Manager,L5,MX,2019-10-25,733749,MXN
IMP-01065,Arjun,Garcia,imp.01065@acme-corp.com,Finance,Analyst,L4,FR,2020-01-26,66889,EUR
IMP-01066,Takeshi,Hoffmann,imp.01066@acme-corp.com,Operations,Manager,L4,DE,2016-10-31,76704,EUR
IMP-01067,James,Li,imp.01067@acme-corp.com,Sales,Analyst,L1,IN,2015-06-16,2394319,INR
IMP-01068,Francisco,Reddy,imp.01068@acme-corp.com,Design,Designer,L3,DE,2015-01-23,79947,EUR
IMP-01069,Fatima,Jackson,imp.01069@acme-corp.com,Finance,Analyst,L2,FR,2023-03-13,146144,EUR
IMP-01070,Min,Lim,imp.01070@acme-corp.com,Engineering,Engineer,L3,MX,2017-09-15,1147542,MXN
IMP-01071,Thomas,Han,imp.01071@acme-corp.com,Engineering,Engineer,L4,JP,2015-10-27,9719351,JPY
IMP-01072,Linda,Patel,imp.01072@acme-corp.com,Design,Designer,L2,AU,2020-07-29,129648,AUD
IMP-01073,Zara,Wilson,imp.01073@acme-corp.com,Engineering,Engineer,L6,US,2024-02-16,212585,USD
IMP-01074,Maria,Patel,imp.01074@acme-corp.com,Engineering,Engineer,L3,CA,2018-03-04,123176,CAD
IMP-01075,Hiroshi,David,imp.01075@acme-corp.com,Engineering,Engineer,L3,NO,2022-03-05,781137,NOK
IMP-01076,Min,Wu,imp.01076@acme-corp.com,Finance,Analyst,L5,US,2020-07-27,131434,USD
IMP-01077,Ana,Nair,imp.01077@acme-corp.com,Engineering,Engineer,L2,CA,2024-09-29,127766,CAD
IMP-01078,James,Wu,imp.01078@acme-corp.com,Design,Designer,L1,IN,2022-12-24,3102903,INR
IMP-01079,Jennifer,Kumar,imp.01079@acme-corp.com,Operations,Manager,L6,HK,2019-04-18,1126943,HKD
IMP-01080,Sarah,Garcia,imp.01080@acme-corp.com,HR,Manager,L4,US,2017-10-23,103655,USD
IMP-01081,Charles,Kim,imp.01081@acme-corp.com,Engineering,Engineer,L3,SE,2016-12-31,1026849,SEK
IMP-01082,Susan,Sharma,imp.01082@acme-corp.com,Engineering,Engineer,L1,NO,2020-06-30,574532,NOK
IMP-01083,Zhang,Müller,imp.01083@acme-corp.com,Engineering,Engineer,L3,KR,2017-07-16,111688181,KRW
IMP-01084,Ibrahim,Pillai,imp.01084@acme-corp.com,Operations,Manager,L6,PL,2022-03-17,178539,PLN
IMP-01085,Zhang,Kang,imp.01085@acme-corp.com,Sales,Analyst,L1,FR,2015-11-02,103166,EUR
IMP-01086,Karen,Schulz,imp.01086@acme-corp.com,HR,Manager,L6,IN,2016-04-15,2468946,INR
IMP-01087,Mary,Müller,imp.01087@acme-corp.com,Engineering,Engineer,L1,IN,2022-10-13,2138621,INR
IMP-01088,Pedro,White,imp.01088@acme-corp.com,Operations,Manager,L3,IN,2018-01-20,2450294,INR
IMP-01089,James,Wu,imp.01089@acme-corp.com,Sales,Analyst,L1,MX,2018-06-04,543354,MXN
IMP-01090,Sung-min,Davis,imp.01090@acme-corp.com,Engineering,Engineer,L2,IE,2021-03-18,134559,EUR
IMP-01091,Pedro,Zhou,imp.01091@acme-corp.com,Operations,Manager,L6,PL,2024-06-11,209766,PLN
IMP-01092,Barbara,Chen,imp.01092@acme-corp.com,Engineering,Engineer,L2,GB,2015-07-28,142490,GBP
IMP-01093,Akiko,Thomas,imp.01093@acme-corp.com,Engineering,Engineer,L2,US,2022-06-15,214953,USD
IMP-01094,Patricia,Han,imp.01094@acme-corp.com,Engineering,Engineer,L4,JP,2016-01-16,4804775,JPY
IMP-01095,Ananya,Fischer,imp.01095@acme-corp.com,Engineering,Engineer,L6,US,2024-01-22,158975,USD
IMP-01096,Jae-won,Lim,imp.01096@acme-corp.com,Sales,Analyst,L1,IN,2019-06-29,2616912,INR
IMP-01097,Richard,White,imp.01097@acme-corp.com,Finance,Analyst,L1,DK,2023-11-01,654372,DKK
IMP-01098,Carmen,Simon,imp.01098@acme-corp.com,Design,Designer,L6,NO,2022-12-26,497129,NOK
IMP-01099,Jae-won,Joshi,imp.01099@acme-corp.com,Engineering,Engineer,L5,DK,2017-04-26,694589,DKK
IMP-01100,Sakura,Davis,imp.01100@acme-corp.com,Engineering,Engineer,L2,NO,2023-08-22,842308,NOK
IMP-01101,Akiko,Klein,imp.01101@acme-corp.com,HR,Manager,L2,DK,2018-01-14,553631,DKK
IMP-01102,Liu,Wilson,imp.01102@acme-corp.com,Engineering,Engineer,L6,ES,2022-01-26,91922,EUR
IMP-01103,Mei,Kim,imp.01103@acme-corp.com,Operations,Manager,L4,PL,2016-01-29,169790,PLN
IMP-01104,Richard,Kang,imp.01104@acme-corp.com,Finance,Analyst,L5,SE,2019-06-01,1198684,SEK
IMP-01105,Ji-young,Liu,imp.01105@acme-corp.com,Operations,Manager,L3,DE,2017-04-21,143497,EUR
IMP-01106,Joseph,Yang,imp.01106@acme-corp.com,Sales,Analyst,L4,ZA,2015-05-09,1052436,ZAR
IMP-01107,Sung-min,Anderson,imp.01107@acme-corp.com,Sales,Analyst,L1,US,2018-06-11,135493,USD
IMP-01108,Hiroshi,White,imp.01108@acme-corp.com,Engineering,Engineer,L5,DE,2020-12-08,52677,EUR
IMP-01109,James,Xu,imp.01109@acme-corp.com,Engineering,Engineer,L4,US,2016-01-23,213305,USD
IMP-01110,Carlos,Fischer,imp.01110@acme-corp.com,Sales,Analyst,L2,SG,2020-07-16,77507,SGD
IMP-01111,Susan,Yang,imp.01111@acme-corp.com,Sales,Analyst,L3,MX,2019-07-25,1056995,MXN
IMP-01112,Richard,Patel,imp.01112@acme-corp.com,Finance,Analyst,L3,DK,2018-09-25,645051,DKK
IMP-01113,Kenji,Wu,imp.01113@acme-corp.com,Operations,Manager,L5,TW,2019-03-16,1429126,TWD
IMP-01114,Jose,Becker,imp.01114@acme-corp.com,Sales,Analyst,L1,DK,2018-06-28,788096,DKK
IMP-01115,Jose,Taylor,imp.01115@acme-corp.com,Engineering,Engineer,L5,DK,2016-11-28,886648,DKK
IMP-01116,Sakura,Taylor,imp.01116@acme-corp.com,Operations,Manager,L3,HK,2022-08-12,555413,HKD
IMP-01117,Charles,Lee,imp.01117@acme-corp.com,Engineering,Engineer,L6,ZA,2018-10-09,1000347,ZAR
IMP-01118,Michael,Zhou,imp.01118@acme-corp.com,Engineering,Engineer,L5,DK,2022-08-17,637616,DKK
IMP-01119,Luis,White,imp.01119@acme-corp.com,Engineering,Engineer,L3,PL,2023-09-26,119614,PLN
IMP-01120,Ana,Hoffmann,imp.01120@acme-corp.com,Engineering,Engineer,L5,IN,2016-05-15,1307967,INR
IMP-01121,Sarah,Nair,imp.01121@acme-corp.com,Engineering,Engineer,L5,IE,2023-09-05,87082,EUR
IMP-01122,Arjun,Miller,imp.01122@acme-corp.com,Operations,Manager,L5,AU,2024-02-01,96887,AUD
IMP-01123,Barbara,Park,imp.01123@acme-corp.com,Finance,Analyst,L6,TW,2021-05-05,869247,TWD
IMP-01124,Pedro,Mehta,imp.01124@acme-corp.com,HR,Manager,L1,US,2019-04-09,122743,USD
IMP-01125,Fatima,Nair,imp.01125@acme-corp.com,Sales,Analyst,L5,US,2023-06-28,139904,USD
IMP-01126,Richard,Mehta,imp.01126@acme-corp.com,Engineering,Engineer,L6,SE,2016-06-02,960035,SEK
IMP-01127,Nancy,Wilson,imp.01127@acme-corp.com,Operations,Manager,L4,TW,2015-06-04,1566950,TWD
IMP-01128,Luis,Jung,imp.01128@acme-corp.com,Engineering,Engineer,L6,NO,2018-07-04,1043244,NOK
IMP-01129,Ahmed,Müller,imp.01129@acme-corp.com,Sales,Analyst,L1,KR,2018-07-31,117859262,KRW
IMP-01130,Joseph,Taylor,imp.01130@acme-corp.com,Sales,Analyst,L1,CA,2020-03-21,143630,CAD
IMP-01131,Mary,Braun,imp.01131@acme-corp.com,Operations,Manager,L4,ZA,2022-10-01,561721,ZAR
IMP-01132,Min,Li,imp.01132@acme-corp.com,Sales,Analyst,L5,US,2018-06-02,218720,USD
IMP-01133,Sung-min,Braun,imp.01133@acme-corp.com,HR,Manager,L6,IE,2015-09-03,70214,EUR
IMP-01134,Yuki,Smith,imp.01134@acme-corp.com,Sales,Analyst,L5,CH,2016-10-22,99777,CHF
IMP-01135,Aisha,Martin,imp.01135@acme-corp.com,Operations,Manager,L4,ES,2021-05-30,133028,EUR
IMP-01136,Zara,Joshi,imp.01136@acme-corp.com,Sales,Analyst,L3,HK,2020-07-27,744611,HKD
IMP-01137,Layla,Han,imp.01137@acme-corp.com,Engineering,Engineer,L3,GB,2022-01-31,138122,GBP
IMP-01138,Fatima,Braun,imp.01138@acme-corp.com,Sales,Analyst,L2,GB,2019-01-11,149131,GBP
IMP-01139,Jose,Zhang,imp.01139@acme-corp.com,Engineering,Engineer,L5,MX,2024-09-21,833135,MXN
IMP-01140,Akiko,Brown,imp.01140@acme-corp.com,Engineering,Engineer,L5,US,2016-09-13,74691,USD
IMP-01141,Min,Lee,imp.01141@acme-corp.com,Engineering,Engineer,L6,GB,2019-12-02,103694,GBP
IMP-01142,Hassan,Richter,imp.01142@acme-corp.com,Finance,Analyst,L1,US,2021-07-28,176373,USD
IMP-01143,Maria,Singh,imp.01143@acme-corp.com,Finance,Analyst,L4,TW,2017-01-02,3444497,TWD
IMP-01144,Arjun,Garcia,imp.01144@acme-corp.com,Engineering,Engineer,L5,PL,2023-09-22,203920,PLN
IMP-01145,Maria,Sharma,imp.01145@acme-corp.com,Operations,Manager,L6,AU,2022-12-18,136938,AUD
IMP-01146,Min,Roux,imp.01146@acme-corp.com,Engineering,Engineer,L2,HK,2024-09-19,1018997,HKD
IMP-01147,William,David,imp.01147@acme-corp.com,Operations,Manager,L1,PL,2022-08-23,132916,PLN
IMP-01148,Arjun,Patel,imp.01148@acme-corp.com,HR,Manager,L3,DE,2018-12-20,68434,EUR
IMP-01149,Omar,Dupont,imp.01149@acme-corp.com,Sales,Analyst,L1,TW,2017-08-25,1431597,TWD
IMP-01150,Akiko,Liu,imp.01150@acme-corp.com,Engineering,Engineer,L2,NO,2018-09-08,716893,NOK
IMP-01151,Michael,Richter,imp.01151@acme-corp.com,Operations,Manager,L4,TW,2019-02-01,2312121,TWD
IMP-01152,Rosa,Yang,imp.01152@acme-corp.com,Sales,Analyst,L4,NL,2022-06-27,130961,EUR
IMP-01153,Jessica,Simon,imp.01153@acme-corp.com,Engineering,Engineer,L1,GB,2023-08-20,87330,GBP
IMP-01154,Joseph,Thompson,imp.01154@acme-corp.com,Engineering,Engineer,L4,DE,2018-05-24,88327,EUR
IMP-01155,Hiroshi,Choi,imp.01155@acme-corp.com,Sales,Analyst,L5,NL,2023-02-22,86009,EUR
IMP-01156,Charles,Jackson,imp.01156@acme-corp.com,Engineering,Engineer,L1,CH,2015-06-15,97316,CHF
IMP-01157,Joseph,Nair,imp.01157@acme-corp.com,Operations,Manager,L6,ES,2017-05-04,68143,EUR
IMP-01158,Richard,Gupta,imp.01158@acme-corp.com,Engineering,Engineer,L3,IE,2019-12-27,149139,EUR
IMP-01159,Priya,Garcia,imp.01159@acme-corp.com,Finance,Analyst,L6,KR,2017-12-24,117603494,KRW
IMP-01160,Kenji,Zhang,imp.01160@acme-corp.com,Engineering,Engineer,L5,GB,2021-05-20,63215,GBP
IMP-01161,Robert,Sharma,imp.01161@acme-corp.com,Sales,Analyst,L1,ES,2016-09-12,134415,EUR
IMP-01162,Carmen,Li,imp.01162@acme-corp.com,Operations,Manager,L6,GB,2020-12-17,66591,GBP
IMP-01163,Layla,Jones,imp.01163@acme-corp.com,Sales,Analyst,L1,ES,2017-11-06,54039,EUR
IMP-01164,Joseph,Zhang,imp.01164@acme-corp.com,Finance,Analyst,L3,AE,2015-06-18,356378,AED
IMP-01165,Hassan,Liu,imp.01165@acme-corp.com,Sales,Analyst,L5,SG,2022-07-05,132791,SGD
IMP-01166,Susan,Jackson,imp.01166@acme-corp.com,Sales,Analyst,L4,PL,2016-09-11,192668,PLN
IMP-01167,Takeshi,Smith,imp.01167@acme-corp.com,Operations,Manager,L4,PL,2024-08-07,159951,PLN
IMP-01168,Elizabeth,Patel,imp.01168@acme-corp.com,Sales,Analyst,L2,US,2017-05-13,183584,USD
IMP-01169,Sung-min,Sharma,imp.01169@acme-corp.com,Operations,Manager,L3,HK,2024-01-18,562091,HKD
IMP-01170,Robert,Kumar,imp.01170@acme-corp.com,Engineering,Engineer,L5,PL,2022-07-30,195428,PLN
IMP-01171,Omar,Martin,imp.01171@acme-corp.com,Operations,Manager,L5,ES,2017-10-30,130081,EUR
IMP-01172,Carlos,Singh,imp.01172@acme-corp.com,Sales,Analyst,L5,MX,2015-11-22,353563,MXN
IMP-01173,Michael,Joshi,imp.01173@acme-corp.com,HR,Manager,L5,DE,2016-09-14,99645,EUR
IMP-01174,Ana,Mehta,imp.01174@acme-corp.com,Sales,Analyst,L3,DE,2018-09-04,83693,EUR
IMP-01175,Richard,Weber,imp.01175@acme-corp.com,Engineering,Engineer,L3,DE,2017-12-10,103009,EUR
IMP-01176,Michael,Garcia,imp.01176@acme-corp.com,Operations,Manager,L2,TW,2022-05-08,2194229,TWD
IMP-01177,Yuna,Moreau,imp.01177@acme-corp.com,Engineering,Engineer,L6,ES,2017-09-22,55624,EUR
IMP-01178,Ananya,Lee,imp.01178@acme-corp.com,Sales,Analyst,L4,HK,2023-05-25,441470,HKD
IMP-01179,Pedro,Yoon,imp.01179@acme-corp.com,Sales,Analyst,L6,IE,2016-04-14,85606,EUR
IMP-01180,Jae-won,Martinez,imp.01180@acme-corp.com,Sales,Analyst,L1,DK,2022-10-20,872632,DKK
IMP-01181,Takeshi,Park,imp.01181@acme-corp.com,Operations,Manager,L6,HK,2024-08-19,477980,HKD
IMP-01182,Aisha,Nair,imp.01182@acme-corp.com,Engineering,Engineer,L3,AE,2017-04-20,511937,AED
IMP-01183,Chen,Martin,imp.01183@acme-corp.com,Sales,Analyst,L4,AU,2016-10-22,114388,AUD
IMP-01184,Yuki,Garcia,imp.01184@acme-corp.com,Operations,Manager,L6,IN,2024-01-02,1838738,INR
IMP-01185,Sung-min,Yang,imp.01185@acme-corp.com,Operations,Manager,L6,IE,2022-12-30,144080,EUR
IMP-01186,Hassan,Yang,imp.01186@acme-corp.com,HR,Manager,L1,FR,2018-03-19,84142,EUR
IMP-01187,Takeshi,Martinez,imp.01187@acme-corp.com,Operations,Manager,L1,FR,2018-05-11,113539,EUR
IMP-01188,Rosa,Zhou,imp.01188@acme-corp.com,Finance,Analyst,L2,US,2015-08-07,103548,USD
IMP-01189,Linda,Jones,imp.01189@acme-corp.com,Engineering,Engineer,L6,KR,2024-04-04,107961879,KRW
IMP-01190,Rahul,Martin,imp.01190@acme-corp.com,Sales,Analyst,L1,HK,2024-06-14,516751,HKD
IMP-01191,Barbara,White,imp.01191@acme-corp.com,Operations,Manager,L6,US,2016-10-14,166822,USD
IMP-01192,Aisha,Richter,imp.01192@acme-corp.com,Sales,Analyst,L2,GB,2018-11-06,158033,GBP
IMP-01193,Michael,Anderson,imp.01193@acme-corp.com,Sales,Analyst,L2,DE,2015-06-25,114540,EUR
IMP-01194,Takeshi,Zhang,imp.01194@acme-corp.com,Operations,Manager,L1,US,2023-08-27,119798,USD
IMP-01195,Ana,Schulz,imp.01195@acme-corp.com,Sales,Analyst,L5,US,2019-09-13,156340,USD
IMP-01196,Yuki,Xu,imp.01196@acme-corp.com,Sales,Analyst,L2,DK,2019-11-27,1158440,DKK
IMP-01197,Layla,Smith,imp.01197@acme-corp.com,HR,Manager,L5,US,2016-03-31,118442,USD
IMP-01198,Francisco,Singh,imp.01198@acme-corp.com,Engineering,Engineer,L1,AE,2022-09-09,393251,AED
IMP-01199,Francisco,Mehta,imp.01199@acme-corp.com,Sales,Analyst,L3,AE,2021-07-25,441664,AED
IMP-01200,Yuna,White,imp.01200@acme-corp.com,Finance,Analyst,L3,NO,2024-08-04,930079,NOK
IMP-01201,Yuna,Yang,imp.01201@acme-corp.com,Sales,Analyst,L3,GB,2020-03-01,152013,GBP
IMP-01202,Zhang,Jones,imp.01202@acme-corp.com,HR,Manager,L5,AU,2017-11-10,145327,AUD
IMP-01203,Rosa,Huang,imp.01203@acme-corp.com,Engineering,Engineer,L4,KR,2020-03-02,93042940,KRW
IMP-01204,Patricia,Joshi,imp.01204@acme-corp.com,Engineering,Engineer,L3,ES,2015-01-31,79066,EUR
IMP-01205,Mary,Johnson,imp.01205@acme-corp.com,Finance,Analyst,L3,SE,2022-07-13,634848,SEK
IMP-01206,Zhang,Williams,imp.01206@acme-corp.com,Engineering,Engineer,L3,SE,2022-02-21,886850,SEK
IMP-01207,Isabel,Garcia,imp.01207@acme-corp.com,Sales,Analyst,L1,CH,2016-04-26,167605,CHF
IMP-01208,Priya,Song,imp.01208@acme-corp.com,Operations,Manager,L3,DE,2021-08-28,122731,EUR
IMP-01209,Karen,Weber,imp.01209@acme-corp.com,Engineering,Engineer,L2,NO,2017-12-29,937561,NOK
IMP-01210,Charles,Zhang,imp.01210@acme-corp.com,Engineering,Engineer,L3,AU,2015-12-30,160461,AUD
IMP-01211,Charles,David,imp.01211@acme-corp.com,Operations,Manager,L1,AE,2020-05-30,410519,AED
IMP-01212,Nancy,Williams,imp.01212@acme-corp.com,Engineering,Engineer,L4,US,2019-01-25,213734,USD
IMP-01213,Ji-young,Roux,imp.01213@acme-corp.com,Engineering,Engineer,L5,IN,2016-06-28,1037084,INR
IMP-01214,Yuna,Roux,imp.01214@acme-corp.com,HR,Manager,L5,US,2015-11-10,179856,USD
IMP-01215,Rosa,Davis,imp.01215@acme-corp.com,Engineering,Engineer,L3,HK,2018-01-14,451146,HKD
IMP-01216,David,Hernandez,imp.01216@acme-corp.com,Engineering,Engineer,L4,CH,2015-12-01,182307,CHF
IMP-01217,Francisco,Weber,imp.01217@acme-corp.com,Engineering,Engineer,L3,MX,2022-06-03,613640,MXN
IMP-01218,Barbara,Williams,imp.01218@acme-corp.com,Engineering,Engineer,L4,CA,2017-12-20,88793,CAD
IMP-01219,Fatima,Chen,imp.01219@acme-corp.com,Operations,Manager,L5,DK,2024-02-16,805945,DKK
IMP-01220,Jessica,David,imp.01220@acme-corp.com,Engineering,Engineer,L6,ES,2021-08-31,94094,EUR
IMP-01221,Francisco,Brown,imp.01221@acme-corp.com,HR,Manager,L6,DE,2024-10-18,105864,EUR
IMP-01222,Takeshi,Fischer,imp.01222@acme-corp.com,Sales,Analyst,L1,SG,2021-09-16,188471,SGD
IMP-01223,Omar,Lee,imp.01223@acme-corp.com,Operations,Manager,L1,IN,2017-11-30,3593756,INR
IMP-01224,Maria,Nair,imp.01224@acme-corp.com,Engineering,Engineer,L3,ZA,2016-05-06,1382693,ZAR
IMP-01225,James,Xu,imp.01225@acme-corp.com,Design,Designer,L2,AE,2019-06-10,269323,AED
IMP-01226,Ji-young,Patel,imp.01226@acme-corp.com,Engineering,Engineer,L6,ZA,2016-08-04,803867,ZAR
IMP-01227,Hassan,Song,imp.01227@acme-corp.com,Finance,Analyst,L6,ZA,2015-04-17,553149,ZAR
IMP-01228,Hiroshi,Hernandez,imp.01228@acme-corp.com,Engineering,Engineer,L5,NL,2019-01-20,124100,EUR
IMP-01229,Min,Chen,imp.01229@acme-corp.com,Finance,Analyst,L6,SG,2020-07-26,162623,SGD
IMP-01230,Rosa,Moreau,imp.01230@acme-corp.com,Sales,Analyst,L5,ES,2017-12-26,55304,EUR
IMP-01231,Hassan,Moore,imp.01231@acme-corp.com,Operations,Manager,L3,US,2018-10-12,91174,USD
IMP-01232,Takeshi,Müller,imp.01232@acme-corp.com,Sales,Analyst,L6,DK,2015-01-18,1149457,DKK
IMP-01233,Luis,Choi,imp.01233@acme-corp.com,Engineering,Engineer,L6,GB,2018-03-24,74053,GBP
IMP-01234,Robert,Reddy,imp.01234@acme-corp.com,Finance,Analyst,L2,KR,2022-03-22,106400781,KRW
IMP-01235,Patricia,Huang,imp.01235@acme-corp.com,Sales,Analyst,L4,AE,2015-12-03,467177,AED
IMP-01236,Min,Taylor,imp.01236@acme-corp.com,Sales,Analyst,L4,HK,2022-07-08,1125130,HKD
IMP-01237,Kenji,Reddy,imp.01237@acme-corp.com,Sales,Analyst,L2,JP,2022-03-27,14191395,JPY
IMP-01238,Joseph,Chen,imp.01238@acme-corp.com,Design,Designer,L5,TW,2021-10-22,2305832,TWD
IMP-01239,Zhang,Davis,imp.01239@acme-corp.com,Sales,Analyst,L6,ES,2019-10-01,93661,EUR
IMP-01240,Pedro,Laurent,imp.01240@acme-corp.com,Engineering,Engineer,L3,PL,2021-06-11,229397,PLN
IMP-01241,William,Schmidt,imp.01241@acme-corp.com,Sales,Analyst,L2,DK,2021-10-22,416826,DKK
IMP-01242,Joseph,Choi,imp.01242@acme-corp.com,Engineering,Engineer,L5,DK,2024-04-08,858264,DKK
IMP-01243,Richard,Klein,imp.01243@acme-corp.com,Engineering,Engineer,L1,ES,2019-04-30,65140,EUR
IMP-01244,James,Taylor,imp.01244@acme-corp.com,HR,Manager,L2,SE,2019-04-17,620497,SEK
IMP-01245,Ananya,Lim,imp.01245@acme-corp.com,Sales,Analyst,L2,MX,2020-01-21,631950,MXN
IMP-01246,Patricia,Wilson,imp.01246@acme-corp.com,Operations,Manager,L3,AU,2016-03-03,182476,AUD
IMP-01247,Jennifer,Lim,imp.01247@acme-corp.com,Engineering,Engineer,L5,ZA,2024-04-10,919046,ZAR
IMP-01248,Charles,White,imp.01248@acme-corp.com,HR,Manager,L2,US,2019-10-09,210517,USD
IMP-01249,Zhang,Hoffmann,imp.01249@acme-corp.com,Design,Designer,L3,CA,2021-02-22,131178,CAD
IMP-01250,Min,Laurent,imp.01250@acme-corp.com,Operations,Manager,L3,AU,2018-09-30,91729,AUD
IMP-01251,Jennifer,Huang,imp.01251@acme-corp.com,Engineering,Engineer,L3,DK,2024-10-09,938578,DKK
IMP-01252,James,Reddy,imp.01252@acme-corp.com,Engineering,Engineer,L1,US,2021-05-17,187360,USD
IMP-01253,Thomas,Roux,imp.01253@acme-corp.com,Sales,Analyst,L6,AU,2021-12-21,116277,AUD
IMP-01254,Jennifer,Yang,imp.01254@acme-corp.com,Finance,Analyst,L2,GB,2022-08-13,55687,GBP
IMP-01255,Karen,Weber,imp.01255@acme-corp.com,Engineering,Engineer,L4,HK,2015-10-20,1159313,HKD
IMP-01256,Zhang,Williams,imp.01256@acme-corp.com,Design,Designer,L3,GB,2015-10-14,64131,GBP
IMP-01257,Arjun,Jung,imp.01257@acme-corp.com,Engineering,Engineer,L2,US,2022-02-17,134869,USD
IMP-01258,Nancy,Müller,imp.01258@acme-corp.com,Sales,Analyst,L3,IE,2024-11-08,127377,EUR
IMP-01259,Jae-won,Fischer,imp.01259@acme-corp.com,Engineering,Engineer,L4,FR,2020-10-23,69804,EUR
IMP-01260,Layla,Yoon,imp.01260@acme-corp.com,HR,Manager,L3,US,2023-08-28,97487,USD
IMP-01261,Sakura,Schulz,imp.01261@acme-corp.com,HR,Manager,L1,GB,2023-01-22,61421,GBP
IMP-01262,Sarah,Martin,imp.01262@acme-corp.com,Engineering,Engineer,L2,NO,2015-09-01,461781,NOK
IMP-01263,Zhang,Hernandez,imp.01263@acme-corp.com,HR,Manager,L2,MX,2015-07-08,1121035,MXN
IMP-01264,Robert,Hernandez,imp.01264@acme-corp.com,Engineering,Engineer,L2,CH,2023-01-08,120596,CHF
IMP-01265,Jennifer,Roux,imp.01265@acme-corp.com,Engineering,Engineer,L1,US,2016-03-16,206131,USD
IMP-01266,Mei,Park,imp.01266@acme-corp.com,Engineering,Engineer,L5,US,2024-09-13,141198,USD
IMP-01267,David,Wang,imp.01267@acme-corp.com,Engineering,Engineer,L5,SG,2018-12-26,155879,SGD
IMP-01268,Wei,Singh,imp.01268@acme-corp.com,Operations,Manager,L3,US,2020-03-12,173264,USD
IMP-01269,Jessica,Kang,imp.01269@acme-corp.com,HR,Manager,L1,US,2020-02-09,129060,USD
IMP-01270,Joseph,Garcia,imp.01270@acme-corp.com,HR,Manager,L3,SG,2021-06-23,87238,SGD
IMP-01271,Sung-min,Roux,imp.01271@acme-corp.com,HR,Manager,L1,IN,2022-09-16,1025608,INR
IMP-01272,Wei,Michel,imp.01272@acme-corp.com,Engineering,Engineer,L4,CH,2023-03-24,146383,CHF
IMP-01273,Pedro,Michel,imp.01273@acme-corp.com,Engineering,Engineer,L6,NO,2015-02-15,1124821,NOK
IMP-01274,Arjun,Patel,imp.01274@acme-corp.com,HR,Manager,L2,US,2018-03-02,198330,USD
IMP-01275,Wei,Dupont,imp.01275@acme-corp.com,Engineering,Engineer,L5,FR,2021-08-01,55763,EUR
IMP-01276,Ji-young,Miller,imp.01276@acme-corp.com,Finance,Analyst,L6,SG,2016-11-21,78437,SGD
IMP-01277,Liu,Singh,imp.01277@acme-corp.com,Finance,Analyst,L5,IE,2016-04-07,134947,EUR
IMP-01278,Sarah,Reddy,imp.01278@acme-corp.com,Finance,Analyst,L6,NO,2022-09-06,763053,NOK
IMP-01279,Joseph,Fischer,imp.01279@acme-corp.com,Engineering,Engineer,L5,IN,2015-09-11,2257017,INR
IMP-01280,Chen,Richter,imp.01280@acme-corp.com,Sales,Analyst,L4,GB,2024-12-11,89090,GBP
IMP-01281,Robert,Martin,imp.01281@acme-corp.com,Finance,Analyst,L3,FR,2024-11-18,78216,EUR
IMP-01282,Kenji,Choi,imp.01282@acme-corp.com,Engineering,Engineer,L3,IN,2022-09-17,1614180,INR
IMP-01283,Omar,Garcia,imp.01283@acme-corp.com,Engineering,Engineer,L1,KR,2022-02-09,89052840,KRW
IMP-01284,Hiroshi,Davis,imp.01284@acme-corp.com,Engineering,Engineer,L4,NL,2019-05-21,67140,EUR
IMP-01285,Jessica,Wang,imp.01285@acme-corp.com,Operations,Manager,L5,DK,2016-06-23,731717,DKK
IMP-01286,Ji-young,Gupta,imp.01286@acme-corp.com,Engineering,Engineer,L5,IN,2024-07-09,2544374,INR
IMP-01287,Arjun,Lee,imp.01287@acme-corp.com,Engineering,Engineer,L1,PL,2015-11-05,236607,PLN
IMP-01288,Sarah,Hernandez,imp.01288@acme-corp.com,Finance,Analyst,L6,CH,2022-03-16,163936,CHF
IMP-01289,Yuki,Patel,imp.01289@acme-corp.com,Finance,Analyst,L3,AU,2021-11-30,173262,AUD
IMP-01290,Francisco,Gupta,imp.01290@acme-corp.com,HR,Manager,L3,ES,2018-08-19,149576,EUR
IMP-01291,Jessica,Wang,imp.01291@acme-corp.com,Sales,Analyst,L5,CH,2015-08-22,108933,CHF
IMP-01292,Hassan,Lim,imp.01292@acme-corp.com,Finance,Analyst,L5,DE,2018-11-14,60803,EUR
IMP-01293,Sung-min,Lim,imp.01293@acme-corp.com,Finance,Analyst,L3,DK,2015-02-25,1014167,DKK
IMP-01294,Michael,Becker,imp.01294@acme-corp.com,Sales,Analyst,L4,GB,2015-07-24,153164,GBP
IMP-01295,Nancy,Li,imp.01295@acme-corp.com,Sales,Analyst,L5,US,2022-12-25,127680,USD
IMP-01296,Aisha,Richter,imp.01296@acme-corp.com,Engineering,Engineer,L4,ES,2022-04-03,116788,EUR
IMP-01297,Thomas,Singh,imp.01297@acme-corp.com,Engineering,Engineer,L1,DK,2020-04-14,928817,DKK
IMP-01298,Layla,Kim,imp.01298@acme-corp.com,Operations,Manager,L6,KR,2015-04-28,112518365,KRW
IMP-01299,Ibrahim,Lim,imp.01299@acme-corp.com,Design,Designer,L4,CA,2015-09-17,137143,CAD
IMP-01300,Hassan,Miller,imp.01300@acme-corp.com,Sales,Analyst,L3,HK,2023-07-22,355108,HKD
IMP-01301,Ananya,Klein,imp.01301@acme-corp.com,Engineering,Engineer,L5,CA,2022-06-19,147802,CAD
IMP-01302,Carlos,Laurent,imp.01302@acme-corp.com,Design,Designer,L5,US,2024-12-25,213415,USD
IMP-01303,Carlos,Pillai,imp.01303@acme-corp.com,Engineering,Engineer,L4,US,2020-03-05,122002,USD
IMP-01304,Jose,Lim,imp.01304@acme-corp.com,HR,Manager,L3,GB,2024-06-11,73301,GBP
IMP-01305,Kenji,Reddy,imp.01305@acme-corp.com,Operations,Manager,L3,IN,2021-11-07,3826598,INR
IMP-01306,Hiroshi,Garcia,imp.01306@acme-corp.com,Operations,Manager,L4,US,2018-10-23,201413,USD
IMP-01307,Charles,Joshi,imp.01307@acme-corp.com,HR,Manager,L2,GB,2020-10-04,60489,GBP
IMP-01308,Min,Choi,imp.01308@acme-corp.com,HR,Manager,L1,NO,2021-04-29,816551,NOK
IMP-01309,Jennifer,Roux,imp.01309@acme-corp.com,Engineering,Engineer,L4,NL,2016-09-24,67991,EUR
IMP-01310,Liu,Smith,imp.01310@acme-corp.com,Engineering,Engineer,L5,US,2020-01-08,100152,USD
IMP-01311,Mary,Chen,imp.01311@acme-corp.com,Sales,Analyst,L1,CH,2017-07-10,178417,CHF
IMP-01312,Sakura,Singh,imp.01312@acme-corp.com,Finance,Analyst,L1,NL,2015-06-25,105128,EUR
IMP-01313,Joseph,Dupont,imp.01313@acme-corp.com,Sales,Analyst,L2,TW,2016-10-19,1963484,TWD
IMP-01314,Arjun,Schmidt,imp.01314@acme-corp.com,Sales,Analyst,L5,US,2017-06-20,192506,USD
IMP-01315,Sakura,Taylor,imp.01315@acme-corp.com,Operations,Manager,L2,US,2023-09-28,186050,USD
IMP-01316,Rosa,Laurent,imp.01316@acme-corp.com,Finance,Analyst,L2,ZA,2022-10-08,640584,ZAR
IMP-01317,Min,Wilson,imp.01317@acme-corp.com,Finance,Analyst,L3,JP,2024-09-05,15946075,JPY
IMP-01318,Jessica,Laurent,imp.01318@acme-corp.com,Sales,Analyst,L1,TW,2022-10-07,2686975,TWD
IMP-01319,Priya,Hernandez,imp.01319@acme-corp.com,Sales,Analyst,L6,NL,2019-09-18,51075,EUR
IMP-01320,Jae-won,Anderson,imp.01320@acme-corp.com,Sales,Analyst,L2,IN,2020-11-22,3720821,INR
IMP-01321,Linda,Yang,imp.01321@acme-corp.com,Engineering,Engineer,L5,SE,2019-08-13,510916,SEK
IMP-01322,Sarah,Song,imp.01322@acme-corp.com,Operations,Manager,L3,US,2019-05-05,147320,USD
IMP-01323,Priya,Joshi,imp.01323@acme-corp.com,HR,Manager,L3,SE,2018-10-29,990542,SEK
IMP-01324,Ji-young,Thomas,imp.01324@acme-corp.com,Finance,Analyst,L5,US,2021-01-19,185691,USD
IMP-01325,Kenji,Thomas,imp.01325@acme-corp.com,Engineering,Engineer,L5,IN,2023-07-06,3491488,INR
IMP-01326,Barbara,Zhou,imp.01326@acme-corp.com,Finance,Analyst,L3,JP,2020-06-27,15713170,JPY
IMP-01327,Jae-won,Müller,imp.01327@acme-corp.com,HR,Manager,L1,GB,2024-11-23,68907,GBP
IMP-01328,Jae-won,White,imp.01328@acme-corp.com,Sales,Analyst,L2,FR,2016-11-22,112651,EUR
IMP-01329,Mei,Pillai,imp.01329@acme-corp.com,Sales,Analyst,L6,JP,2022-02-08,4285440,JPY
IMP-01330,Zhang,Weber,imp.01330@acme-corp.com,Finance,Analyst,L4,GB,2017-08-08,132480,GBP
IMP-01331,Zhang,Becker,imp.01331@acme-corp.com,HR,Manager,L1,IE,2024-01-26,65350,EUR
IMP-01332,Layla,Hoffmann,imp.01332@acme-corp.com,Operations,Manager,L3,IN,2020-08-02,2723432,INR
IMP-01333,Ananya,Martinez,imp.01333@acme-corp.com,Finance,Analyst,L6,US,2024-10-11,119864,USD
IMP-01334,Omar,Anderson,imp.01334@acme-corp.com,Engineering,Engineer,L4,CH,2020-07-07,109813,CHF
IMP-01335,Jessica,Richter,imp.01335@acme-corp.com,Operations,Manager,L6,CH,2016-12-05,165870,CHF
IMP-01336,Yuki,Thomas,imp.01336@acme-corp.com,Design,Designer,L4,IN,2022-03-22,1502551,INR
IMP-01337,Carlos,Singh,imp.01337@acme-corp.com,Engineering,Engineer,L6,CA,2019-03-31,107558,CAD
IMP-01338,Layla,Lee,imp.01338@acme-corp.com,Operations,Manager,L4,US,2019-12-12,212672,USD
IMP-01339,Yuna,Laurent,imp.01339@acme-corp.com,Engineering,Engineer,L1,SG,2022-02-20,81843,SGD
IMP-01340,Thomas,Braun,imp.01340@acme-corp.com,Engineering,Engineer,L6,DE,2019-03-31,149859,EUR
IMP-01341,Charles,Park,imp.01341@acme-corp.com,Engineering,Engineer,L1,DK,2019-07-15,513745,DKK
IMP-01342,Jae-won,Miller,imp.01342@acme-corp.com,Operations,Manager,L6,NL,2024-11-17,70575,EUR
IMP-01343,Ji-young,Anderson,imp.01343@acme-corp.com,Operations,Manager,L5,SE,2015-10-03,623345,SEK
IMP-01344,Isabel,Jung,imp.01344@acme-corp.com,Sales,Analyst,L4,KR,2015-01-19,81440964,KRW
IMP-01345,Francisco,Jackson,imp.01345@acme-corp.com,Finance,Analyst,L2,JP,2021-02-09,10018538,JPY
IMP-01346,Thomas,Schulz,imp.01346@acme-corp.com,Operations,Manager,L3,IE,2015-04-10,124697,EUR
IMP-01347,Yuki,Schmidt,imp.01347@acme-corp.com,Operations,Manager,L1,ZA,2021-09-26,1296552,ZAR
IMP-01348,Elizabeth,Roux,imp.01348@acme-corp.com,Operations,Manager,L4,US,2017-01-26,188423,USD
IMP-01349,Zara,Jackson,imp.01349@acme-corp.com,Operations,Manager,L5,SE,2018-07-30,1047381,SEK
IMP-01350,Yuki,Sharma,imp.01350@acme-corp.com,Sales,Analyst,L5,FR,2022-07-21,67344,EUR
IMP-01351,Elizabeth,Chen,imp.01351@acme-corp.com,Sales,Analyst,L2,CH,2021-01-24,164168,CHF
IMP-01352,Liu,David,imp.01352@acme-corp.com,Sales,Analyst,L5,SE,2023-12-06,552556,SEK
IMP-01353,Joseph,Taylor,imp.01353@acme-corp.com,Engineering,Engineer,L1,IN,2017-01-19,3819133,INR
IMP-01354,Akiko,Williams,imp.01354@acme-corp.com,Sales,Analyst,L2,NL,2022-11-01,67176,EUR
IMP-01355,Barbara,Han,imp.01355@acme-corp.com,Operations,Manager,L4,TW,2023-07-31,1240999,TWD
IMP-01356,Ji-young,Schmidt,imp.01356@acme-corp.com,Sales,Analyst,L4,TW,2023-11-24,1901616,TWD
IMP-01357,Liu,Wilson,imp.01357@acme-corp.com,Sales,Analyst,L6,US,2022-08-07,172141,USD
IMP-01358,James,Weber,imp.01358@acme-corp.com,HR,Manager,L2,US,2019-11-25,196599,USD
IMP-01359,Barbara,Becker,imp.01359@acme-corp.com,Engineering,Engineer,L1,TW,2023-01-16,3116786,TWD
IMP-01360,Liu,Brown,imp.01360@acme-corp.com,Finance,Analyst,L2,NO,2017-04-01,913012,NOK
IMP-01361,Min,Lim,imp.01361@acme-corp.com,Engineering,Engineer,L2,FR,2022-08-17,69690,EUR
IMP-01362,Rahul,Davis,imp.01362@acme-corp.com,HR,Manager,L2,US,2017-08-31,190993,USD
IMP-01363,Ana,Richter,imp.01363@acme-corp.com,Engineering,Engineer,L4,ES,2017-06-17,52925,EUR
IMP-01364,Yuna,Hoffmann,imp.01364@acme-corp.com,Engineering,Engineer,L3,SG,2017-09-29,127679,SGD
IMP-01365,Michael,Brown,imp.01365@acme-corp.com,Engineering,Engineer,L2,IN,2022-02-19,2885374,INR
IMP-01366,Rosa,Dupont,imp.01366@acme-corp.com,Engineering,Engineer,L4,GB,2017-12-11,156073,GBP
IMP-01367,Maria,Wang,imp.01367@acme-corp.com,Sales,Analyst,L1,IN,2023-02-09,3238480,INR
IMP-01368,Sakura,Kang,imp.01368@acme-corp.com,Operations,Manager,L5,IN,2020-11-24,3184384,INR
IMP-01369,Omar,Dupont,imp.01369@acme-corp.com,Finance,Analyst,L6,ZA,2024-06-16,1064846,ZAR
IMP-01370,Carlos,David,imp.01370@acme-corp.com,Operations,Manager,L1,IE,2019-08-25,145712,EUR
IMP-01371,Wei,Klein,imp.01371@acme-corp.com,Engineering,Engineer,L1,NO,2017-08-17,1149351,NOK
IMP-01372,Carmen,Thomas,imp.01372@acme-corp.com,Operations,Manager,L4,US,2020-03-14,90163,USD
IMP-01373,Mary,Lee,imp.01373@acme-corp.com,Finance,Analyst,L2,NL,2016-08-09,65912,EUR
IMP-01374,Zhang,Li,imp.01374@acme-corp.com,Engineering,Engineer,L2,IN,2016-09-30,1977967,INR
IMP-01375,Takeshi,Choi,imp.01375@acme-corp.com,Engineering,Engineer,L6,IN,2015-07-31,2778625,INR
IMP-01376,Charles,Martinez,imp.01376@acme-corp.com,Finance,Analyst,L1,NL,2019-09-10,62739,EUR
IMP-01377,Fatima,Lim,imp.01377@acme-corp.com,Operations,Manager,L3,MX,2015-12-02,1165044,MXN
IMP-01378,Susan,Thompson,imp.01378@acme-corp.com,Engineering,Engineer,L2,TW,2022-02-10,1588142,TWD
IMP-01379,Yuki,Braun,imp.01379@acme-corp.com,Sales,Analyst,L2,US,2020-09-20,95981,USD
IMP-01380,Hiroshi,Schmidt,imp.01380@acme-corp.com,Engineering,Engineer,L3,AE,2018-04-24,278204,AED
IMP-01381,Ananya,Hernandez,imp.01381@acme-corp.com,Operations,Manager,L1,JP,2020-10-23,13349797,JPY
IMP-01382,James,Klein,imp.01382@acme-corp.com,Engineering,Engineer,L6,US,2023-08-26,69787,USD
IMP-01383,Richard,Simon,imp.01383@acme-corp.com,Design,Designer,L6,US,2015-03-07,146762,USD
IMP-01384,Zhang,Nair,imp.01384@acme-corp.com,Sales,Analyst,L4,DK,2024-08-19,858866,DKK
IMP-01385,Robert,Yoon,imp.01385@acme-corp.com,Engineering,Engineer,L4,DE,2018-08-16,99741,EUR
IMP-01386,Elizabeth,Jackson,imp.01386@acme-corp.com,Engineering,Engineer,L4,JP,2021-05-30,5575447,JPY
IMP-01387,James,Roux,imp.01387@acme-corp.com,Operations,Manager,L5,HK,2016-12-21,432692,HKD
IMP-01388,Michael,Garcia,imp.01388@acme-corp.com,Sales,Analyst,L2,US,2019-05-02,187822,USD
IMP-01389,Patricia,Moore,imp.01389@acme-corp.com,Sales,Analyst,L5,DE,2017-10-09,70678,EUR
IMP-01390,Isabel,Miller,imp.01390@acme-corp.com,Sales,Analyst,L4,TW,2019-01-31,3351788,TWD
IMP-01391,Zara,David,imp.01391@acme-corp.com,Engineering,Engineer,L2,NL,2020-03-18,142593,EUR
IMP-01392,Rahul,Anderson,imp.01392@acme-corp.com,Operations,Manager,L4,KR,2024-06-10,54470110,KRW
IMP-01393,Karen,Wilson,imp.01393@acme-corp.com,Engineering,Engineer,L2,HK,2019-04-07,1178239,HKD
IMP-01394,David,White,imp.01394@acme-corp.com,Finance,Analyst,L4,PL,2017-01-15,102958,PLN
IMP-01395,Jose,Sharma,imp.01395@acme-corp.com,Sales,Analyst,L5,AU,2015-02-03,129293,AUD
IMP-01396,James,Roux,imp.01396@acme-corp.com,Operations,Manager,L4,DK,2015-01-02,818713,DKK
IMP-01397,Takeshi,Yang,imp.01397@acme-corp.com,Finance,Analyst,L4,IN,2018-01-31,3275465,INR
IMP-01398,Robert,Taylor,imp.01398@acme-corp.com,Sales,Analyst,L3,US,2023-01-31,148474,USD
IMP-01399,Sung-min,Müller,imp.01399@acme-corp.com,HR,Manager,L5,GB,2024-06-03,71545,GBP
IMP-01400,Pedro,Sharma,imp.01400@acme-corp.com,Engineering,Engineer,L4,GB,2019-09-08,120994,GBP
IMP-01401,Thomas,Reddy,imp.01401@acme-corp.com,Sales,Analyst,L3,AU,2023-06-21,121527,AUD
IMP-01402,Arjun,Williams,imp.01402@acme-corp.com,Sales,Analyst,L5,MX,2018-03-27,1124359,MXN
IMP-01403,Zara,Weber,imp.01403@acme-corp.com,Engineering,Engineer,L5,GB,2024-11-23,111415,GBP
IMP-01404,James,Wang,imp.01404@acme-corp.com,HR,Manager,L2,AE,2020-03-31,256329,AED
IMP-01405,Nancy,Sharma,imp.01405@acme-corp.com,Sales,Analyst,L4,KR,2016-02-20,94981113,KRW
IMP-01406,Michael,Williams,imp.01406@acme-corp.com,Sales,Analyst,L3,AE,2016-05-29,208260,AED
IMP-01407,James,Kumar,imp.01407@acme-corp.com,Finance,Analyst,L3,HK,2015-02-13,940054,HKD
IMP-01408,Ahmed,Jackson,imp.01408@acme-corp.com,Engineering,Engineer,L4,GB,2018-09-23,124505,GBP
IMP-01409,Mary,Lee,imp.01409@acme-corp.com,HR,Manager,L6,SG,2020-03-18,133795,SGD
IMP-01410,Carmen,Richter,imp.01410@acme-corp.com,Sales,Analyst,L2,FR,2021-02-17,138598,EUR
IMP-01411,Jennifer,Huang,imp.01411@acme-corp.com,Engineering,Engineer,L3,FR,2020-01-04,122160,EUR
IMP-01412,Yusuf,Davis,imp.01412@acme-corp.com,Finance,Analyst,L4,DE,2020-05-01,118250,EUR
IMP-01413,Arjun,Martin,imp.01413@acme-corp.com,Operations,Manager,L5,PL,2022-08-28,231738,PLN
IMP-01414,Karen,Joshi,imp.01414@acme-corp.com,Sales,Analyst,L5,SG,2017-11-14,147243,SGD
IMP-01415,Linda,Chen,imp.01415@acme-corp.com,Sales,Analyst,L2,DE,2015-03-27,146780,EUR
IMP-01416,Hiroshi,Sharma,imp.01416@acme-corp.com,Sales,Analyst,L5,HK,2018-02-03,1039691,HKD
IMP-01417,Zhang,Jones,imp.01417@acme-corp.com,HR,Manager,L6,HK,2016-12-24,310636,HKD
IMP-01418,Nancy,Wang,imp.01418@acme-corp.com,Sales,Analyst,L1,ZA,2017-08-25,1436426,ZAR
IMP-01419,Charles,Braun,imp.01419@acme-corp.com,Operations,Manager,L1,US,2020-07-01,148067,USD
IMP-01420,Charles,Roux,imp.01420@acme-corp.com,Sales,Analyst,L5,DK,2015-01-17,733766,DKK
IMP-01421,Hiroshi,Yang,imp.01421@acme-corp.com,Engineering,Engineer,L3,US,2019-01-20,187819,USD
IMP-01422,Sakura,Wu,imp.01422@acme-corp.com,HR,Manager,L6,ES,2024-04-15,137797,EUR
IMP-01423,Arjun,Li,imp.01423@acme-corp.com,Sales,Analyst,L1,DE,2023-12-27,60788,EUR
IMP-01424,Carmen,Bernard,imp.01424@acme-corp.com,Finance,Analyst,L3,DK,2016-12-11,1094013,DKK
IMP-01425,Jessica,Schmidt,imp.01425@acme-corp.com,Engineering,Engineer,L1,MX,2019-09-23,633474,MXN
IMP-01426,Luis,Singh,imp.01426@acme-corp.com,Engineering,Engineer,L3,US,2023-08-24,111944,USD
IMP-01427,Chen,Taylor,imp.01427@acme-corp.com,Finance,Analyst,L1,NO,2023-10-24,1121721,NOK
IMP-01428,Yuki,Han,imp.01428@acme-corp.com,Engineering,Engineer,L2,SE,2021-05-26,679896,SEK
IMP-01429,Ahmed,Zhang,imp.01429@acme-corp.com,Engineering,Engineer,L2,US,2023-04-28,198242,USD
IMP-01430,Jennifer,Sharma,imp.01430@acme-corp.com,Sales,Analyst,L5,DK,2023-12-30,874892,DKK
IMP-01431,Jessica,Gupta,imp.01431@acme-corp.com,Operations,Manager,L3,AE,2017-04-29,336298,AED
IMP-01432,Ananya,Jones,imp.01432@acme-corp.com,HR,Manager,L4,PL,2015-12-10,201197,PLN
IMP-01433,Nancy,Lim,imp.01433@acme-corp.com,Sales,Analyst,L6,JP,2023-11-29,4688003,JPY
IMP-01434,Thomas,Müller,imp.01434@acme-corp.com,Engineering,Engineer,L5,HK,2022-10-29,730615,HKD
IMP-01435,Omar,Nair,imp.01435@acme-corp.com,HR,Manager,L3,AU,2021-05-04,93781,AUD
IMP-01436,Susan,Hernandez,imp.01436@acme-corp.com,Operations,Manager,L1,SG,2019-08-01,174916,SGD
IMP-01437,Mary,Wu,imp.01437@acme-corp.com,Sales,Analyst,L4,IE,2022-03-19,59193,EUR
IMP-01438,Jennifer,Yoon,imp.01438@acme-corp.com,Engineering,Engineer,L6,HK,2015-01-19,1028197,HKD
IMP-01439,Patricia,Lee,imp.01439@acme-corp.com,Sales,Analyst,L5,MX,2021-07-27,575123,MXN
IMP-01440,Luis,Davis,imp.01440@acme-corp.com,Engineering,Engineer,L3,ES,2022-11-13,108569,EUR
IMP-01441,Omar,David,imp.01441@acme-corp.com,Engineering,Engineer,L4,DK,2021-09-26,447642,DKK
IMP-01442,Zhang,Wu,imp.01442@acme-corp.com,Operations,Manager,L4,CH,2018-06-27,182671,CHF
IMP-01443,Francisco,Thompson,imp.01443@acme-corp.com,Operations,Manager,L6,NL,2015-07-11,131106,EUR
IMP-01444,David,Smith,imp.01444@acme-corp.com,Finance,Analyst,L5,PL,2021-04-07,149582,PLN
IMP-01445,Sarah,Han,imp.01445@acme-corp.com,Engineering,Engineer,L1,TW,2022-03-16,2148358,TWD
IMP-01446,Arjun,Moore,imp.01446@acme-corp.com,Sales,Analyst,L2,SG,2021-03-21,87318,SGD
IMP-01447,Isabel,Wang,imp.01447@acme-corp.com,Finance,Analyst,L2,GB,2024-06-19,134880,GBP
IMP-01448,Sakura,Jackson,imp.01448@acme-corp.com,Engineering,Engineer,L4,JP,2020-07-04,6761354,JPY
IMP-01449,Ananya,Roux,imp.01449@acme-corp.com,Engineering,Engineer,L4,ES,2024-10-25,136102,EUR
IMP-01450,Carmen,Martin,imp.01450@acme-corp.com,HR,Manager,L5,IN,2022-04-30,4309132,INR
IMP-01451,Richard,Choi,imp.01451@acme-corp.com,Operations,Manager,L1,NO,2018-08-03,758373,NOK
IMP-01452,Wei,Li,imp.01452@acme-corp.com,Finance,Analyst,L3,US,2021-02-26,112914,USD
IMP-01453,Jae-won,Gupta,imp.01453@acme-corp.com,Engineering,Engineer,L5,KR,2023-02-01,113576245,KRW
IMP-01454,Richard,Kim,imp.01454@acme-corp.com,Design,Designer,L6,DE,2018-03-28,67361,EUR
IMP-01455,Maria,Xu,imp.01455@acme-corp.com,Sales,Analyst,L3,JP,2016-03-20,17455302,JPY
IMP-01456,Patricia,Wu,imp.01456@acme-corp.com,Engineering,Engineer,L1,US,2020-06-16,217845,USD
IMP-01457,Luis,Davis,imp.01457@acme-corp.com,Finance,Analyst,L6,SE,2019-03-14,441081,SEK
IMP-01458,Ji-young,Braun,imp.01458@acme-corp.com,Engineering,Engineer,L4,GB,2021-12-19,140977,GBP
IMP-01459,Chen,Sharma,imp.01459@acme-corp.com,HR,Manager,L3,CH,2015-10-11,199448,CHF
IMP-01460,Nancy,Joshi,imp.01460@acme-corp.com,Sales,Analyst,L6,HK,2021-05-27,887278,HKD
IMP-01461,Joseph,Garcia,imp.01461@acme-corp.com,Engineering,Engineer,L6,FR,2022-08-18,140255,EUR
IMP-01462,Hiroshi,Garcia,imp.01462@acme-corp.com,Finance,Analyst,L5,DE,2016-11-26,146710,EUR
IMP-01463,Sakura,Klein,imp.01463@acme-corp.com,Engineering,Engineer,L1,NL,2015-01-29,93095,EUR
IMP-01464,Liu,Jackson,imp.01464@acme-corp.com,Engineering,Engineer,L6,FR,2024-11-19,137872,EUR
IMP-01465,Kenji,Li,imp.01465@acme-corp.com,Sales,Analyst,L5,JP,2022-11-09,5123263,JPY
IMP-01466,Maria,Zhang,imp.01466@acme-corp.com,Finance,Analyst,L6,ES,2019-06-18,81818,EUR
IMP-01467,Hiroshi,Xu,imp.01467@acme-corp.com,Finance,Analyst,L3,DE,2020-11-09,93213,EUR
IMP-01468,Aisha,Zhou,imp.01468@acme-corp.com,HR,Manager,L1,CA,2024-03-10,104823,CAD
IMP-01469,Mary,Huang,imp.01469@acme-corp.com,Engineering,Engineer,L6,AU,2017-04-04,81579,AUD
IMP-01470,Zara,Jung,imp.01470@acme-corp.com,Finance,Analyst,L1,DK,2017-02-17,735456,DKK
IMP-01471,Pedro,Wilson,imp.01471@acme-corp.com,Operations,Manager,L4,HK,2015-03-28,498074,HKD
IMP-01472,Omar,Martinez,imp.01472@acme-corp.com,Sales,Analyst,L2,NL,2017-03-09,138367,EUR
IMP-01473,James,Xu,imp.01473@acme-corp.com,Sales,Analyst,L2,FR,2016-02-24,120967,EUR
IMP-01474,Thomas,Hoffmann,imp.01474@acme-corp.com,Sales,Analyst,L1,GB,2020-07-05,110100,GBP
IMP-01475,Layla,Xu,imp.01475@acme-corp.com,Engineering,Engineer,L6,JP,2021-10-16,11580992,JPY
IMP-01476,Ji-young,Thomas,imp.01476@acme-corp.com,Engineering,Engineer,L1,US,2019-01-19,108110,USD
IMP-01477,Joseph,Lee,imp.01477@acme-corp.com,Finance,Analyst,L2,SE,2017-02-10,1097874,SEK
IMP-01478,Sarah,Roux,imp.01478@acme-corp.com,Design,Designer,L5,DE,2015-05-18,101740,EUR
IMP-01479,Jessica,Yoon,imp.01479@acme-corp.com,Sales,Analyst,L6,KR,2022-04-01,70266095,KRW
IMP-01480,Jae-won,Kumar,imp.01480@acme-corp.com,Finance,Analyst,L6,MX,2016-02-21,853516,MXN
IMP-01481,Sakura,Laurent,imp.01481@acme-corp.com,Sales,Analyst,L5,CA,2016-06-29,150082,CAD
IMP-01482,Francisco,Park,imp.01482@acme-corp.com,Sales,Analyst,L3,IN,2018-07-12,4187112,INR
IMP-01483,Fatima,Xu,imp.01483@acme-corp.com,Engineering,Engineer,L1,NO,2024-10-23,1003563,NOK
IMP-01484,Wei,Laurent,imp.01484@acme-corp.com,Sales,Analyst,L1,SG,2020-10-11,106981,SGD
IMP-01485,Yuki,Williams,imp.01485@acme-corp.com,Sales,Analyst,L4,ZA,2022-12-29,1222497,ZAR
IMP-01486,William,Xu,imp.01486@acme-corp.com,Engineering,Engineer,L1,DE,2021-08-01,110076,EUR
IMP-01487,Kenji,Schulz,imp.01487@acme-corp.com,Operations,Manager,L4,GB,2017-09-21,138973,GBP
IMP-01488,Ana,Johnson,imp.01488@acme-corp.com,Finance,Analyst,L5,AU,2015-08-24,173587,AUD
IMP-01489,Sarah,Xu,imp.01489@acme-corp.com,Sales,Analyst,L5,AE,2020-10-19,518317,AED
IMP-01490,Min,Schmidt,imp.01490@acme-corp.com,Sales,Analyst,L2,IE,2020-02-03,128242,EUR
IMP-01491,Barbara,Joshi,imp.01491@acme-corp.com,Finance,Analyst,L1,US,2017-11-11,215583,USD
IMP-01492,Fatima,Wang,imp.01492@acme-corp.com,Operations,Manager,L1,DE,2016-11-30,111361,EUR
IMP-01493,Layla,Zhou,imp.01493@acme-corp.com,Sales,Analyst,L3,PL,2017-01-30,247964,PLN
IMP-01494,Richard,Klein,imp.01494@acme-corp.com,Sales,Analyst,L3,DE,2015-06-02,108632,EUR
IMP-01495,Mei,Garcia,imp.01495@acme-corp.com,Engineering,Engineer,L1,SE,2021-04-26,976135,SEK
IMP-01496,Ananya,Li,imp.01496@acme-corp.com,HR,Manager,L4,DE,2024-09-10,66164,EUR
IMP-01497,Liu,Zhang,imp.01497@acme-corp.com,Operations,Manager,L4,GB,2022-03-20,118536,GBP
IMP-01498,Sakura,Liu,imp.01498@acme-corp.com,Operations,Manager,L2,IE,2019-03-05,62115,EUR
IMP-01499,Karen,Reddy,imp.01499@acme-corp.com,Engineering,Engineer,L4,GB,2015-10-02,111905,GBP
IMP-01500,Pedro,Han,imp.01500@acme-corp.com,Sales,Analyst,L2,GB,2018-06-17,134051,GBP
IMP-01501,Barbara,Huang,imp.01501@acme-corp.com,Sales,Analyst,L2,GB,2023-12-10,94200,GBP
IMP-01502,Carlos,Pillai,imp.01502@acme-corp.com,Sales,Analyst,L3,NL,2018-09-28,53623,EUR
IMP-01503,Nancy,Yoon,imp.01503@acme-corp.com,Engineering,Engineer,L4,AE,2017-01-16,362415,AED
IMP-01504,Richard,Taylor,imp.01504@acme-corp.com,Engineering,Engineer,L1,NO,2017-06-10,970297,NOK
IMP-01505,Rosa,Weber,imp.01505@acme-corp.com,Engineering,Engineer,L2,CH,2015-01-12,162113,CHF
IMP-01506,Arjun,Mehta,imp.01506@acme-corp.com,Engineering,Engineer,L1,CA,2023-09-04,128443,CAD
IMP-01507,Carmen,Gupta,imp.01507@acme-corp.com,Operations,Manager,L2,NO,2024-10-21,705296,NOK
IMP-01508,Richard,Smith,imp.01508@acme-corp.com,Engineering,Engineer,L1,DK,2022-04-07,535504,DKK
IMP-01509,Wei,Martinez,imp.01509@acme-corp.com,Operations,Manager,L1,GB,2019-01-09,66614,GBP
IMP-01510,Jose,Martin,imp.01510@acme-corp.com,Sales,Analyst,L4,TW,2017-07-14,2585189,TWD
IMP-01511,Fatima,Zhou,imp.01511@acme-corp.com,Engineering,Engineer,L6,FR,2019-07-26,107796,EUR
IMP-01512,Yuki,Wang,imp.01512@acme-corp.com,Operations,Manager,L3,DK,2017-08-27,798620,DKK
IMP-01513,Akiko,Schulz,imp.01513@acme-corp.com,HR,Manager,L5,DE,2017-01-26,129562,EUR
IMP-01514,Charles,Bernard,imp.01514@acme-corp.com,Engineering,Engineer,L3,CA,2021-11-10,68293,CAD
IMP-01515,Aisha,Müller,imp.01515@acme-corp.com,Operations,Manager,L6,NO,2021-03-29,1237436,NOK
IMP-01516,Thomas,Sharma,imp.01516@acme-corp.com,HR,Manager,L5,GB,2019-06-06,83036,GBP
IMP-01517,Hassan,Xu,imp.01517@acme-corp.com,Sales,Analyst,L3,TW,2021-09-06,2775513,TWD
IMP-01518,Rosa,Singh,imp.01518@acme-corp.com,Operations,Manager,L6,HK,2024-09-30,920048,HKD
IMP-01519,Zhang,White,imp.01519@acme-corp.com,Sales,Analyst,L4,SG,2022-04-16,134211,SGD
IMP-01520,Elizabeth,Yang,imp.01520@acme-corp.com,HR,Manager,L3,JP,2024-03-12,10283043,JPY
IMP-01521,Elizabeth,Schmidt,imp.01521@acme-corp.com,Engineering,Engineer,L2,CH,2015-05-12,190201,CHF
IMP-01522,Jessica,Kim,imp.01522@acme-corp.com,Operations,Manager,L6,MX,2015-07-07,304877,MXN
IMP-01523,Nancy,Lee,imp.01523@acme-corp.com,Finance,Analyst,L1,KR,2023-01-15,101245987,KRW
IMP-01524,Jessica,Lee,imp.01524@acme-corp.com,Finance,Analyst,L2,KR,2016-09-28,45492916,KRW
IMP-01525,Luis,Han,imp.01525@acme-corp.com,HR,Manager,L4,ZA,2015-08-04,1253663,ZAR
IMP-01526,Francisco,Kim,imp.01526@acme-corp.com,Sales,Analyst,L3,DE,2018-12-10,100714,EUR
IMP-01527,Hassan,Pillai,imp.01527@acme-corp.com,Engineering,Engineer,L4,US,2023-10-24,162116,USD
IMP-01528,Kenji,Xu,imp.01528@acme-corp.com,Operations,Manager,L5,AU,2021-08-11,175355,AUD
IMP-01529,Karen,Hernandez,imp.01529@acme-corp.com,Finance,Analyst,L1,IN,2019-09-18,2145034,INR
IMP-01530,Maria,Simon,imp.01530@acme-corp.com,Engineering,Engineer,L5,MX,2017-09-22,339127,MXN
IMP-01531,Zhang,Park,imp.01531@acme-corp.com,Sales,Analyst,L6,IN,2017-10-19,1419811,INR
IMP-01532,Charles,Anderson,imp.01532@acme-corp.com,Operations,Manager,L6,TW,2018-09-01,1819614,TWD
IMP-01533,Zhang,Jones,imp.01533@acme-corp.com,Sales,Analyst,L4,HK,2022-12-19,395817,HKD
IMP-01534,Maria,Lee,imp.01534@acme-corp.com,Sales,Analyst,L3,FR,2016-07-03,120014,EUR
IMP-01535,Linda,Garcia,imp.01535@acme-corp.com,Engineering,Engineer,L4,CH,2019-10-23,197691,CHF
IMP-01536,Carlos,Huang,imp.01536@acme-corp.com,Finance,Analyst,L3,JP,2015-05-16,7371995,JPY
IMP-01537,Ibrahim,Zhou,imp.01537@acme-corp.com,Finance,Analyst,L6,MX,2016-08-22,894376,MXN
IMP-01538,Liu,Liu,imp.01538@acme-corp.com,Operations,Manager,L2,JP,2019-08-24,16241036,JPY
IMP-01539,Akiko,Johnson,imp.01539@acme-corp.com,Engineering,Engineer,L2,TW,2018-08-04,862154,TWD
IMP-01540,Isabel,Martin,imp.01540@acme-corp.com,Sales,Analyst,L4,ES,2022-09-13,82906,EUR
IMP-01541,Michael,Jung,imp.01541@acme-corp.com,Operations,Manager,L2,ES,2016-10-30,108723,EUR
IMP-01542,Rahul,Chen,imp.01542@acme-corp.com,Sales,Analyst,L5,IN,2018-02-06,4260303,INR
IMP-01543,Liu,Brown,imp.01543@acme-corp.com,Engineering,Engineer,L2,DK,2024-05-25,1011989,DKK
IMP-01544,Fatima,Gupta,imp.01544@acme-corp.com,Finance,Analyst,L4,NL,2023-06-20,82763,EUR
IMP-01545,Francisco,Michel,imp.01545@acme-corp.com,Engineering,Engineer,L2,NO,2016-09-24,1254965,NOK
IMP-01546,Kenji,Wang,imp.01546@acme-corp.com,Operations,Manager,L4,GB,2018-12-09,84045,GBP
IMP-01547,Fatima,Lee,imp.01547@acme-corp.com,Engineering,Engineer,L3,IN,2024-11-06,3801593,INR
IMP-01548,Layla,Joshi,imp.01548@acme-corp.com,Finance,Analyst,L6,KR,2021-12-14,92831122,KRW
IMP-01549,Arjun,Mehta,imp.01549@acme-corp.com,Engineering,Engineer,L2,US,2016-01-14,143767,USD
IMP-01550,Zhang,Müller,imp.01550@acme-corp.com,HR,Manager,L5,ZA,2019-07-23,1291713,ZAR
IMP-01551,Robert,Anderson,imp.01551@acme-corp.com,Operations,Manager,L1,SG,2015-10-30,80638,SGD
IMP-01552,Richard,Jackson,imp.01552@acme-corp.com,Operations,Manager,L3,GB,2018-08-14,114386,GBP
IMP-01553,Sakura,Simon,imp.01553@acme-corp.com,HR,Manager,L2,US,2020-10-02,218225,USD
IMP-01554,Mei,Nair,imp.01554@acme-corp.com,Operations,Manager,L6,IN,2022-10-24,1983626,INR
IMP-01555,Richard,Jones,imp.01555@acme-corp.com,Sales,Analyst,L4,NO,2020-09-02,899642,NOK
IMP-01556,Kenji,Anderson,imp.01556@acme-corp.com,Engineering,Engineer,L5,MX,2023-01-02,963311,MXN
IMP-01557,Rahul,Jackson,imp.01557@acme-corp.com,Engineering,Engineer,L2,SG,2024-03-02,168566,SGD
IMP-01558,Layla,Huang,imp.01558@acme-corp.com,HR,Manager,L3,PL,2016-10-20,208432,PLN
IMP-01559,Zara,Martinez,imp.01559@acme-corp.com,Finance,Analyst,L2,MX,2018-05-23,310865,MXN
IMP-01560,Yuna,Fischer,imp.01560@acme-corp.com,Engineering,Engineer,L1,US,2018-07-19,210539,USD
IMP-01561,Jose,Jung,imp.01561@acme-corp.com,Design,Designer,L2,AU,2024-06-19,187258,AUD
IMP-01562,Kenji,Yang,imp.01562@acme-corp.com,HR,Manager,L5,SG,2021-12-23,174423,SGD
IMP-01563,Ibrahim,Han,imp.01563@acme-corp.com,Finance,Analyst,L1,US,2021-10-18,219770,USD
IMP-01564,Chen,Braun,imp.01564@acme-corp.com,HR,Manager,L3,HK,2020-12-07,860445,HKD
IMP-01565,Carlos,Miller,imp.01565@acme-corp.com,Engineering,Engineer,L1,CA,2021-01-28,77968,CAD
IMP-01566,Patricia,Hernandez,imp.01566@acme-corp.com,Engineering,Engineer,L6,HK,2018-07-07,671912,HKD
IMP-01567,Liu,Park,imp.01567@acme-corp.com,Sales,Analyst,L5,SG,2015-10-18,148321,SGD
IMP-01568,Wei,Weber,imp.01568@acme-corp.com,Operations,Manager,L3,TW,2021-10-19,1788926,TWD
IMP-01569,Mary,Roux,imp.01569@acme-corp.com,Operations,Manager,L2,FR,2019-05-28,68292,EUR
IMP-01570,Sakura,Pillai,imp.01570@acme-corp.com,Engineering,Engineer,L5,CA,2015-09-29,123985,CAD
IMP-01571,Nancy,Roux,imp.01571@acme-corp.com,Operations,Manager,L2,AE,2016-06-14,506258,AED
IMP-01572,Ahmed,Jones,imp.01572@acme-corp.com,Sales,Analyst,L3,NO,2021-08-29,1366548,NOK
IMP-01573,Ana,Pillai,imp.01573@acme-corp.com,Finance,Analyst,L6,SE,2018-10-18,730134,SEK
IMP-01574,Yusuf,David,imp.01574@acme-corp.com,HR,Manager,L6,SE,2018-11-21,475415,SEK
IMP-01575,William,Simon,imp.01575@acme-corp.com,Sales,Analyst,L4,CA,2016-12-28,119080,CAD
IMP-01576,Ji-young,Lim,imp.01576@acme-corp.com,Engineering,Engineer,L2,TW,2015-04-09,2262128,TWD
IMP-01577,Zhang,Wu,imp.01577@acme-corp.com,Engineering,Engineer,L5,KR,2023-09-06,96748636,KRW
IMP-01578,Kenji,Xu,imp.01578@acme-corp.com,Engineering,Engineer,L6,DK,2015-10-14,1046888,DKK
IMP-01579,Akiko,Jackson,imp.01579@acme-corp.com,HR,Manager,L1,KR,2019-03-27,116679278,KRW
IMP-01580,James,Hernandez,imp.01580@acme-corp.com,Operations,Manager,L6,US,2024-01-30,68778,USD
IMP-01581,Jennifer,Fischer,imp.01581@acme-corp.com,HR,Manager,L2,JP,2021-07-09,8902064,JPY
IMP-01582,Richard,Davis,imp.01582@acme-corp.com,Engineering,Engineer,L6,FR,2023-12-14,85832,EUR
IMP-01583,Ji-young,Zhou,imp.01583@acme-corp.com,Engineering,Engineer,L2,JP,2017-11-02,14289300,JPY
IMP-01584,Richard,Reddy,imp.01584@acme-corp.com,Finance,Analyst,L4,IN,2018-12-15,2474943,INR
IMP-01585,Takeshi,Sharma,imp.01585@acme-corp.com,Engineering,Engineer,L4,CH,2022-08-04,180732,CHF
IMP-01586,Carlos,Kang,imp.01586@acme-corp.com,Finance,Analyst,L3,IN,2017-03-18,3499998,INR
IMP-01587,Barbara,Jung,imp.01587@acme-corp.com,Finance,Analyst,L2,PL,2021-11-25,104289,PLN
IMP-01588,William,Johnson,imp.01588@acme-corp.com,Engineering,Engineer,L3,US,2016-07-22,145604,USD
IMP-01589,Jessica,Roux,imp.01589@acme-corp.com,Sales,Analyst,L3,DK,2020-03-24,796417,DKK
IMP-01590,Akiko,Johnson,imp.01590@acme-corp.com,Sales,Analyst,L1,IN,2017-09-09,2721594,INR
IMP-01591,Isabel,Anderson,imp.01591@acme-corp.com,Finance,Analyst,L2,ZA,2018-06-20,1481845,ZAR
IMP-01592,Hassan,Yang,imp.01592@acme-corp.com,Design,Designer,L5,CH,2018-05-02,155761,CHF
IMP-01593,Chen,White,imp.01593@acme-corp.com,Operations,Manager,L1,MX,2017-08-01,901639,MXN
IMP-01594,Sung-min,Patel,imp.01594@acme-corp.com,Sales,Analyst,L6,MX,2024-03-17,360810,MXN
IMP-01595,Ananya,Fischer,imp.01595@acme-corp.com,Engineering,Engineer,L6,AU,2017-08-12,166338,AUD
IMP-01596,Yuki,Schmidt,imp.01596@acme-corp.com,Finance,Analyst,L6,DE,2023-08-29,120126,EUR
IMP-01597,Takeshi,Lee,imp.01597@acme-corp.com,Engineering,Engineer,L4,SE,2024-11-09,1194016,SEK
IMP-01598,Yusuf,Dupont,imp.01598@acme-corp.com,Engineering,Engineer,L4,US,2022-01-14,126142,USD
IMP-01599,Ana,Sharma,imp.01599@acme-corp.com,Engineering,Engineer,L5,DE,2017-04-15,87684,EUR
IMP-01600,Rosa,Reddy,imp.01600@acme-corp.com,Engineering,Engineer,L6,CH,2023-05-05,160407,CHF
IMP-01601,Ana,Reddy,imp.01601@acme-corp.com,Engineering,Engineer,L3,ES,2017-05-17,71125,EUR
IMP-01602,Hiroshi,Michel,imp.01602@acme-corp.com,Operations,Manager,L2,TW,2022-02-18,1572957,TWD
IMP-01603,Jennifer,Richter,imp.01603@acme-corp.com,HR,Manager,L2,PL,2015-10-09,205975,PLN
IMP-01604,Pedro,Gupta,imp.01604@acme-corp.com,Finance,Analyst,L2,NO,2019-06-17,1311120,NOK
IMP-01605,Jose,Chen,imp.01605@acme-corp.com,Engineering,Engineer,L6,US,2017-01-28,74042,USD
IMP-01606,Richard,Yang,imp.01606@acme-corp.com,Sales,Analyst,L1,JP,2020-05-27,16320851,JPY
IMP-01607,Francisco,Simon,imp.01607@acme-corp.com,Engineering,Engineer,L3,IN,2015-05-07,4303434,INR
IMP-01608,Ji-young,Anderson,imp.01608@acme-corp.com,Operations,Manager,L6,US,2016-02-25,183764,USD
IMP-01609,Wei,Taylor,imp.01609@acme-corp.com,Engineering,Engineer,L3,HK,2018-03-31,345288,HKD
IMP-01610,Sarah,Zhou,imp.01610@acme-corp.com,Finance,Analyst,L1,GB,2015-10-27,156652,GBP
IMP-01611,Elizabeth,Garcia,imp.01611@acme-corp.com,Sales,Analyst,L3,CA,2015-07-03,68238,CAD
IMP-01612,Joseph,Michel,imp.01612@acme-corp.com,Engineering,Engineer,L1,NL,2016-06-17,53552,EUR
IMP-01613,Kenji,Nair,imp.01613@acme-corp.com,Operations,Manager,L3,IE,2024-11-26,55591,EUR
IMP-01614,Sarah,Garcia,imp.01614@acme-corp.com,Operations,Manager,L1,US,2021-08-07,207063,USD
IMP-01615,Rosa,Klein,imp.01615@acme-corp.com,HR,Manager,L4,DE,2024-10-21,145692,EUR
IMP-01616,Susan,Martinez,imp.01616@acme-corp.com,HR,Manager,L6,ZA,2023-03-18,572125,ZAR
IMP-01617,Wei,Wilson,imp.01617@acme-corp.com,HR,Manager,L5,HK,2020-12-10,778641,HKD
IMP-01618,Patricia,Simon,imp.01618@acme-corp.com,Engineering,Engineer,L5,GB,2023-08-20,123590,GBP
IMP-01619,Yuki,Williams,imp.01619@acme-corp.com,Finance,Analyst,L2,PL,2023-03-19,177661,PLN
IMP-01620,Layla,Richter,imp.01620@acme-corp.com,Engineering,Engineer,L5,KR,2017-01-08,53433128,KRW
IMP-01621,Min,Reddy,imp.01621@acme-corp.com,Operations,Manager,L3,FR,2022-08-10,99959,EUR
IMP-01622,Carlos,Zhang,imp.01622@acme-corp.com,Finance,Analyst,L1,MX,2015-10-08,548339,MXN
IMP-01623,Mary,Chen,imp.01623@acme-corp.com,Sales,Analyst,L5,KR,2016-11-02,50763819,KRW
IMP-01624,Zhang,Huang,imp.01624@acme-corp.com,Operations,Manager,L6,NO,2021-06-19,529473,NOK
IMP-01625,Yuki,Martin,imp.01625@acme-corp.com,Finance,Analyst,L5,TW,2018-05-15,2652235,TWD
IMP-01626,Isabel,Patel,imp.01626@acme-corp.com,Engineering,Engineer,L2,NO,2017-09-11,898893,NOK
IMP-01627,Hassan,Martin,imp.01627@acme-corp.com,Engineering,Engineer,L3,FR,2019-01-13,124261,EUR
IMP-01628,Jose,Klein,imp.01628@acme-corp.com,Finance,Analyst,L6,CA,2015-10-09,72114,CAD
IMP-01629,Akiko,Schulz,imp.01629@acme-corp.com,Sales,Analyst,L3,IE,2017-03-18,69528,EUR
IMP-01630,Hiroshi,Laurent,imp.01630@acme-corp.com,Engineering,Engineer,L2,DK,2024-05-31,1178255,DKK
IMP-01631,Jose,Nair,imp.01631@acme-corp.com,Engineering,Engineer,L1,IN,2015-04-22,2811807,INR
IMP-01632,Isabel,Kang,imp.01632@acme-corp.com,Operations,Manager,L4,ZA,2021-07-19,1104220,ZAR
IMP-01633,Patricia,Schmidt,imp.01633@acme-corp.com,Sales,Analyst,L3,GB,2024-02-17,72857,GBP
IMP-01634,Mary,Hernandez,imp.01634@acme-corp.com,Operations,Manager,L1,GB,2015-03-01,83441,GBP
IMP-01635,Carmen,Yang,imp.01635@acme-corp.com,Finance,Analyst,L4,US,2015-01-14,146110,USD
IMP-01636,Omar,Schulz,imp.01636@acme-corp.com,Finance,Analyst,L4,GB,2023-11-18,63341,GBP
IMP-01637,Mary,Wu,imp.01637@acme-corp.com,Operations,Manager,L6,GB,2018-07-26,57408,GBP
IMP-01638,Nancy,Kang,imp.01638@acme-corp.com,Engineering,Engineer,L6,MX,2021-02-17,1197501,MXN
IMP-01639,Thomas,Laurent,imp.01639@acme-corp.com,Sales,Analyst,L5,AU,2018-03-24,91497,AUD
IMP-01640,Elizabeth,Garcia,imp.01640@acme-corp.com,Engineering,Engineer,L4,US,2021-09-26,69013,USD
IMP-01641,Hiroshi,Song,imp.01641@acme-corp.com,Sales,Analyst,L4,NO,2023-11-24,959596,NOK
IMP-01642,Aisha,Singh,imp.01642@acme-corp.com,Engineering,Engineer,L2,IN,2023-12-06,4439688,INR
IMP-01643,Francisco,Wilson,imp.01643@acme-corp.com,Sales,Analyst,L5,CA,2022-05-06,141995,CAD
IMP-01644,Jose,Yang,imp.01644@acme-corp.com,Finance,Analyst,L4,DK,2020-09-12,1085271,DKK
IMP-01645,Layla,Simon,imp.01645@acme-corp.com,Engineering,Engineer,L4,NL,2019-07-28,87452,EUR
IMP-01646,Jae-won,Weber,imp.01646@acme-corp.com,Finance,Analyst,L5,AU,2021-12-28,183615,AUD
IMP-01647,Robert,Fischer,imp.01647@acme-corp.com,Finance,Analyst,L2,IN,2023-05-30,4368083,INR
IMP-01648,James,Hernandez,imp.01648@acme-corp.com,Finance,Analyst,L3,NO,2024-10-30,1312955,NOK
IMP-01649,Barbara,Liu,imp.01649@acme-corp.com,Engineering,Engineer,L2,AU,2022-12-08,134207,AUD
IMP-01650,Arjun,Patel,imp.01650@acme-corp.com,Engineering,Engineer,L1,US,2021-12-11,191939,USD
IMP-01651,Charles,Garcia,imp.01651@acme-corp.com,HR,Manager,L1,SG,2017-05-06,164290,SGD
IMP-01652,Jae-won,Lee,imp.01652@acme-corp.com,Sales,Analyst,L4,IE,2024-08-10,113747,EUR
IMP-01653,Elizabeth,Reddy,imp.01653@acme-corp.com,Sales,Analyst,L5,US,2019-08-19,141762,USD
IMP-01654,Barbara,Anderson,imp.01654@acme-corp.com,Sales,Analyst,L6,KR,2023-09-13,120794372,KRW
IMP-01655,Ana,White,imp.01655@acme-corp.com,Finance,Analyst,L6,SG,2018-07-10,132067,SGD
IMP-01656,Michael,Hernandez,imp.01656@acme-corp.com,Engineering,Engineer,L4,PL,2019-10-27,134545,PLN
IMP-01657,Thomas,Davis,imp.01657@acme-corp.com,Engineering,Engineer,L6,SG,2024-09-22,93956,SGD
IMP-01658,Ananya,Wilson,imp.01658@acme-corp.com,Finance,Analyst,L1,US,2023-01-23,73643,USD
IMP-01659,Hiroshi,Johnson,imp.01659@acme-corp.com,Finance,Analyst,L5,JP,2020-05-27,9255253,JPY
IMP-01660,Arjun,Reddy,imp.01660@acme-corp.com,Finance,Analyst,L4,TW,2024-10-24,805092,TWD
IMP-01661,Fatima,Li,imp.01661@acme-corp.com,Operations,Manager,L3,HK,2022-06-26,513834,HKD
IMP-01662,Sung-min,Smith,imp.01662@acme-corp.com,Engineering,Engineer,L1,AE,2020-08-12,425317,AED
IMP-01663,Akiko,Hoffmann,imp.01663@acme-corp.com,Engineering,Engineer,L1,NL,2019-05-12,112458,EUR
IMP-01664,Hassan,Michel,imp.01664@acme-corp.com,HR,Manager,L5,CH,2018-09-12,93053,CHF
IMP-01665,Jennifer,Huang,imp.01665@acme-corp.com,Sales,Analyst,L6,NO,2019-01-31,1308776,NOK
IMP-01666,Yuki,Kim,imp.01666@acme-corp.com,Design,Designer,L2,MX,2023-09-19,380134,MXN
IMP-01667,Ahmed,Gupta,imp.01667@acme-corp.com,Engineering,Engineer,L6,TW,2018-03-28,2167438,TWD
IMP-01668,Maria,Lim,imp.01668@acme-corp.com,Design,Designer,L2,SE,2021-02-20,759109,SEK
IMP-01669,Wei,Johnson,imp.01669@acme-corp.com,Sales,Analyst,L5,AE,2023-05-08,464111,AED
IMP-01670,Chen,Kim,imp.01670@acme-corp.com,Engineering,Engineer,L3,JP,2021-05-13,15333896,JPY
IMP-01671,Hassan,Davis,imp.01671@acme-corp.com,Engineering,Engineer,L6,NL,2022-04-09,50256,EUR
IMP-01672,Charles,Thomas,imp.01672@acme-corp.com,Sales,Analyst,L1,HK,2018-02-25,1000892,HKD
IMP-01673,Ananya,Schmidt,imp.01673@acme-corp.com,Engineering,Engineer,L5,GB,2015-09-20,128742,GBP
IMP-01674,Isabel,Reddy,imp.01674@acme-corp.com,Finance,Analyst,L3,JP,2024-11-01,4762422,JPY
IMP-01675,Fatima,Fischer,imp.01675@acme-corp.com,Finance,Analyst,L2,DK,2017-05-01,875604,DKK
IMP-01676,Maria,Zhou,imp.01676@acme-corp.com,Sales,Analyst,L1,IN,2015-06-07,1648763,INR
IMP-01677,Sung-min,Bernard,imp.01677@acme-corp.com,Sales,Analyst,L4,US,2024-12-08,70944,USD
IMP-01678,Ji-young,Moore,imp.01678@acme-corp.com,HR,Manager,L5,HK,2020-01-29,370201,HKD
IMP-01679,Hiroshi,Park,imp.01679@acme-corp.com,Engineering,Engineer,L5,FR,2016-10-06,148465,EUR
IMP-01680,Elizabeth,Nair,imp.01680@acme-corp.com,Finance,Analyst,L6,GB,2016-06-01,68350,GBP
IMP-01681,Charles,Xu,imp.01681@acme-corp.com,Operations,Manager,L1,CH,2024-06-02,130019,CHF
IMP-01682,Thomas,Nair,imp.01682@acme-corp.com,Sales,Analyst,L3,NO,2015-03-30,905554,NOK
IMP-01683,Layla,Li,imp.01683@acme-corp.com,Engineering,Engineer,L6,SG,2016-06-10,182908,SGD
IMP-01684,Yusuf,Bernard,imp.01684@acme-corp.com,Engineering,Engineer,L4,NO,2023-07-11,1194363,NOK
IMP-01685,Chen,Pillai,imp.01685@acme-corp.com,Engineering,Engineer,L1,IN,2024-06-13,2689662,INR
IMP-01686,Pedro,Smith,imp.01686@acme-corp.com,Sales,Analyst,L6,SE,2024-08-05,660391,SEK
IMP-01687,Michael,Garcia,imp.01687@acme-corp.com,Sales,Analyst,L5,MX,2018-10-07,1102925,MXN
IMP-01688,Nancy,Wilson,imp.01688@acme-corp.com,Sales,Analyst,L6,US,2023-09-09,142429,USD
IMP-01689,Jennifer,Jung,imp.01689@acme-corp.com,Operations,Manager,L2,NL,2024-09-26,61802,EUR
IMP-01690,Hassan,Jones,imp.01690@acme-corp.com,Design,Designer,L5,JP,2016-08-15,11908150,JPY
IMP-01691,Jae-won,Mehta,imp.01691@acme-corp.com,Engineering,Engineer,L5,IN,2020-10-12,1606326,INR
IMP-01692,Rosa,Choi,imp.01692@acme-corp.com,Design,Designer,L1,SG,2019-12-14,117996,SGD
IMP-01693,Michael,Thomas,imp.01693@acme-corp.com,Engineering,Engineer,L3,MX,2019-06-07,871140,MXN
IMP-01694,Pedro,Bernard,imp.01694@acme-corp.com,Sales,Analyst,L6,SG,2024-06-10,78783,SGD
IMP-01695,Ananya,Smith,imp.01695@acme-corp.com,Finance,Analyst,L5,US,2017-10-10,118441,USD
IMP-01696,Mei,White,imp.01696@acme-corp.com,Engineering,Engineer,L3,US,2021-06-09,213756,USD
IMP-01697,Thomas,White,imp.01697@acme-corp.com,Finance,Analyst,L2,NO,2020-07-02,676079,NOK
IMP-01698,Isabel,Williams,imp.01698@acme-corp.com,Engineering,Engineer,L1,DE,2024-05-01,69461,EUR
IMP-01699,Yuki,Schulz,imp.01699@acme-corp.com,Sales,Analyst,L5,IN,2018-10-28,3766728,INR
IMP-01700,Layla,Reddy,imp.01700@acme-corp.com,Operations,Manager,L2,TW,2019-08-10,2380549,TWD
IMP-01701,Yusuf,Michel,imp.01701@acme-corp.com,Sales,Analyst,L4,PL,2016-08-09,73096,PLN
IMP-01702,Sung-min,Kang,imp.01702@acme-corp.com,Engineering,Engineer,L1,DE,2021-03-26,101031,EUR
IMP-01703,Rosa,Becker,imp.01703@acme-corp.com,Engineering,Engineer,L1,IN,2016-01-30,4425636,INR
IMP-01704,Yuki,Brown,imp.01704@acme-corp.com,Engineering,Engineer,L4,DK,2020-02-05,914087,DKK
IMP-01705,Ibrahim,Martin,imp.01705@acme-corp.com,Sales,Analyst,L6,SG,2017-01-15,184069,SGD
IMP-01706,Mei,Nair,imp.01706@acme-corp.com,Engineering,Engineer,L1,KR,2019-04-22,55591370,KRW
IMP-01707,Maria,Johnson,imp.01707@acme-corp.com,Finance,Analyst,L4,DK,2021-09-21,462208,DKK
IMP-01708,Ananya,Simon,imp.01708@acme-corp.com,Sales,Analyst,L5,US,2020-07-11,109606,USD
IMP-01709,Pedro,Singh,imp.01709@acme-corp.com,HR,Manager,L6,KR,2016-06-24,93362419,KRW
IMP-01710,Yuna,Zhou,imp.01710@acme-corp.com,Engineering,Engineer,L4,NO,2022-02-07,1196279,NOK
IMP-01711,Hiroshi,Hoffmann,imp.01711@acme-corp.com,Engineering,Engineer,L4,NL,2016-03-21,95135,EUR
IMP-01712,Liu,Jung,imp.01712@acme-corp.com,Sales,Analyst,L3,IN,2017-02-09,3162926,INR
IMP-01713,Rosa,Song,imp.01713@acme-corp.com,HR,Manager,L5,US,2019-03-31,148216,USD
IMP-01714,Jae-won,Chen,imp.01714@acme-corp.com,Engineering,Engineer,L5,DK,2018-08-26,836678,DKK
IMP-01715,Ana,Jung,imp.01715@acme-corp.com,Sales,Analyst,L5,US,2018-02-12,189325,USD
IMP-01716,Kenji,Michel,imp.01716@acme-corp.com,Design,Designer,L1,FR,2015-09-04,98471,EUR
IMP-01717,Isabel,Mehta,imp.01717@acme-corp.com,Operations,Manager,L3,DE,2017-04-09,97102,EUR
IMP-01718,James,Wu,imp.01718@acme-corp.com,HR,Manager,L3,DK,2018-09-20,540003,DKK
IMP-01719,Mary,Weber,imp.01719@acme-corp.com,Sales,Analyst,L1,DE,2017-08-28,117072,EUR
IMP-01720,James,Chen,imp.01720@acme-corp.com,Finance,Analyst,L6,IE,2020-03-19,143704,EUR
IMP-01721,Aisha,Williams,imp.01721@acme-corp.com,Engineering,Engineer,L4,US,2019-04-12,120130,USD
IMP-01722,Zhang,Davis,imp.01722@acme-corp.com,Engineering,Engineer,L2,US,2017-05-06,173683,USD
IMP-01723,Rosa,Joshi,imp.01723@acme-corp.com,Design,Designer,L3,SE,2020-10-29,564584,SEK
IMP-01724,Joseph,Xu,imp.01724@acme-corp.com,Engineering,Engineer,L3,ZA,2024-06-14,1242257,ZAR
IMP-01725,Mei,David,imp.01725@acme-corp.com,Engineering,Engineer,L6,US,2022-06-04,86388,USD
IMP-01726,Ana,Braun,imp.01726@acme-corp.com,Engineering,Engineer,L3,DE,2016-12-12,55302,EUR
IMP-01727,Linda,Moore,imp.01727@acme-corp.com,Engineering,Engineer,L1,NO,2015-11-11,534355,NOK
IMP-01728,Pedro,Pillai,imp.01728@acme-corp.com,Engineering,Engineer,L4,US,2020-02-07,84679,USD
IMP-01729,Zhang,Müller,imp.01729@acme-corp.com,Finance,Analyst,L6,US,2024-12-27,177616,USD
IMP-01730,Pedro,Thompson,imp.01730@acme-corp.com,Sales,Analyst,L4,IN,2018-04-29,4033427,INR
IMP-01731,Luis,Han,imp.01731@acme-corp.com,Finance,Analyst,L2,IE,2015-02-14,133646,EUR
IMP-01732,Hiroshi,Michel,imp.01732@acme-corp.com,Engineering,Engineer,L1,PL,2022-06-26,77070,PLN
IMP-01733,Ananya,Laurent,imp.01733@acme-corp.com,Sales,Analyst,L6,GB,2019-01-15,96770,GBP
IMP-01734,Takeshi,Johnson,imp.01734@acme-corp.com,Operations,Manager,L4,US,2018-09-23,75040,USD
IMP-01735,Fatima,David,imp.01735@acme-corp.com,Engineering,Engineer,L4,JP,2020-07-13,8505763,JPY
IMP-01736,Ananya,Williams,imp.01736@acme-corp.com,HR,Manager,L2,IE,2016-07-28,125562,EUR
IMP-01737,David,Reddy,imp.01737@acme-corp.com,Engineering,Engineer,L2,US,2023-03-19,156953,USD
IMP-01738,Jae-won,Williams,imp.01738@acme-corp.com,Finance,Analyst,L6,US,2017-12-01,131665,USD
IMP-01739,Layla,Miller,imp.01739@acme-corp.com,Engineering,Engineer,L1,TW,2024-03-17,1599271,TWD
IMP-01740,Liu,Reddy,imp.01740@acme-corp.com,Engineering,Engineer,L5,US,2022-05-06,169956,USD
IMP-01741,Ji-young,Martinez,imp.01741@acme-corp.com,Operations,Manager,L1,IE,2024-01-23,116690,EUR
IMP-01742,Mei,Braun,imp.01742@acme-corp.com,Sales,Analyst,L4,DK,2020-11-28,958353,DKK
IMP-01743,Jessica,Michel,imp.01743@acme-corp.com,Engineering,Engineer,L6,IN,2021-01-14,2390513,INR
IMP-01744,Jessica,Gupta,imp.01744@acme-corp.com,Sales,Analyst,L2,FR,2018-06-12,141203,EUR
IMP-01745,Karen,Moreau,imp.01745@acme-corp.com,Engineering,Engineer,L4,AE,2021-07-17,202886,AED
IMP-01746,Jae-won,Klein,imp.01746@acme-corp.com,Sales,Analyst,L4,IE,2021-05-20,85539,EUR
IMP-01747,David,Song,imp.01747@acme-corp.com,Design,Designer,L2,HK,2015-06-17,534206,HKD
IMP-01748,Barbara,Anderson,imp.01748@acme-corp.com,HR,Manager,L3,US,2023-10-03,184416,USD
IMP-01749,Michael,Chen,imp.01749@acme-corp.com,HR,Manager,L1,IE,2018-02-07,147157,EUR
IMP-01750,Isabel,Bernard,imp.01750@acme-corp.com,Finance,Analyst,L1,US,2018-03-04,114881,USD
IMP-01751,Jae-won,Gupta,imp.01751@acme-corp.com,HR,Manager,L6,JP,2019-12-05,7451781,JPY
IMP-01752,Maria,Thomas,imp.01752@acme-corp.com,Finance,Analyst,L1,KR,2020-09-11,55607299,KRW
IMP-01753,Linda,Davis,imp.01753@acme-corp.com,Sales,Analyst,L2,SG,2023-06-30,188506,SGD
IMP-01754,Thomas,Garcia,imp.01754@acme-corp.com,Sales,Analyst,L5,HK,2015-01-16,499930,HKD
IMP-01755,Carmen,Kim,imp.01755@acme-corp.com,Sales,Analyst,L6,DE,2020-03-19,54909,EUR
IMP-01756,Linda,Braun,imp.01756@acme-corp.com,Finance,Analyst,L5,AU,2023-01-05,184811,AUD
IMP-01757,Carmen,Becker,imp.01757@acme-corp.com,Finance,Analyst,L6,HK,2023-05-08,522561,HKD
IMP-01758,Sarah,Kang,imp.01758@acme-corp.com,HR,Manager,L2,ZA,2022-02-02,1382460,ZAR
IMP-01759,Mary,Liu,imp.01759@acme-corp.com,Engineering,Engineer,L4,DK,2017-05-25,709888,DKK
IMP-01760,Ahmed,Kumar,imp.01760@acme-corp.com,Finance,Analyst,L6,GB,2024-11-01,48836,GBP
IMP-01761,Chen,Kumar,imp.01761@acme-corp.com,Finance,Analyst,L4,DK,2020-06-21,497382,DKK
IMP-01762,Hiroshi,Roux,imp.01762@acme-corp.com,Engineering,Engineer,L5,NL,2022-10-05,53808,EUR
IMP-01763,Aisha,Moreau,imp.01763@acme-corp.com,Finance,Analyst,L5,ES,2017-06-07,63671,EUR
IMP-01764,Takeshi,Jung,imp.01764@acme-corp.com,Engineering,Engineer,L2,ZA,2020-11-03,817060,ZAR
IMP-01765,Fatima,Jones,imp.01765@acme-corp.com,Operations,Manager,L5,US,2015-02-08,154139,USD
IMP-01766,Ahmed,Kang,imp.01766@acme-corp.com,Engineering,Engineer,L5,NO,2020-07-19,696064,NOK
IMP-01767,Yusuf,Becker,imp.01767@acme-corp.com,Operations,Manager,L3,NO,2021-07-13,1071896,NOK
IMP-01768,Barbara,Lee,imp.01768@acme-corp.com,Sales,Analyst,L5,IN,2018-01-12,912234,INR
IMP-01769,Priya,Davis,imp.01769@acme-corp.com,Engineering,Engineer,L1,PL,2021-05-09,244068,PLN
IMP-01770,Zara,Braun,imp.01770@acme-corp.com,Engineering,Engineer,L3,HK,2023-09-18,379829,HKD
IMP-01771,Nancy,Zhou,imp.01771@acme-corp.com,HR,Manager,L6,IN,2021-11-23,3823038,INR
IMP-01772,Patricia,Gupta,imp.01772@acme-corp.com,Sales,Analyst,L2,IE,2017-08-20,99083,EUR
IMP-01773,Takeshi,Müller,imp.01773@acme-corp.com,Engineering,Engineer,L6,CH,2019-02-02,172424,CHF
IMP-01774,Chen,Anderson,imp.01774@acme-corp.com,Finance,Analyst,L5,US,2017-05-25,135362,USD
IMP-01775,Takeshi,Hernandez,imp.01775@acme-corp.com,Finance,Analyst,L6,DE,2016-09-17,129057,EUR
IMP-01776,Maria,Thomas,imp.01776@acme-corp.com,Engineering,Engineer,L1,US,2019-12-10,121151,USD
IMP-01777,Min,Brown,imp.01777@acme-corp.com,Engineering,Engineer,L4,GB,2015-12-01,123577,GBP
IMP-01778,Pedro,Lee,imp.01778@acme-corp.com,Sales,Analyst,L6,CA,2024-11-23,109809,CAD
IMP-01779,Jose,Singh,imp.01779@acme-corp.com,Sales,Analyst,L5,ZA,2023-12-14,996084,ZAR
IMP-01780,Omar,Huang,imp.01780@acme-corp.com,Engineering,Engineer,L1,US,2017-11-22,165255,USD
IMP-01781,Ahmed,Kang,imp.01781@acme-corp.com,Sales,Analyst,L2,SG,2022-02-11,72510,SGD
IMP-01782,Priya,Miller,imp.01782@acme-corp.com,Engineering,Engineer,L2,CA,2019-01-02,120140,CAD
IMP-01783,Maria,Joshi,imp.01783@acme-corp.com,Sales,Analyst,L4,ES,2017-01-30,72058,EUR
IMP-01784,Priya,Xu,imp.01784@acme-corp.com,Sales,Analyst,L1,IE,2021-01-28,111976,EUR
IMP-01785,Jose,Moore,imp.01785@acme-corp.com,Operations,Manager,L2,US,2017-03-01,63642,USD
IMP-01786,Yusuf,Garcia,imp.01786@acme-corp.com,Engineering,Engineer,L6,PL,2020-06-30,134108,PLN
IMP-01787,Yuki,Lim,imp.01787@acme-corp.com,Engineering,Engineer,L5,NL,2018-01-30,76292,EUR
IMP-01788,Omar,Braun,imp.01788@acme-corp.com,Operations,Manager,L1,AU,2017-02-19,180139,AUD
IMP-01789,Charles,Richter,imp.01789@acme-corp.com,Finance,Analyst,L3,DE,2021-03-06,101330,EUR
IMP-01790,Carlos,Roux,imp.01790@acme-corp.com,Design,Designer,L2,NL,2017-10-10,138216,EUR
IMP-01791,Zhang,Kang,imp.01791@acme-corp.com,Engineering,Engineer,L1,IN,2020-11-03,2942475,INR
IMP-01792,Linda,Simon,imp.01792@acme-corp.com,Sales,Analyst,L3,IN,2018-10-09,4340848,INR
IMP-01793,Yusuf,Miller,imp.01793@acme-corp.com,Operations,Manager,L6,KR,2017-11-04,70347378,KRW
IMP-01794,Pedro,Williams,imp.01794@acme-corp.com,Engineering,Engineer,L2,ES,2019-07-19,53905,EUR
IMP-01795,Joseph,Xu,imp.01795@acme-corp.com,Engineering,Engineer,L4,AU,2023-05-09,187155,AUD
IMP-01796,Zhang,Hernandez,imp.01796@acme-corp.com,Finance,Analyst,L4,IN,2021-04-14,1929583,INR
IMP-01797,Yuna,Johnson,imp.01797@acme-corp.com,HR,Manager,L4,DE,2017-09-20,73565,EUR
IMP-01798,Thomas,Smith,imp.01798@acme-corp.com,Engineering,Engineer,L5,IN,2016-11-21,2900245,INR
IMP-01799,Chen,Müller,imp.01799@acme-corp.com,Engineering,Engineer,L5,JP,2017-01-03,10287321,JPY
IMP-01800,Isabel,Reddy,imp.01800@acme-corp.com,Operations,Manager,L5,SG,2018-12-25,143358,SGD
IMP-01801,Hassan,Weber,imp.01801@acme-corp.com,Engineering,Engineer,L3,FR,2021-08-03,51732,EUR
IMP-01802,Luis,Reddy,imp.01802@acme-corp.com,Sales,Analyst,L5,SG,2021-10-06,76875,SGD
IMP-01803,Jessica,Kumar,imp.01803@acme-corp.com,Operations,Manager,L6,IN,2018-09-16,1224349,INR
IMP-01804,Robert,Martinez,imp.01804@acme-corp.com,Engineering,Engineer,L5,MX,2017-04-10,348628,MXN
IMP-01805,Wei,Martinez,imp.01805@acme-corp.com,Design,Designer,L4,ZA,2019-05-03,1416097,ZAR
IMP-01806,Sarah,Becker,imp.01806@acme-corp.com,Engineering,Engineer,L1,AE,2019-09-17,442563,AED
IMP-01807,Joseph,Richter,imp.01807@acme-corp.com,Design,Designer,L5,CH,2022-05-25,150151,CHF
IMP-01808,Mary,Singh,imp.01808@acme-corp.com,Sales,Analyst,L2,PL,2017-02-14,110580,PLN
IMP-01809,Jose,Jackson,imp.01809@acme-corp.com,Sales,Analyst,L1,FR,2024-05-28,70368,EUR
IMP-01810,Charles,Schulz,imp.01810@acme-corp.com,Engineering,Engineer,L3,FR,2022-08-30,126283,EUR
IMP-01811,Ana,Martinez,imp.01811@acme-corp.com,Engineering,Engineer,L1,PL,2018-08-11,153877,PLN
IMP-01812,Ana,Brown,imp.01812@acme-corp.com,Finance,Analyst,L4,GB,2023-02-17,73299,GBP
IMP-01813,Liu,Becker,imp.01813@acme-corp.com,HR,Manager,L2,CH,2017-02-05,192988,CHF
IMP-01814,Yuki,Jones,imp.01814@acme-corp.com,Sales,Analyst,L6,US,2021-11-08,154092,USD
IMP-01815,Min,Moore,imp.01815@acme-corp.com,HR,Manager,L1,AU,2021-05-09,166869,AUD
IMP-01816,Robert,Fischer,imp.01816@acme-corp.com,Finance,Analyst,L3,NL,2015-02-21,129758,EUR
IMP-01817,Sarah,Song,imp.01817@acme-corp.com,Operations,Manager,L5,DE,2020-10-19,125233,EUR
IMP-01818,Ji-young,Martin,imp.01818@acme-corp.com,Engineering,Engineer,L5,KR,2017-04-22,67984069,KRW
IMP-01819,Michael,Davis,imp.01819@acme-corp.com,Sales,Analyst,L1,HK,2016-02-27,407751,HKD
IMP-01820,Joseph,Moore,imp.01820@acme-corp.com,Sales,Analyst,L1,US,2015-06-02,188635,USD
IMP-01821,William,Zhou,imp.01821@acme-corp.com,Engineering,Engineer,L3,CH,2018-05-29,161761,CHF
IMP-01822,Thomas,Moreau,imp.01822@acme-corp.com,Finance,Analyst,L4,DE,2015-07-05,84237,EUR
IMP-01823,Mary,Gupta,imp.01823@acme-corp.com,Finance,Analyst,L6,MX,2018-08-04,418079,MXN
IMP-01824,Min,Zhou,imp.01824@acme-corp.com,Engineering,Engineer,L1,TW,2023-03-04,3379847,TWD
IMP-01825,Mei,Martin,imp.01825@acme-corp.com,HR,Manager,L2,ES,2021-05-08,113209,EUR
IMP-01826,Layla,Weber,imp.01826@acme-corp.com,Engineering,Engineer,L2,PL,2018-03-09,199188,PLN
IMP-01827,Elizabeth,Patel,imp.01827@acme-corp.com,HR,Manager,L3,GB,2016-08-10,135567,GBP
IMP-01828,Layla,Simon,imp.01828@acme-corp.com,HR,Manager,L3,AE,2018-01-21,245689,AED
IMP-01829,Joseph,Martin,imp.01829@acme-corp.com,Sales,Analyst,L4,SE,2023-05-23,754175,SEK
IMP-01830,Karen,Joshi,imp.01830@acme-corp.com,Engineering,Engineer,L4,DE,2016-07-23,109664,EUR
IMP-01831,Omar,Dupont,imp.01831@acme-corp.com,Operations,Manager,L2,NO,2017-07-08,815819,NOK
IMP-01832,Luis,Martin,imp.01832@acme-corp.com,Sales,Analyst,L5,US,2024-08-17,212720,USD
IMP-01833,Ji-young,Garcia,imp.01833@acme-corp.com,HR,Manager,L6,US,2020-12-18,156517,USD
IMP-01834,Ana,Thompson,imp.01834@acme-corp.com,Sales,Analyst,L4,DE,2017-04-30,99206,EUR
IMP-01835,Karen,Schulz,imp.01835@acme-corp.com,Sales,Analyst,L6,IN,2020-02-26,1735176,INR
IMP-01836,Min,Pillai,imp.01836@acme-corp.com,Design,Designer,L3,DK,2016-02-18,780118,DKK
IMP-01837,Mei,Anderson,imp.01837@acme-corp.com,HR,Manager,L6,SG,2021-08-08,109496,SGD
IMP-01838,Pedro,Joshi,imp.01838@acme-corp.com,Engineering,Engineer,L2,MX,2023-02-11,862047,MXN
IMP-01839,Akiko,Li,imp.01839@acme-corp.com,Engineering,Engineer,L2,CA,2024-01-02,161400,CAD
IMP-01840,Ibrahim,Hoffmann,imp.01840@acme-corp.com,Engineering,Engineer,L4,SG,2022-05-26,137382,SGD
IMP-01841,Karen,Han,imp.01841@acme-corp.com,Finance,Analyst,L6,MX,2015-09-30,830489,MXN
IMP-01842,Jae-won,Mehta,imp.01842@acme-corp.com,Engineering,Engineer,L5,NO,2017-05-19,1087059,NOK
IMP-01843,Joseph,Johnson,imp.01843@acme-corp.com,Engineering,Engineer,L1,DE,2016-01-22,94179,EUR
IMP-01844,Michael,Taylor,imp.01844@acme-corp.com,Finance,Analyst,L6,PL,2024-11-20,89824,PLN
IMP-01845,Wei,Patel,imp.01845@acme-corp.com,Engineering,Engineer,L3,AU,2022-12-09,123434,AUD
IMP-01846,Yusuf,Moreau,imp.01846@acme-corp.com,Operations,Manager,L4,NL,2018-12-31,101185,EUR
IMP-01847,Elizabeth,Zhou,imp.01847@acme-corp.com,Finance,Analyst,L3,IN,2019-11-19,2718068,INR
IMP-01848,Rahul,Richter,imp.01848@acme-corp.com,Sales,Analyst,L3,NL,2015-11-13,83955,EUR
IMP-01849,Yuki,Smith,imp.01849@acme-corp.com,Engineering,Engineer,L5,US,2023-01-21,70290,USD
IMP-01850,Karen,Moreau,imp.01850@acme-corp.com,Engineering,Engineer,L3,NL,2021-07-14,93814,EUR
IMP-01851,Yuki,Zhang,imp.01851@acme-corp.com,Engineering,Engineer,L1,NL,2020-08-27,138414,EUR
IMP-01852,Ananya,Michel,imp.01852@acme-corp.com,Engineering,Engineer,L5,NL,2022-05-28,94534,EUR
IMP-01853,David,Martin,imp.01853@acme-corp.com,Operations,Manager,L3,US,2024-04-27,156356,USD
IMP-01854,Jessica,Lim,imp.01854@acme-corp.com,Sales,Analyst,L1,PL,2023-11-26,73269,PLN
IMP-01855,Hiroshi,Singh,imp.01855@acme-corp.com,Design,Designer,L5,JP,2018-10-10,7488225,JPY
IMP-01856,Patricia,Lee,imp.01856@acme-corp.com,Sales,Analyst,L3,CH,2017-08-12,106285,CHF
IMP-01857,Ji-young,Huang,imp.01857@acme-corp.com,Sales,Analyst,L5,CA,2017-01-13,111000,CAD
IMP-01858,Patricia,Michel,imp.01858@acme-corp.com,HR,Manager,L5,ZA,2022-07-12,1125101,ZAR
IMP-01859,Aisha,Michel,imp.01859@acme-corp.com,HR,Manager,L5,JP,2018-08-18,14652003,JPY
IMP-01860,Linda,Davis,imp.01860@acme-corp.com,Sales,Analyst,L2,DK,2024-01-11,1083192,DKK
IMP-01861,Chen,Liu,imp.01861@acme-corp.com,Sales,Analyst,L1,IN,2021-08-17,2715429,INR
IMP-01862,Hiroshi,Kumar,imp.01862@acme-corp.com,Engineering,Engineer,L2,GB,2016-11-09,65617,GBP
IMP-01863,Elizabeth,Choi,imp.01863@acme-corp.com,Engineering,Engineer,L6,ZA,2016-01-09,1028570,ZAR
IMP-01864,William,Jones,imp.01864@acme-corp.com,HR,Manager,L1,CA,2018-12-15,80485,CAD
IMP-01865,Sung-min,Patel,imp.01865@acme-corp.com,Operations,Manager,L5,AE,2015-02-16,256595,AED
IMP-01866,Zara,Lee,imp.01866@acme-corp.com,Engineering,Engineer,L3,TW,2017-04-22,2496775,TWD
IMP-01867,Sakura,Garcia,imp.01867@acme-corp.com,Operations,Manager,L5,KR,2017-02-09,118560529,KRW
IMP-01868,Zara,Hernandez,imp.01868@acme-corp.com,Engineering,Engineer,L4,FR,2023-09-25,86023,EUR
IMP-01869,Chen,Michel,imp.01869@acme-corp.com,Design,Designer,L3,CA,2020-04-18,83794,CAD
IMP-01870,James,Huang,imp.01870@acme-corp.com,HR,Manager,L2,IE,2021-02-16,83084,EUR
IMP-01871,Isabel,Jones,imp.01871@acme-corp.com,Design,Designer,L2,AU,2021-09-07,189986,AUD
IMP-01872,Liu,Thompson,imp.01872@acme-corp.com,Operations,Manager,L6,NL,2021-11-22,99880,EUR
IMP-01873,Min,Williams,imp.01873@acme-corp.com,Finance,Analyst,L5,GB,2023-09-24,64755,GBP
IMP-01874,Takeshi,Yang,imp.01874@acme-corp.com,Engineering,Engineer,L4,AU,2023-10-14,179519,AUD
IMP-01875,Ananya,Fischer,imp.01875@acme-corp.com,Engineering,Engineer,L2,TW,2017-09-28,1561794,TWD
IMP-01876,Layla,Zhou,imp.01876@acme-corp.com,Engineering,Engineer,L3,ES,2019-08-18,127658,EUR
IMP-01877,Fatima,Lee,imp.01877@acme-corp.com,Design,Designer,L1,KR,2016-06-26,115299892,KRW
IMP-01878,Michael,Han,imp.01878@acme-corp.com,Sales,Analyst,L6,GB,2015-01-12,123980,GBP
IMP-01879,Hassan,Choi,imp.01879@acme-corp.com,HR,Manager,L1,GB,2017-11-25,141106,GBP
IMP-01880,Pedro,Lim,imp.01880@acme-corp.com,Finance,Analyst,L3,IN,2023-12-10,2407473,INR
IMP-01881,Ahmed,White,imp.01881@acme-corp.com,Finance,Analyst,L5,DK,2019-06-17,1163661,DKK
IMP-01882,Ibrahim,Müller,imp.01882@acme-corp.com,Design,Designer,L3,US,2021-04-22,215925,USD
IMP-01883,Mary,Sharma,imp.01883@acme-corp.com,Engineering,Engineer,L5,IN,2018-08-12,1699937,INR
IMP-01884,Mary,Williams,imp.01884@acme-corp.com,Sales,Analyst,L5,NO,2016-10-26,1200707,NOK
IMP-01885,Sarah,Brown,imp.01885@acme-corp.com,Finance,Analyst,L2,CA,2016-09-26,121125,CAD
IMP-01886,Mei,Chen,imp.01886@acme-corp.com,HR,Manager,L2,US,2020-12-15,164903,USD
IMP-01887,Omar,Jones,imp.01887@acme-corp.com,Engineering,Engineer,L4,US,2023-12-28,84222,USD
IMP-01888,Zhang,Taylor,imp.01888@acme-corp.com,Sales,Analyst,L2,US,2020-06-28,80540,USD
IMP-01889,Jae-won,Kim,imp.01889@acme-corp.com,Engineering,Engineer,L5,DE,2017-04-15,113944,EUR
IMP-01890,Ananya,Patel,imp.01890@acme-corp.com,Operations,Manager,L1,ZA,2021-07-26,777426,ZAR
IMP-01891,Omar,Brown,imp.01891@acme-corp.com,HR,Manager,L3,MX,2022-03-27,898001,MXN
IMP-01892,Ananya,Klein,imp.01892@acme-corp.com,Operations,Manager,L4,IN,2015-03-17,1999584,INR
IMP-01893,Jae-won,Brown,imp.01893@acme-corp.com,Engineering,Engineer,L3,CA,2015-07-19,151269,CAD
IMP-01894,Yuki,Huang,imp.01894@acme-corp.com,Finance,Analyst,L1,FR,2024-11-23,118834,EUR
IMP-01895,James,Chen,imp.01895@acme-corp.com,Finance,Analyst,L4,AU,2023-01-29,78302,AUD
IMP-01896,Layla,David,imp.01896@acme-corp.com,Sales,Analyst,L5,PL,2018-09-29,247465,PLN
IMP-01897,Layla,Kumar,imp.01897@acme-corp.com,Design,Designer,L1,JP,2016-07-06,11761861,JPY
IMP-01898,Karen,Hernandez,imp.01898@acme-corp.com,HR,Manager,L2,NL,2016-05-20,51457,EUR
IMP-01899,William,Li,imp.01899@acme-corp.com,Engineering,Engineer,L3,PL,2024-01-02,85998,PLN
IMP-01900,Barbara,Nair,imp.01900@acme-corp.com,HR,Manager,L2,AE,2019-08-30,120337,AED
IMP-01901,Jessica,Michel,imp.01901@acme-corp.com,Finance,Analyst,L2,SE,2016-04-20,440231,SEK
IMP-01902,Fatima,Nair,imp.01902@acme-corp.com,Finance,Analyst,L5,ES,2021-02-13,83527,EUR
IMP-01903,Richard,Yoon,imp.01903@acme-corp.com,Operations,Manager,L3,HK,2023-09-22,1018545,HKD
IMP-01904,Aisha,Huang,imp.01904@acme-corp.com,Engineering,Engineer,L4,DK,2020-06-08,866538,DKK
IMP-01905,Omar,Davis,imp.01905@acme-corp.com,Engineering,Engineer,L4,FR,2016-05-29,72247,EUR
IMP-01906,Jessica,Zhang,imp.01906@acme-corp.com,Operations,Manager,L2,JP,2023-03-27,15673322,JPY
IMP-01907,Liu,Garcia,imp.01907@acme-corp.com,Sales,Analyst,L2,DK,2020-08-01,524224,DKK
IMP-01908,Susan,Lee,imp.01908@acme-corp.com,Finance,Analyst,L4,MX,2017-07-09,582065,MXN
IMP-01909,Jose,Song,imp.01909@acme-corp.com,Engineering,Engineer,L6,IE,2023-03-09,101564,EUR
IMP-01910,Karen,Singh,imp.01910@acme-corp.com,Finance,Analyst,L2,US,2019-11-03,107339,USD
IMP-01911,Karen,Williams,imp.01911@acme-corp.com,HR,Manager,L1,ZA,2020-01-11,527967,ZAR
IMP-01912,Ibrahim,Wang,imp.01912@acme-corp.com,HR,Manager,L3,CA,2018-08-14,91639,CAD
IMP-01913,Zara,Song,imp.01913@acme-corp.com,Engineering,Engineer,L6,US,2016-12-18,206169,USD
IMP-01914,Thomas,Kim,imp.01914@acme-corp.com,Operations,Manager,L6,ES,2020-04-18,66974,EUR
IMP-01915,Linda,Kim,imp.01915@acme-corp.com,Sales,Analyst,L4,TW,2021-07-21,3048912,TWD
IMP-01916,Luis,David,imp.01916@acme-corp.com,Sales,Analyst,L1,CH,2020-03-30,184224,CHF
IMP-01917,Luis,Williams,imp.01917@acme-corp.com,Engineering,Engineer,L1,CH,2019-09-07,119879,CHF
IMP-01918,Wei,Park,imp.01918@acme-corp.com,Finance,Analyst,L4,KR,2018-04-09,69894564,KRW
IMP-01919,Hassan,Song,imp.01919@acme-corp.com,HR,Manager,L3,DK,2023-10-16,558747,DKK
IMP-01920,Priya,Hoffmann,imp.01920@acme-corp.com,Sales,Analyst,L5,DK,2021-06-01,726225,DKK
IMP-01921,Ahmed,Richter,imp.01921@acme-corp.com,Operations,Manager,L1,KR,2021-12-27,114251302,KRW
IMP-01922,Priya,Singh,imp.01922@acme-corp.com,Engineering,Engineer,L4,GB,2020-03-23,54382,GBP
IMP-01923,Joseph,Braun,imp.01923@acme-corp.com,Operations,Manager,L3,US,2018-05-12,117947,USD
IMP-01924,Carmen,Williams,imp.01924@acme-corp.com,Finance,Analyst,L6,ES,2020-06-10,146021,EUR
IMP-01925,Priya,Michel,imp.01925@acme-corp.com,Engineering,Engineer,L6,KR,2021-08-14,42256397,KRW
IMP-01926,Susan,Lee,imp.01926@acme-corp.com,Finance,Analyst,L3,SE,2015-07-07,1102091,SEK
IMP-01927,Luis,Anderson,imp.01927@acme-corp.com,Sales,Analyst,L2,KR,2016-12-26,120231995,KRW
IMP-01928,Akiko,Garcia,imp.01928@acme-corp.com,Engineering,Engineer,L2,IN,2016-05-26,830923,INR
IMP-01929,Takeshi,Schmidt,imp.01929@acme-corp.com,Engineering,Engineer,L6,JP,2017-04-14,17233148,JPY
IMP-01930,Akiko,Bernard,imp.01930@acme-corp.com,Sales,Analyst,L1,ZA,2023-12-19,1478495,ZAR
IMP-01931,Francisco,Mehta,imp.01931@acme-corp.com,Engineering,Engineer,L2,US,2018-07-14,79888,USD
IMP-01932,Karen,Martin,imp.01932@acme-corp.com,Engineering,Engineer,L1,AU,2024-10-03,161486,AUD
IMP-01933,Aisha,Moreau,imp.01933@acme-corp.com,Design,Designer,L3,AU,2018-06-02,82643,AUD
IMP-01934,Nancy,Fischer,imp.01934@acme-corp.com,Sales,Analyst,L3,GB,2019-07-15,135620,GBP
IMP-01935,Layla,Lim,imp.01935@acme-corp.com,Engineering,Engineer,L6,DE,2023-03-23,67951,EUR
IMP-01936,Jae-won,Braun,imp.01936@acme-corp.com,Engineering,Engineer,L6,GB,2023-08-11,128975,GBP
IMP-01937,Jose,Moreau,imp.01937@acme-corp.com,Finance,Analyst,L3,ZA,2021-05-09,1020588,ZAR
IMP-01938,Priya,Song,imp.01938@acme-corp.com,Sales,Analyst,L6,GB,2022-11-12,82169,GBP
IMP-01939,Sarah,Han,imp.01939@acme-corp.com,Sales,Analyst,L3,US,2016-03-17,197939,USD
IMP-01940,Carmen,Gupta,imp.01940@acme-corp.com,Engineering,Engineer,L5,IE,2020-10-21,112112,EUR
IMP-01941,Takeshi,Lee,imp.01941@acme-corp.com,Engineering,Engineer,L2,MX,2022-11-11,640891,MXN
IMP-01942,Zhang,Johnson,imp.01942@acme-corp.com,Engineering,Engineer,L2,AE,2023-12-31,436402,AED
IMP-01943,Joseph,Sharma,imp.01943@acme-corp.com,Engineering,Engineer,L3,PL,2023-10-10,164373,PLN
IMP-01944,Robert,Thomas,imp.01944@acme-corp.com,Engineering,Engineer,L2,GB,2022-07-17,59529,GBP
IMP-01945,Takeshi,Choi,imp.01945@acme-corp.com,Sales,Analyst,L2,US,2022-08-10,104723,USD
IMP-01946,Francisco,White,imp.01946@acme-corp.com,Engineering,Engineer,L2,AU,2021-05-24,104070,AUD
IMP-01947,William,Roux,imp.01947@acme-corp.com,Operations,Manager,L3,PL,2020-03-19,128754,PLN
IMP-01948,Priya,Sharma,imp.01948@acme-corp.com,Finance,Analyst,L6,IE,2018-07-08,81808,EUR
IMP-01949,Yuna,Thompson,imp.01949@acme-corp.com,HR,Manager,L1,SG,2017-04-05,130577,SGD
IMP-01950,William,Gupta,imp.01950@acme-corp.com,HR,Manager,L3,CH,2017-07-26,196739,CHF
IMP-01951,Chen,Martinez,imp.01951@acme-corp.com,Engineering,Engineer,L3,CA,2018-06-22,143415,CAD
IMP-01952,Pedro,David,imp.01952@acme-corp.com,Finance,Analyst,L1,MX,2023-08-26,852401,MXN
IMP-01953,Robert,Fischer,imp.01953@acme-corp.com,Operations,Manager,L3,CA,2021-04-19,122486,CAD
IMP-01954,Susan,Joshi,imp.01954@acme-corp.com,Engineering,Engineer,L4,GB,2020-08-24,101710,GBP
IMP-01955,Ji-young,Dupont,imp.01955@acme-corp.com,HR,Manager,L6,SG,2017-06-23,154648,SGD
IMP-01956,Zara,Xu,imp.01956@acme-corp.com,Engineering,Engineer,L4,NO,2021-04-23,1269500,NOK
IMP-01957,Chen,Taylor,imp.01957@acme-corp.com,Engineering,Engineer,L4,TW,2021-05-14,1321916,TWD
IMP-01958,Luis,Thompson,imp.01958@acme-corp.com,Finance,Analyst,L2,SE,2020-01-01,963808,SEK
IMP-01959,Aisha,Xu,imp.01959@acme-corp.com,Engineering,Engineer,L2,ES,2021-03-02,75486,EUR
IMP-01960,Yusuf,Thomas,imp.01960@acme-corp.com,HR,Manager,L3,AE,2023-12-25,228803,AED
IMP-01961,Omar,Choi,imp.01961@acme-corp.com,Design,Designer,L5,IE,2016-11-13,124899,EUR
IMP-01962,Yuki,Michel,imp.01962@acme-corp.com,HR,Manager,L1,US,2023-05-31,132622,USD
IMP-01963,Yusuf,David,imp.01963@acme-corp.com,Sales,Analyst,L1,GB,2021-06-24,147918,GBP
IMP-01964,Isabel,Wu,imp.01964@acme-corp.com,HR,Manager,L1,US,2017-05-14,161748,USD
IMP-01965,Rahul,Taylor,imp.01965@acme-corp.com,Engineering,Engineer,L3,AE,2016-10-21,184605,AED
IMP-01966,Rahul,Yang,imp.01966@acme-corp.com,HR,Manager,L5,NL,2019-09-02,67487,EUR
IMP-01967,James,Singh,imp.01967@acme-corp.com,Finance,Analyst,L6,NO,2022-11-27,1281708,NOK
IMP-01968,Linda,Sharma,imp.01968@acme-corp.com,Engineering,Engineer,L4,PL,2022-03-27,221238,PLN
IMP-01969,David,Braun,imp.01969@acme-corp.com,Finance,Analyst,L4,SG,2022-03-07,91567,SGD
IMP-01970,William,Lim,imp.01970@acme-corp.com,Operations,Manager,L5,IN,2023-08-10,2508081,INR
IMP-01971,Susan,Müller,imp.01971@acme-corp.com,Engineering,Engineer,L2,GB,2023-01-25,80413,GBP
IMP-01972,Kenji,Huang,imp.01972@acme-corp.com,Operations,Manager,L2,ZA,2017-03-24,1371702,ZAR
IMP-01973,Linda,Becker,imp.01973@acme-corp.com,Sales,Analyst,L3,MX,2015-01-28,799503,MXN
IMP-01974,Mei,Fischer,imp.01974@acme-corp.com,Operations,Manager,L1,AU,2021-08-20,164624,AUD
IMP-01975,Sakura,Garcia,imp.01975@acme-corp.com,Sales,Analyst,L3,DE,2020-09-15,85894,EUR
IMP-01976,Yuna,Xu,imp.01976@acme-corp.com,Engineering,Engineer,L3,MX,2024-10-01,927448,MXN
IMP-01977,Susan,White,imp.01977@acme-corp.com,Engineering,Engineer,L6,HK,2019-06-09,744463,HKD
IMP-01978,Fatima,Jung,imp.01978@acme-corp.com,Engineering,Engineer,L6,IN,2019-03-04,2746070,INR
IMP-01979,Priya,Han,imp.01979@acme-corp.com,Engineering,Engineer,L2,NL,2017-01-11,55228,EUR
IMP-01980,Michael,Joshi,imp.01980@acme-corp.com,Engineering,Engineer,L2,NL,2017-08-03,143403,EUR
IMP-01981,Charles,Gupta,imp.01981@acme-corp.com,Design,Designer,L3,GB,2023-07-31,91232,GBP
IMP-01982,Jae-won,Miller,imp.01982@acme-corp.com,Engineering,Engineer,L5,NL,2015-01-28,55120,EUR
IMP-01983,Layla,Huang,imp.01983@acme-corp.com,HR,Manager,L4,DE,2022-12-08,113318,EUR
IMP-01984,Rosa,Yoon,imp.01984@acme-corp.com,Finance,Analyst,L1,SE,2021-11-15,438163,SEK
IMP-01985,Wei,Weber,imp.01985@acme-corp.com,Operations,Manager,L6,US,2018-11-22,165735,USD
IMP-01986,Pedro,Hoffmann,imp.01986@acme-corp.com,Operations,Manager,L3,AU,2018-02-25,169317,AUD
IMP-01987,Sakura,Garcia,imp.01987@acme-corp.com,Finance,Analyst,L4,IN,2022-09-03,2386855,INR
IMP-01988,Isabel,Braun,imp.01988@acme-corp.com,Finance,Analyst,L4,NO,2016-11-22,544849,NOK
IMP-01989,Yuki,Wang,imp.01989@acme-corp.com,Engineering,Engineer,L2,AU,2020-06-10,169254,AUD
IMP-01990,Carmen,Simon,imp.01990@acme-corp.com,Engineering,Engineer,L3,NO,2017-04-17,740513,NOK
IMP-01991,Fatima,Yang,imp.01991@acme-corp.com,Sales,Analyst,L3,MX,2017-06-02,571680,MXN
IMP-01992,Sarah,Laurent,imp.01992@acme-corp.com,Operations,Manager,L3,FR,2023-07-22,113952,EUR
IMP-01993,Yusuf,Thomas,imp.01993@acme-corp.com,Operations,Manager,L3,TW,2018-07-17,2424733,TWD
IMP-01994,Yuki,Johnson,imp.01994@acme-corp.com,Finance,Analyst,L2,NO,2022-10-30,1045506,NOK
IMP-01995,Jennifer,Patel,imp.01995@acme-corp.com,Operations,Manager,L2,NL,2018-03-06,101537,EUR
IMP-01996,William,Nair,imp.01996@acme-corp.com,Engineering,Engineer,L4,GB,2021-02-11,120765,GBP
IMP-01997,Hiroshi,Xu,imp.01997@acme-corp.com,Finance,Analyst,L3,TW,2021-01-12,3008022,TWD
IMP-01998,Barbara,Johnson,imp.01998@acme-corp.com,Sales,Analyst,L1,US,2017-01-01,158011,USD
IMP-01999,James,Mehta,imp.01999@acme-corp.com,Engineering,Engineer,L3,IE,2020-10-06,140481,EUR
IMP-02000,Mary,Miller,imp.02000@acme-corp.com,Engineering,Engineer,L4,FR,2019-02-14,79361,EUR
IMP-02001,Mei,Weber,imp.02001@acme-corp.com,Engineering,Engineer,L1,US,2015-07-30,97308,USD
IMP-02002,James,Martin,imp.02002@acme-corp.com,Engineering,Engineer,L2,TW,2024-11-03,816362,TWD
IMP-02003,Yusuf,White,imp.02003@acme-corp.com,Engineering,Engineer,L6,NO,2020-09-14,597282,NOK
IMP-02004,Akiko,Singh,imp.02004@acme-corp.com,HR,Manager,L4,US,2020-08-04,85601,USD
IMP-02005,Linda,Pillai,imp.02005@acme-corp.com,Sales,Analyst,L1,IN,2015-05-27,2781980,INR
IMP-02006,Maria,Li,imp.02006@acme-corp.com,Engineering,Engineer,L6,NO,2023-02-25,563495,NOK
IMP-02007,Jae-won,Xu,imp.02007@acme-corp.com,Design,Designer,L1,DE,2017-09-26,70080,EUR
IMP-02008,Ahmed,Smith,imp.02008@acme-corp.com,Finance,Analyst,L6,ZA,2017-03-14,705224,ZAR
IMP-02009,Isabel,Kumar,imp.02009@acme-corp.com,Finance,Analyst,L5,TW,2018-03-24,1032204,TWD
IMP-02010,Nancy,Kang,imp.02010@acme-corp.com,Engineering,Engineer,L6,FR,2020-02-29,141777,EUR
IMP-02011,Elizabeth,Brown,imp.02011@acme-corp.com,Finance,Analyst,L2,SG,2023-10-31,71668,SGD
IMP-02012,Layla,Brown,imp.02012@acme-corp.com,HR,Manager,L2,HK,2022-04-10,915122,HKD
IMP-02013,David,Zhang,imp.02013@acme-corp.com,HR,Manager,L5,AE,2021-03-06,222457,AED
IMP-02014,Sung-min,White,imp.02014@acme-corp.com,Operations,Manager,L4,DK,2020-03-13,626507,DKK
IMP-02015,Ana,Moore,imp.02015@acme-corp.com,Engineering,Engineer,L6,SE,2015-03-30,670719,SEK
IMP-02016,Zhang,Kumar,imp.02016@acme-corp.com,Engineering,Engineer,L1,GB,2015-05-28,86704,GBP
IMP-02017,Jennifer,Roux,imp.02017@acme-corp.com,Engineering,Engineer,L2,ZA,2017-08-18,391459,ZAR
IMP-02018,Mary,Kim,imp.02018@acme-corp.com,Sales,Analyst,L4,ES,2015-02-06,53436,EUR
IMP-02019,Layla,Miller,imp.02019@acme-corp.com,HR,Manager,L4,HK,2017-09-27,644692,HKD
IMP-02020,Charles,Huang,imp.02020@acme-corp.com,Engineering,Engineer,L2,US,2019-07-11,193584,USD
IMP-02021,Akiko,Fischer,imp.02021@acme-corp.com,Finance,Analyst,L2,SE,2018-03-18,782733,SEK
IMP-02022,Ibrahim,Martin,imp.02022@acme-corp.com,Engineering,Engineer,L2,CA,2019-05-04,79278,CAD
IMP-02023,Hiroshi,Laurent,imp.02023@acme-corp.com,Finance,Analyst,L2,US,2015-08-10,164363,USD
IMP-02024,Ibrahim,Lee,imp.02024@acme-corp.com,Finance,Analyst,L5,FR,2019-06-30,70921,EUR
IMP-02025,Thomas,Gupta,imp.02025@acme-corp.com,Operations,Manager,L5,AE,2017-10-14,545062,AED
IMP-02026,Zara,Braun,imp.02026@acme-corp.com,HR,Manager,L3,TW,2017-10-12,1530317,TWD
IMP-02027,Francisco,Hernandez,imp.02027@acme-corp.com,Operations,Manager,L5,GB,2021-09-17,71691,GBP
IMP-02028,Arjun,Sharma,imp.02028@acme-corp.com,Sales,Analyst,L1,IN,2021-11-02,1201619,INR
IMP-02029,Ibrahim,Jones,imp.02029@acme-corp.com,Finance,Analyst,L3,DK,2019-07-19,542999,DKK
IMP-02030,Thomas,Chen,imp.02030@acme-corp.com,Finance,Analyst,L2,US,2015-01-20,115332,USD
IMP-02031,Linda,David,imp.02031@acme-corp.com,Engineering,Engineer,L3,FR,2017-03-09,66515,EUR
IMP-02032,Barbara,Park,imp.02032@acme-corp.com,Finance,Analyst,L3,AE,2023-05-24,348961,AED
IMP-02033,Jessica,Kumar,imp.02033@acme-corp.com,Finance,Analyst,L3,IN,2019-12-05,3588481,INR
IMP-02034,Rosa,Miller,imp.02034@acme-corp.com,Engineering,Engineer,L4,JP,2024-01-27,4806837,JPY
IMP-02035,Hassan,Jones,imp.02035@acme-corp.com,Engineering,Engineer,L2,IE,2021-02-22,103543,EUR
IMP-02036,Kenji,Thomas,imp.02036@acme-corp.com,Design,Designer,L1,HK,2015-10-21,699016,HKD
IMP-02037,Pedro,Lee,imp.02037@acme-corp.com,Finance,Analyst,L5,KR,2019-02-03,55592252,KRW
IMP-02038,Michael,Müller,imp.02038@acme-corp.com,Engineering,Engineer,L6,SG,2022-03-19,118613,SGD
IMP-02039,Karen,Fischer,imp.02039@acme-corp.com,HR,Manager,L2,FR,2023-03-24,124856,EUR
IMP-02040,Pedro,Fischer,imp.02040@acme-corp.com,Sales,Analyst,L6,AE,2023-01-28,329059,AED
IMP-02041,Elizabeth,Miller,imp.02041@acme-corp.com,Sales,Analyst,L3,IN,2021-10-10,868392,INR
IMP-02042,Pedro,Park,imp.02042@acme-corp.com,HR,Manager,L3,GB,2016-03-28,84911,GBP
IMP-02043,Akiko,Brown,imp.02043@acme-corp.com,Engineering,Engineer,L6,ZA,2021-12-29,779305,ZAR
IMP-02044,Hiroshi,Park,imp.02044@acme-corp.com,Operations,Manager,L1,TW,2018-02-09,2446853,TWD
IMP-02045,Jessica,Müller,imp.02045@acme-corp.com,Engineering,Engineer,L3,ES,2021-01-01,73783,EUR
IMP-02046,Francisco,Lee,imp.02046@acme-corp.com,Engineering,Engineer,L6,HK,2017-05-13,839488,HKD
IMP-02047,Yuna,Miller,imp.02047@acme-corp.com,Engineering,Engineer,L6,DE,2022-07-25,87339,EUR
IMP-02048,Yuki,Martinez,imp.02048@acme-corp.com,HR,Manager,L4,US,2024-01-13,134853,USD
IMP-02049,Ibrahim,Kang,imp.02049@acme-corp.com,HR,Manager,L5,TW,2024-04-11,2290199,TWD
IMP-02050,Ahmed,Anderson,imp.02050@acme-corp.com,HR,Manager,L6,NO,2021-05-27,1206752,NOK
IMP-02051,Francisco,Brown,imp.02051@acme-corp.com,Sales,Analyst,L5,US,2023-02-24,61185,USD
IMP-02052,Robert,Moore,imp.02052@acme-corp.com,Engineering,Engineer,L3,DK,2015-06-11,590409,DKK
IMP-02053,William,Nair,imp.02053@acme-corp.com,Operations,Manager,L1,IE,2019-06-25,55007,EUR
IMP-02054,Jessica,Kumar,imp.02054@acme-corp.com,Finance,Analyst,L4,FR,2015-01-21,104923,EUR
IMP-02055,David,Han,imp.02055@acme-corp.com,Finance,Analyst,L5,SE,2023-03-14,525098,SEK
IMP-02056,Sarah,Wu,imp.02056@acme-corp.com,Engineering,Engineer,L1,CH,2021-12-31,190077,CHF
IMP-02057,Fatima,Reddy,imp.02057@acme-corp.com,Design,Designer,L6,TW,2024-01-26,2363611,TWD
IMP-02058,Zara,White,imp.02058@acme-corp.com,HR,Manager,L1,HK,2021-10-21,621782,HKD
IMP-02059,Akiko,Pillai,imp.02059@acme-corp.com,Sales,Analyst,L1,DK,2023-02-25,793205,DKK
IMP-02060,Ahmed,Pillai,imp.02060@acme-corp.com,Engineering,Engineer,L2,CH,2018-01-14,175866,CHF
IMP-02061,Rahul,Klein,imp.02061@acme-corp.com,Engineering,Engineer,L1,US,2023-08-25,138525,USD
IMP-02062,James,Wu,imp.02062@acme-corp.com,Engineering,Engineer,L4,ZA,2024-12-05,472967,ZAR
IMP-02063,Linda,Wilson,imp.02063@acme-corp.com,Operations,Manager,L4,DK,2017-07-11,648306,DKK
IMP-02064,Takeshi,Laurent,imp.02064@acme-corp.com,Sales,Analyst,L3,PL,2022-05-20,166185,PLN
IMP-02065,Yuna,Garcia,imp.02065@acme-corp.com,Engineering,Engineer,L6,MX,2015-07-28,701745,MXN
IMP-02066,Priya,Weber,imp.02066@acme-corp.com,Engineering,Engineer,L4,FR,2022-01-02,54035,EUR
IMP-02067,Zhang,Simon,imp.02067@acme-corp.com,Operations,Manager,L1,TW,2015-12-05,2149018,TWD
IMP-02068,Min,Moreau,imp.02068@acme-corp.com,Finance,Analyst,L6,JP,2019-05-15,7555839,JPY
IMP-02069,Priya,Kumar,imp.02069@acme-corp.com,Engineering,Engineer,L1,DE,2021-05-05,93017,EUR
IMP-02070,Jennifer,Martinez,imp.02070@acme-corp.com,Operations,Manager,L4,US,2020-02-05,170650,USD
IMP-02071,Sung-min,Sharma,imp.02071@acme-corp.com,Engineering,Engineer,L6,HK,2023-06-23,357619,HKD
IMP-02072,Mary,Zhang,imp.02072@acme-corp.com,HR,Manager,L1,SE,2015-06-18,828066,SEK
IMP-02073,Akiko,Martin,imp.02073@acme-corp.com,Engineering,Engineer,L3,IN,2024-11-06,4061278,INR
IMP-02074,Barbara,Brown,imp.02074@acme-corp.com,Design,Designer,L5,DE,2017-07-16,70557,EUR
IMP-02075,Nancy,Fischer,imp.02075@acme-corp.com,Operations,Manager,L6,DE,2016-11-29,119037,EUR
IMP-02076,Fatima,Simon,imp.02076@acme-corp.com,Engineering,Engineer,L1,DE,2017-01-27,95627,EUR
IMP-02077,Susan,Kang,imp.02077@acme-corp.com,Sales,Analyst,L4,GB,2022-06-12,134006,GBP
IMP-02078,Richard,Lee,imp.02078@acme-corp.com,Engineering,Engineer,L4,NL,2018-02-06,135017,EUR
IMP-02079,Carlos,Xu,imp.02079@acme-corp.com,Operations,Manager,L4,DE,2022-11-22,133200,EUR
IMP-02080,Ibrahim,Liu,imp.02080@acme-corp.com,Operations,Manager,L6,MX,2015-04-21,955814,MXN
IMP-02081,William,Lee,imp.02081@acme-corp.com,Sales,Analyst,L1,SG,2018-03-08,184743,SGD
IMP-02082,Barbara,Brown,imp.02082@acme-corp.com,Sales,Analyst,L5,DK,2023-12-15,485374,DKK
IMP-02083,Isabel,Moreau,imp.02083@acme-corp.com,Engineering,Engineer,L1,NO,2015-04-26,1162476,NOK
IMP-02084,Thomas,Taylor,imp.02084@acme-corp.com,Engineering,Engineer,L5,US,2018-05-03,101112,USD
IMP-02085,Maria,Yang,imp.02085@acme-corp.com,Finance,Analyst,L5,ES,2015-06-22,142237,EUR
IMP-02086,Yuki,Klein,imp.02086@acme-corp.com,Sales,Analyst,L1,CH,2021-08-20,132498,CHF
IMP-02087,Sarah,Martinez,imp.02087@acme-corp.com,Engineering,Engineer,L1,TW,2018-06-15,2676092,TWD
IMP-02088,Susan,Song,imp.02088@acme-corp.com,Engineering,Engineer,L1,US,2017-08-22,111320,USD
IMP-02089,Luis,Han,imp.02089@acme-corp.com,Engineering,Engineer,L4,NO,2021-04-17,1337440,NOK
IMP-02090,Susan,Moreau,imp.02090@acme-corp.com,Engineering,Engineer,L3,JP,2020-03-21,10257346,JPY
IMP-02091,Yuna,Becker,imp.02091@acme-corp.com,Finance,Analyst,L6,US,2021-12-25,184739,USD
IMP-02092,Karen,Martin,imp.02092@acme-corp.com,Operations,Manager,L6,US,2020-04-26,184870,USD
IMP-02093,Wei,Sharma,imp.02093@acme-corp.com,Engineering,Engineer,L3,US,2017-10-28,120017,USD
IMP-02094,Richard,Hernandez,imp.02094@acme-corp.com,Engineering,Engineer,L4,AE,2019-02-13,408883,AED
IMP-02095,Liu,Laurent,imp.02095@acme-corp.com,Finance,Analyst,L4,FR,2019-03-19,90716,EUR
IMP-02096,Susan,Singh,imp.02096@acme-corp.com,Engineering,Engineer,L5,IN,2015-11-12,2004552,INR
IMP-02097,Ananya,Wang,imp.02097@acme-corp.com,Engineering,Engineer,L6,GB,2020-03-21,45498,GBP
IMP-02098,Karen,Liu,imp.02098@acme-corp.com,Design,Designer,L4,US,2021-06-23,89564,USD
IMP-02099,James,Patel,imp.02099@acme-corp.com,Engineering,Engineer,L2,AE,2017-12-16,460757,AED
IMP-02100,Wei,Moreau,imp.02100@acme-corp.com,Finance,Analyst,L1,DK,2015-03-25,714477,DKK
IMP-02101,Hassan,Dupont,imp.02101@acme-corp.com,Design,Designer,L6,US,2023-07-19,131217,USD
IMP-02102,Yuki,Reddy,imp.02102@acme-corp.com,Sales,Analyst,L1,IE,2017-01-21,60639,EUR
IMP-02103,Joseph,Gupta,imp.02103@acme-corp.com,HR,Manager,L3,NL,2017-03-26,77909,EUR
IMP-02104,Ahmed,Lee,imp.02104@acme-corp.com,Sales,Analyst,L3,IE,2020-10-15,110902,EUR
IMP-02105,Aisha,Martin,imp.02105@acme-corp.com,Design,Designer,L1,ZA,2016-04-18,729729,ZAR
IMP-02106,Min,Williams,imp.02106@acme-corp.com,Finance,Analyst,L3,AE,2024-03-23,522190,AED
IMP-02107,Liu,Han,imp.02107@acme-corp.com,Engineering,Engineer,L4,DE,2018-11-08,68840,EUR
IMP-02108,Hiroshi,Garcia,imp.02108@acme-corp.com,Operations,Manager,L5,SE,2015-06-27,987792,SEK
IMP-02109,Sarah,David,imp.02109@acme-corp.com,Engineering,Engineer,L6,DK,2023-09-06,1197183,DKK
IMP-02110,Akiko,Gupta,imp.02110@acme-corp.com,Engineering,Engineer,L4,ES,2022-11-10,143520,EUR
IMP-02111,Pedro,Davis,imp.02111@acme-corp.com,Design,Designer,L1,SE,2018-12-06,1116974,SEK
IMP-02112,Kenji,Sharma,imp.02112@acme-corp.com,HR,Manager,L5,MX,2020-11-23,550765,MXN
IMP-02113,Hassan,Park,imp.02113@acme-corp.com,Engineering,Engineer,L1,US,2021-11-16,202786,USD
IMP-02114,Min,Zhang,imp.02114@acme-corp.com,Finance,Analyst,L3,GB,2020-01-24,58809,GBP
IMP-02115,Mei,Song,imp.02115@acme-corp.com,Engineering,Engineer,L3,IN,2018-05-28,2386759,INR
IMP-02116,Hiroshi,Lee,imp.02116@acme-corp.com,Finance,Analyst,L4,DE,2022-10-25,120280,EUR
IMP-02117,Joseph,Richter,imp.02117@acme-corp.com,HR,Manager,L1,ES,2016-07-23,129067,EUR
IMP-02118,Jae-won,Weber,imp.02118@acme-corp.com,Engineering,Engineer,L2,DK,2018-11-13,638103,DKK
IMP-02119,Patricia,Kumar,imp.02119@acme-corp.com,Engineering,Engineer,L6,US,2023-06-03,171477,USD
IMP-02120,Arjun,Pillai,imp.02120@acme-corp.com,Operations,Manager,L4,IN,2016-08-26,1128213,INR
IMP-02121,Takeshi,Hoffmann,imp.02121@acme-corp.com,Operations,Manager,L5,DE,2019-04-17,119180,EUR
IMP-02122,Zara,Martinez,imp.02122@acme-corp.com,Engineering,Engineer,L5,FR,2023-04-22,54348,EUR
IMP-02123,Robert,Kang,imp.02123@acme-corp.com,Engineering,Engineer,L5,GB,2016-08-25,114547,GBP
IMP-02124,Jose,Hoffmann,imp.02124@acme-corp.com,Engineering,Engineer,L6,IN,2023-12-27,3483556,INR
IMP-02125,James,Schulz,imp.02125@acme-corp.com,Sales,Analyst,L1,US,2022-03-03,173525,USD
IMP-02126,Ananya,Johnson,imp.02126@acme-corp.com,Engineering,Engineer,L4,US,2022-09-30,141117,USD
IMP-02127,Jose,Johnson,imp.02127@acme-corp.com,Operations,Manager,L2,MX,2022-08-26,493453,MXN
IMP-02128,Maria,Patel,imp.02128@acme-corp.com,Operations,Manager,L4,US,2020-03-04,105412,USD
IMP-02129,Zara,Anderson,imp.02129@acme-corp.com,Engineering,Engineer,L6,JP,2017-11-13,10611293,JPY
IMP-02130,Zhang,Michel,imp.02130@acme-corp.com,HR,Manager,L3,ZA,2017-07-11,1432806,ZAR
IMP-02131,Jae-won,Becker,imp.02131@acme-corp.com,Engineering,Engineer,L2,AU,2019-01-11,122596,AUD
IMP-02132,Wei,Dupont,imp.02132@acme-corp.com,Sales,Analyst,L2,SE,2024-12-16,920126,SEK
IMP-02133,Jessica,Gupta,imp.02133@acme-corp.com,Engineering,Engineer,L1,GB,2022-04-25,125613,GBP
IMP-02134,Jae-won,Wang,imp.02134@acme-corp.com,Sales,Analyst,L1,IN,2017-04-12,3343634,INR
IMP-02135,Ibrahim,Lee,imp.02135@acme-corp.com,Sales,Analyst,L4,DE,2015-08-02,127673,EUR
IMP-02136,Thomas,David,imp.02136@acme-corp.com,HR,Manager,L4,FR,2019-08-16,120682,EUR
IMP-02137,Mary,Martin,imp.02137@acme-corp.com,Engineering,Engineer,L6,CH,2023-07-31,156959,CHF
IMP-02138,Richard,Hernandez,imp.02138@acme-corp.com,HR,Manager,L3,US,2021-07-17,119643,USD
IMP-02139,Chen,Yoon,imp.02139@acme-corp.com,Engineering,Engineer,L1,NL,2021-05-03,68085,EUR
IMP-02140,Charles,Fischer,imp.02140@acme-corp.com,Engineering,Engineer,L4,US,2017-01-06,100489,USD
IMP-02141,Liu,Zhou,imp.02141@acme-corp.com,Operations,Manager,L4,KR,2016-02-10,64056425,KRW
IMP-02142,Susan,Davis,imp.02142@acme-corp.com,Sales,Analyst,L4,HK,2017-11-16,462516,HKD
IMP-02143,Robert,Braun,imp.02143@acme-corp.com,Engineering,Engineer,L1,NO,2018-01-01,563609,NOK
IMP-02144,Jae-won,Martinez,imp.02144@acme-corp.com,Engineering,Engineer,L4,MX,2015-12-27,377527,MXN
IMP-02145,Fatima,Joshi,imp.02145@acme-corp.com,Operations,Manager,L3,MX,2018-10-22,797858,MXN
IMP-02146,Yusuf,Weber,imp.02146@acme-corp.com,Engineering,Engineer,L6,DK,2020-02-10,470504,DKK
IMP-02147,Pedro,Joshi,imp.02147@acme-corp.com,Engineering,Engineer,L5,US,2016-12-12,69468,USD
IMP-02148,Rahul,Smith,imp.02148@acme-corp.com,Operations,Manager,L5,SE,2016-12-23,1199843,SEK
IMP-02149,Isabel,Patel,imp.02149@acme-corp.com,Finance,Analyst,L4,AE,2022-10-25,495522,AED
IMP-02150,Elizabeth,Han,imp.02150@acme-corp.com,HR,Manager,L1,IN,2016-08-16,4457852,INR
IMP-02151,Hiroshi,Braun,imp.02151@acme-corp.com,Sales,Analyst,L3,US,2016-05-23,114948,USD
IMP-02152,Min,Moreau,imp.02152@acme-corp.com,Finance,Analyst,L1,JP,2016-12-31,4642083,JPY
IMP-02153,Jae-won,Martin,imp.02153@acme-corp.com,Sales,Analyst,L5,KR,2021-09-12,64281252,KRW
IMP-02154,Rahul,Wang,imp.02154@acme-corp.com,Operations,Manager,L2,KR,2018-03-22,68340653,KRW
IMP-02155,Omar,Williams,imp.02155@acme-corp.com,Engineering,Engineer,L6,DK,2020-05-03,618363,DKK
IMP-02156,Nancy,Schmidt,imp.02156@acme-corp.com,Sales,Analyst,L4,ES,2021-05-31,142587,EUR
IMP-02157,Luis,Braun,imp.02157@acme-corp.com,Engineering,Engineer,L3,CH,2024-04-10,158788,CHF
IMP-02158,Jae-won,Williams,imp.02158@acme-corp.com,Finance,Analyst,L4,US,2019-07-25,205084,USD
IMP-02159,Jae-won,Laurent,imp.02159@acme-corp.com,Finance,Analyst,L3,IE,2015-06-30,53082,EUR
IMP-02160,Thomas,Williams,imp.02160@acme-corp.com,Engineering,Engineer,L2,IN,2017-02-24,1843836,INR
IMP-02161,Karen,Moreau,imp.02161@acme-corp.com,Engineering,Engineer,L2,SG,2016-12-30,125237,SGD
IMP-02162,Wei,Jones,imp.02162@acme-corp.com,Sales,Analyst,L5,ES,2024-01-09,62270,EUR
IMP-02163,Akiko,Wilson,imp.02163@acme-corp.com,HR,Manager,L6,NL,2024-06-25,57536,EUR
IMP-02164,Ana,Han,imp.02164@acme-corp.com,Finance,Analyst,L2,FR,2020-12-21,86466,EUR
IMP-02165,Isabel,Garcia,imp.02165@acme-corp.com,Engineering,Engineer,L2,US,2022-08-29,140856,USD
IMP-02166,Ana,Bernard,imp.02166@acme-corp.com,Engineering,Engineer,L4,US,2024-10-05,164946,USD
IMP-02167,Yuki,Martin,imp.02167@acme-corp.com,Sales,Analyst,L1,ES,2018-09-24,91808,EUR
IMP-02168,Francisco,Michel,imp.02168@acme-corp.com,Operations,Manager,L6,IE,2023-10-31,67713,EUR
IMP-02169,Zara,Kang,imp.02169@acme-corp.com,Finance,Analyst,L3,DE,2016-01-02,82291,EUR
IMP-02170,Akiko,Park,imp.02170@acme-corp.com,Engineering,Engineer,L6,US,2017-02-26,193988,USD
IMP-02171,Yusuf,Park,imp.02171@acme-corp.com,Finance,Analyst,L3,HK,2021-04-11,724120,HKD
IMP-02172,Ji-young,Schmidt,imp.02172@acme-corp.com,Sales,Analyst,L4,US,2019-11-20,174674,USD
IMP-02173,Ananya,Weber,imp.02173@acme-corp.com,Engineering,Engineer,L5,US,2018-08-07,119970,USD
IMP-02174,Charles,Kang,imp.02174@acme-corp.com,Operations,Manager,L1,GB,2016-04-15,99619,GBP
IMP-02175,Yuna,Richter,imp.02175@acme-corp.com,Engineering,Engineer,L6,NL,2024-11-25,98512,EUR
IMP-02176,Karen,Lee,imp.02176@acme-corp.com,Finance,Analyst,L1,ZA,2018-09-15,1170783,ZAR
IMP-02177,Jessica,Fischer,imp.02177@acme-corp.com,HR,Manager,L6,US,2018-04-16,113804,USD
IMP-02178,Jennifer,Mehta,imp.02178@acme-corp.com,Engineering,Engineer,L5,US,2022-01-10,177512,USD
IMP-02179,Zara,Richter,imp.02179@acme-corp.com,Engineering,Engineer,L1,GB,2024-06-28,49175,GBP
IMP-02180,Linda,Martin,imp.02180@acme-corp.com,Operations,Manager,L5,IE,2021-06-29,92258,EUR
IMP-02181,Zhang,Fischer,imp.02181@acme-corp.com,Engineering,Engineer,L5,MX,2020-02-23,1086147,MXN
IMP-02182,Yusuf,Han,imp.02182@acme-corp.com,Sales,Analyst,L2,CA,2015-10-05,171901,CAD
IMP-02183,Robert,Choi,imp.02183@acme-corp.com,Finance,Analyst,L4,DE,2022-09-13,130139,EUR
IMP-02184,Mei,Wang,imp.02184@acme-corp.com,Engineering,Engineer,L4,AU,2023-02-05,97998,AUD
IMP-02185,Ana,Lim,imp.02185@acme-corp.com,HR,Manager,L1,TW,2015-04-08,1774820,TWD
IMP-02186,Akiko,Hoffmann,imp.02186@acme-corp.com,Engineering,Engineer,L4,ZA,2015-04-30,1443831,ZAR
IMP-02187,Chen,Kumar,imp.02187@acme-corp.com,Finance,Analyst,L2,GB,2019-10-21,141054,GBP
IMP-02188,Mary,Reddy,imp.02188@acme-corp.com,Engineering,Engineer,L3,TW,2016-01-09,2015518,TWD
IMP-02189,Thomas,Yoon,imp.02189@acme-corp.com,Finance,Analyst,L6,AE,2024-06-03,525033,AED
IMP-02190,Karen,Garcia,imp.02190@acme-corp.com,Sales,Analyst,L6,SG,2016-05-31,72291,SGD
IMP-02191,Isabel,Thomas,imp.02191@acme-corp.com,HR,Manager,L5,DK,2018-09-21,466228,DKK
IMP-02192,James,Johnson,imp.02192@acme-corp.com,Engineering,Engineer,L3,ES,2015-03-29,93702,EUR
IMP-02193,Jose,Hoffmann,imp.02193@acme-corp.com,Sales,Analyst,L3,GB,2022-08-26,107975,GBP
IMP-02194,James,Wilson,imp.02194@acme-corp.com,Engineering,Engineer,L2,DK,2022-07-21,767968,DKK
IMP-02195,Isabel,Dupont,imp.02195@acme-corp.com,Operations,Manager,L1,GB,2022-08-19,79623,GBP
IMP-02196,Rahul,Anderson,imp.02196@acme-corp.com,Design,Designer,L6,IN,2016-01-26,1841819,INR
IMP-02197,Yuna,Zhou,imp.02197@acme-corp.com,Sales,Analyst,L2,IN,2020-04-22,4008105,INR
IMP-02198,William,Singh,imp.02198@acme-corp.com,Finance,Analyst,L1,CH,2017-04-09,170746,CHF
IMP-02199,Susan,Wilson,imp.02199@acme-corp.com,HR,Manager,L4,NO,2024-02-13,1036382,NOK
IMP-02200,Sung-min,Becker,imp.02200@acme-corp.com,Engineering,Engineer,L5,JP,2021-06-18,15447001,JPY
IMP-02201,Karen,Song,imp.02201@acme-corp.com,Engineering,Engineer,L5,DE,2021-07-27,122146,EUR
IMP-02202,Zhang,Choi,imp.02202@acme-corp.com,Engineering,Engineer,L5,DE,2019-10-18,138889,EUR
IMP-02203,Yuki,Wilson,imp.02203@acme-corp.com,Finance,Analyst,L5,FR,2021-07-26,91434,EUR
IMP-02204,Layla,Schmidt,imp.02204@acme-corp.com,Engineering,Engineer,L2,GB,2017-08-09,124142,GBP
IMP-02205,Ibrahim,Song,imp.02205@acme-corp.com,Engineering,Engineer,L1,SE,2020-10-22,641606,SEK
IMP-02206,Michael,Hoffmann,imp.02206@acme-corp.com,Engineering,Engineer,L1,PL,2023-07-18,194410,PLN
IMP-02207,Jessica,Kang,imp.02207@acme-corp.com,Engineering,Engineer,L3,CA,2022-04-21,79399,CAD
IMP-02208,Min,Martin,imp.02208@acme-corp.com,Operations,Manager,L1,MX,2022-03-26,1116483,MXN
IMP-02209,Barbara,Gupta,imp.02209@acme-corp.com,Sales,Analyst,L2,DK,2023-11-22,832162,DKK
IMP-02210,James,Jones,imp.02210@acme-corp.com,Sales,Analyst,L3,US,2015-12-29,122741,USD
IMP-02211,Hassan,Laurent,imp.02211@acme-corp.com,Sales,Analyst,L1,CA,2018-07-18,145148,CAD
IMP-02212,Zara,Jones,imp.02212@acme-corp.com,Sales,Analyst,L4,CA,2024-09-23,66468,CAD
IMP-02213,Fatima,Thompson,imp.02213@acme-corp.com,Engineering,Engineer,L6,JP,2020-12-13,10627619,JPY
IMP-02214,Pedro,White,imp.02214@acme-corp.com,Engineering,Engineer,L1,DK,2020-04-04,421274,DKK
IMP-02215,Patricia,Thompson,imp.02215@acme-corp.com,Finance,Analyst,L1,DE,2017-02-15,111369,EUR
IMP-02216,Thomas,Wu,imp.02216@acme-corp.com,Sales,Analyst,L3,US,2018-12-04,94306,USD
IMP-02217,Isabel,Kim,imp.02217@acme-corp.com,Finance,Analyst,L2,DE,2015-10-20,92953,EUR
IMP-02218,Carmen,Laurent,imp.02218@acme-corp.com,HR,Manager,L2,AU,2022-03-03,148842,AUD
IMP-02219,William,Nair,imp.02219@acme-corp.com,Engineering,Engineer,L3,ZA,2018-09-21,1219781,ZAR
IMP-02220,James,Garcia,imp.02220@acme-corp.com,Sales,Analyst,L5,CH,2015-03-09,177387,CHF
IMP-02221,Karen,Johnson,imp.02221@acme-corp.com,Finance,Analyst,L4,MX,2022-01-28,314129,MXN
IMP-02222,Patricia,Moreau,imp.02222@acme-corp.com,Finance,Analyst,L3,DE,2020-06-29,78508,EUR
IMP-02223,Ana,Thomas,imp.02223@acme-corp.com,Sales,Analyst,L1,JP,2023-11-01,17443337,JPY
IMP-02224,Linda,Hoffmann,imp.02224@acme-corp.com,Sales,Analyst,L5,AU,2016-06-04,156767,AUD
IMP-02225,Joseph,Mehta,imp.02225@acme-corp.com,HR,Manager,L3,ES,2018-11-22,68253,EUR
IMP-02226,Francisco,Garcia,imp.02226@acme-corp.com,Design,Designer,L3,DE,2022-10-20,135743,EUR
IMP-02227,Jae-won,Klein,imp.02227@acme-corp.com,Sales,Analyst,L5,CA,2023-10-17,167308,CAD
IMP-02228,Jose,Johnson,imp.02228@acme-corp.com,Sales,Analyst,L3,PL,2019-10-13,186088,PLN
IMP-02229,Michael,Yang,imp.02229@acme-corp.com,Engineering,Engineer,L4,AE,2022-04-02,243461,AED
IMP-02230,Kenji,Anderson,imp.02230@acme-corp.com,Engineering,Engineer,L1,FR,2022-10-30,102570,EUR
IMP-02231,Chen,Martin,imp.02231@acme-corp.com,Sales,Analyst,L1,HK,2020-09-07,574763,HKD
IMP-02232,Charles,Garcia,imp.02232@acme-corp.com,Design,Designer,L1,DK,2023-01-31,635182,DKK
IMP-02233,Susan,Liu,imp.02233@acme-corp.com,Engineering,Engineer,L6,IN,2024-09-08,2626377,INR
IMP-02234,Takeshi,Thompson,imp.02234@acme-corp.com,Operations,Manager,L6,NL,2018-05-18,146480,EUR
IMP-02235,Arjun,Martin,imp.02235@acme-corp.com,Sales,Analyst,L4,FR,2017-12-26,53290,EUR
IMP-02236,Mei,Kang,imp.02236@acme-corp.com,Sales,Analyst,L2,GB,2018-10-13,82798,GBP
IMP-02237,Liu,Wang,imp.02237@acme-corp.com,Operations,Manager,L2,DE,2020-10-15,83546,EUR
IMP-02238,Charles,Kang,imp.02238@acme-corp.com,Sales,Analyst,L3,GB,2016-08-22,92322,GBP
IMP-02239,Maria,Hernandez,imp.02239@acme-corp.com,HR,Manager,L1,GB,2017-08-11,81884,GBP
IMP-02240,Ji-young,Wu,imp.02240@acme-corp.com,Finance,Analyst,L6,MX,2024-06-27,1037660,MXN
IMP-02241,William,Yang,imp.02241@acme-corp.com,Engineering,Engineer,L3,IN,2019-06-13,2686826,INR
IMP-02242,Linda,Roux,imp.02242@acme-corp.com,Engineering,Engineer,L5,ZA,2018-01-11,1442875,ZAR
IMP-02243,James,Kim,imp.02243@acme-corp.com,Engineering,Engineer,L2,IE,2020-09-05,57706,EUR
IMP-02244,Wei,Moreau,imp.02244@acme-corp.com,Operations,Manager,L2,NL,2024-04-29,113096,EUR
IMP-02245,Yusuf,White,imp.02245@acme-corp.com,Engineering,Engineer,L4,KR,2015-01-29,112813728,KRW
IMP-02246,Zhang,Müller,imp.02246@acme-corp.com,Finance,Analyst,L3,NO,2017-12-17,1163881,NOK
IMP-02247,Zhang,Lee,imp.02247@acme-corp.com,Sales,Analyst,L5,HK,2018-06-10,1137526,HKD
IMP-02248,Maria,Wu,imp.02248@acme-corp.com,Sales,Analyst,L5,IE,2018-03-16,78135,EUR
IMP-02249,Mary,Moore,imp.02249@acme-corp.com,Engineering,Engineer,L3,ES,2023-07-16,144163,EUR
IMP-02250,Yusuf,Lim,imp.02250@acme-corp.com,Finance,Analyst,L1,FR,2024-08-30,130816,EUR
IMP-02251,Pedro,Kim,imp.02251@acme-corp.com,Finance,Analyst,L6,AE,2019-10-26,529515,AED
IMP-02252,Elizabeth,Hernandez,imp.02252@acme-corp.com,Engineering,Engineer,L2,US,2020-09-18,129386,USD
IMP-02253,Joseph,Johnson,imp.02253@acme-corp.com,Engineering,Engineer,L2,DE,2018-09-24,120151,EUR
IMP-02254,William,Xu,imp.02254@acme-corp.com,Engineering,Engineer,L6,TW,2015-01-18,2785805,TWD
IMP-02255,Pedro,Lee,imp.02255@acme-corp.com,Sales,Analyst,L4,CA,2018-05-22,153680,CAD
IMP-02256,Priya,Song,imp.02256@acme-corp.com,Sales,Analyst,L2,DK,2020-03-03,890459,DKK
IMP-02257,Min,Davis,imp.02257@acme-corp.com,Engineering,Engineer,L6,TW,2022-02-02,932603,TWD
IMP-02258,Liu,Kim,imp.02258@acme-corp.com,Engineering,Engineer,L6,KR,2021-06-21,100802340,KRW
IMP-02259,Robert,Laurent,imp.02259@acme-corp.com,Sales,Analyst,L4,AE,2023-08-12,164165,AED
IMP-02260,Rahul,Weber,imp.02260@acme-corp.com,Engineering,Engineer,L2,KR,2023-06-22,120779655,KRW
IMP-02261,Barbara,Pillai,imp.02261@acme-corp.com,Operations,Manager,L6,IN,2016-10-28,4240906,INR
IMP-02262,Min,Richter,imp.02262@acme-corp.com,HR,Manager,L1,IN,2023-10-11,1704415,INR
IMP-02263,Pedro,Lim,imp.02263@acme-corp.com,Engineering,Engineer,L1,IN,2017-03-28,2458750,INR
IMP-02264,Zara,White,imp.02264@acme-corp.com,Operations,Manager,L1,AU,2015-12-24,155369,AUD
IMP-02265,Kenji,Choi,imp.02265@acme-corp.com,Sales,Analyst,L3,ES,2017-09-03,74713,EUR
IMP-02266,Sakura,Schulz,imp.02266@acme-corp.com,HR,Manager,L2,GB,2015-10-07,58899,GBP
IMP-02267,Yusuf,Schmidt,imp.02267@acme-corp.com,Engineering,Engineer,L2,AU,2019-04-25,79085,AUD
IMP-02268,Kenji,Becker,imp.02268@acme-corp.com,Operations,Manager,L1,NL,2016-07-28,105219,EUR
IMP-02269,David,Yang,imp.02269@acme-corp.com,Sales,Analyst,L1,TW,2015-01-24,1558790,TWD
IMP-02270,Aisha,Garcia,imp.02270@acme-corp.com,Finance,Analyst,L1,ZA,2024-06-15,628845,ZAR
IMP-02271,Jose,Garcia,imp.02271@acme-corp.com,Sales,Analyst,L1,KR,2020-01-03,94604265,KRW
IMP-02272,Aisha,Williams,imp.02272@acme-corp.com,Sales,Analyst,L5,CA,2019-10-07,65636,CAD
IMP-02273,Jae-won,Fischer,imp.02273@acme-corp.com,HR,Manager,L2,GB,2020-05-24,67895,GBP
IMP-02274,Omar,Huang,imp.02274@acme-corp.com,Finance,Analyst,L4,CH,2017-08-25,139240,CHF
IMP-02275,Ji-young,Moore,imp.02275@acme-corp.com,Sales,Analyst,L5,US,2021-09-20,127413,USD
IMP-02276,Charles,Garcia,imp.02276@acme-corp.com,Finance,Analyst,L1,ZA,2023-02-14,650597,ZAR
IMP-02277,Zhang,Chen,imp.02277@acme-corp.com,Sales,Analyst,L4,CH,2018-03-16,125288,CHF
IMP-02278,Mei,Kang,imp.02278@acme-corp.com,Engineering,Engineer,L5,NL,2020-11-13,143011,EUR
IMP-02279,Liu,White,imp.02279@acme-corp.com,Engineering,Engineer,L2,ZA,2023-09-01,1275209,ZAR
IMP-02280,Carlos,Wilson,imp.02280@acme-corp.com,HR,Manager,L1,US,2024-12-28,82390,USD
IMP-02281,Mary,Nair,imp.02281@acme-corp.com,Engineering,Engineer,L5,DE,2022-04-28,58852,EUR
IMP-02282,Hassan,Song,imp.02282@acme-corp.com,Operations,Manager,L5,TW,2017-08-01,861444,TWD
IMP-02283,Barbara,Hernandez,imp.02283@acme-corp.com,Engineering,Engineer,L4,MX,2022-11-25,716330,MXN
IMP-02284,Isabel,Martin,imp.02284@acme-corp.com,Engineering,Engineer,L3,HK,2016-05-10,799926,HKD
IMP-02285,Rosa,Choi,imp.02285@acme-corp.com,Engineering,Engineer,L3,US,2016-07-18,217150,USD
IMP-02286,Rahul,Jung,imp.02286@acme-corp.com,Finance,Analyst,L5,NO,2017-06-26,1225413,NOK
IMP-02287,Pedro,Li,imp.02287@acme-corp.com,Engineering,Engineer,L4,GB,2018-05-05,115916,GBP
IMP-02288,Carmen,Hernandez,imp.02288@acme-corp.com,Engineering,Engineer,L5,IN,2024-04-15,3794362,INR
IMP-02289,Luis,David,imp.02289@acme-corp.com,Engineering,Engineer,L3,HK,2018-10-02,479757,HKD
IMP-02290,David,Miller,imp.02290@acme-corp.com,Design,Designer,L4,TW,2018-07-06,2681739,TWD
IMP-02291,Priya,Dupont,imp.02291@acme-corp.com,Sales,Analyst,L1,PL,2021-04-21,183590,PLN
IMP-02292,Karen,White,imp.02292@acme-corp.com,Sales,Analyst,L6,DK,2020-06-30,986761,DKK
IMP-02293,Richard,Pillai,imp.02293@acme-corp.com,Design,Designer,L5,DE,2024-10-17,139897,EUR
IMP-02294,Charles,White,imp.02294@acme-corp.com,Operations,Manager,L1,HK,2017-04-23,355748,HKD
IMP-02295,Patricia,Jones,imp.02295@acme-corp.com,Engineering,Engineer,L5,CH,2021-06-01,183932,CHF
IMP-02296,Elizabeth,Li,imp.02296@acme-corp.com,Engineering,Engineer,L6,HK,2020-11-10,967292,HKD
IMP-02297,Liu,Reddy,imp.02297@acme-corp.com,Engineering,Engineer,L5,PL,2020-04-10,81598,PLN
IMP-02298,David,Weber,imp.02298@acme-corp.com,Engineering,Engineer,L4,HK,2015-04-22,472580,HKD
IMP-02299,Min,Thomas,imp.02299@acme-corp.com,Sales,Analyst,L3,PL,2018-12-28,79920,PLN
IMP-02300,Zara,Mehta,imp.02300@acme-corp.com,Finance,Analyst,L3,HK,2016-09-30,805167,HKD
IMP-02301,William,Choi,imp.02301@acme-corp.com,Sales,Analyst,L1,JP,2019-12-23,4297498,JPY
IMP-02302,Francisco,Müller,imp.02302@acme-corp.com,HR,Manager,L5,JP,2020-03-20,10731962,JPY
IMP-02303,Ahmed,Sharma,imp.02303@acme-corp.com,Finance,Analyst,L5,HK,2018-06-20,501388,HKD
IMP-02304,Omar,Müller,imp.02304@acme-corp.com,Sales,Analyst,L5,US,2017-11-12,148910,USD
IMP-02305,Ji-young,Brown,imp.02305@acme-corp.com,Engineering,Engineer,L4,GB,2018-08-05,73279,GBP
IMP-02306,Min,Chen,imp.02306@acme-corp.com,Finance,Analyst,L1,JP,2022-09-15,13050755,JPY
IMP-02307,William,Thomas,imp.02307@acme-corp.com,Sales,Analyst,L1,IE,2021-11-22,148951,EUR
IMP-02308,Linda,Han,imp.02308@acme-corp.com,Design,Designer,L1,FR,2024-01-13,91651,EUR
IMP-02309,Pedro,Hoffmann,imp.02309@acme-corp.com,Engineering,Engineer,L3,IN,2021-12-22,2180459,INR
IMP-02310,Ananya,Mehta,imp.02310@acme-corp.com,Sales,Analyst,L1,DE,2024-08-29,98873,EUR
IMP-02311,Hassan,Nair,imp.02311@acme-corp.com,HR,Manager,L6,US,2019-01-28,114855,USD
IMP-02312,Sakura,Michel,imp.02312@acme-corp.com,Engineering,Engineer,L5,GB,2021-07-08,61326,GBP
IMP-02313,Nancy,David,imp.02313@acme-corp.com,Engineering,Engineer,L1,SE,2018-02-16,834041,SEK
IMP-02314,Susan,Xu,imp.02314@acme-corp.com,Engineering,Engineer,L4,IN,2020-01-22,1157666,INR
IMP-02315,Aisha,Sharma,imp.02315@acme-corp.com,Design,Designer,L6,MX,2018-09-11,925554,MXN
IMP-02316,Sakura,Nair,imp.02316@acme-corp.com,Engineering,Engineer,L2,IN,2019-01-01,3253775,INR
IMP-02317,Charles,Richter,imp.02317@acme-corp.com,Operations,Manager,L2,CH,2020-11-28,131862,CHF
IMP-02318,Ji-young,Garcia,imp.02318@acme-corp.com,Engineering,Engineer,L6,KR,2016-02-20,70823209,KRW
IMP-02319,Sung-min,Sharma,imp.02319@acme-corp.com,Sales,Analyst,L6,SE,2022-06-09,1045564,SEK
IMP-02320,Jennifer,Reddy,imp.02320@acme-corp.com,Sales,Analyst,L1,GB,2023-04-17,95515,GBP
IMP-02321,Ji-young,Han,imp.02321@acme-corp.com,Engineering,Engineer,L2,AU,2021-04-09,181916,AUD
IMP-02322,Yuna,Taylor,imp.02322@acme-corp.com,Sales,Analyst,L3,DE,2024-10-06,134723,EUR
IMP-02323,Elizabeth,Garcia,imp.02323@acme-corp.com,Sales,Analyst,L6,DK,2017-07-28,905812,DKK
IMP-02324,Kenji,Roux,imp.02324@acme-corp.com,Engineering,Engineer,L1,PL,2024-03-16,69498,PLN
IMP-02325,Akiko,Michel,imp.02325@acme-corp.com,Engineering,Engineer,L6,SE,2015-12-09,696114,SEK
IMP-02326,Liu,Roux,imp.02326@acme-corp.com,Finance,Analyst,L6,TW,2021-03-10,1924061,TWD
IMP-02327,Hassan,Davis,imp.02327@acme-corp.com,Engineering,Engineer,L3,NL,2016-04-21,145916,EUR
IMP-02328,Zhang,Becker,imp.02328@acme-corp.com,Operations,Manager,L2,JP,2020-11-12,9579156,JPY
IMP-02329,Sarah,Becker,imp.02329@acme-corp.com,Operations,Manager,L6,HK,2021-11-02,730319,HKD
IMP-02330,Isabel,Müller,imp.02330@acme-corp.com,Sales,Analyst,L6,DE,2024-02-28,145573,EUR
IMP-02331,Zara,Miller,imp.02331@acme-corp.com,Engineering,Engineer,L6,DK,2022-11-26,714911,DKK
IMP-02332,Joseph,White,imp.02332@acme-corp.com,Finance,Analyst,L5,GB,2019-06-14,83808,GBP
IMP-02333,James,Lim,imp.02333@acme-corp.com,Engineering,Engineer,L4,AU,2024-01-20,160591,AUD
IMP-02334,William,Kumar,imp.02334@acme-corp.com,HR,Manager,L5,US,2019-03-27,127995,USD
IMP-02335,Carmen,Lim,imp.02335@acme-corp.com,Sales,Analyst,L6,ES,2016-10-02,124037,EUR
IMP-02336,Chen,Garcia,imp.02336@acme-corp.com,Operations,Manager,L4,DK,2018-09-10,1045680,DKK
IMP-02337,Ji-young,Miller,imp.02337@acme-corp.com,Finance,Analyst,L1,AU,2023-08-22,94507,AUD
IMP-02338,Sung-min,Martin,imp.02338@acme-corp.com,Finance,Analyst,L6,DE,2020-07-28,121353,EUR
IMP-02339,Rosa,Braun,imp.02339@acme-corp.com,Engineering,Engineer,L6,IN,2022-10-24,830549,INR
IMP-02340,Sarah,Roux,imp.02340@acme-corp.com,Sales,Analyst,L4,ZA,2016-03-22,675674,ZAR
IMP-02341,Rosa,Martinez,imp.02341@acme-corp.com,Operations,Manager,L1,TW,2017-09-30,3306484,TWD
IMP-02342,Hiroshi,Jackson,imp.02342@acme-corp.com,Engineering,Engineer,L5,FR,2018-02-21,83669,EUR
IMP-02343,Mary,Jung,imp.02343@acme-corp.com,Sales,Analyst,L4,US,2022-06-15,101035,USD
IMP-02344,Karen,Johnson,imp.02344@acme-corp.com,HR,Manager,L3,PL,2018-01-13,211931,PLN
IMP-02345,Patricia,Lim,imp.02345@acme-corp.com,Engineering,Engineer,L6,ES,2017-06-28,121696,EUR
IMP-02346,Isabel,Kang,imp.02346@acme-corp.com,HR,Manager,L3,NL,2016-11-22,58244,EUR
IMP-02347,Thomas,Choi,imp.02347@acme-corp.com,Operations,Manager,L3,KR,2020-11-30,52753489,KRW
IMP-02348,Hassan,Kumar,imp.02348@acme-corp.com,Sales,Analyst,L5,IN,2019-07-05,1036745,INR
IMP-02349,Ana,Yang,imp.02349@acme-corp.com,Engineering,Engineer,L4,AU,2017-12-26,99343,AUD
IMP-02350,Jennifer,Park,imp.02350@acme-corp.com,Sales,Analyst,L4,FR,2019-02-19,139563,EUR
IMP-02351,Kenji,Bernard,imp.02351@acme-corp.com,Operations,Manager,L3,CH,2023-10-26,115177,CHF
IMP-02352,Min,Richter,imp.02352@acme-corp.com,Engineering,Engineer,L4,IN,2024-05-12,1752782,INR
IMP-02353,Jose,Joshi,imp.02353@acme-corp.com,Operations,Manager,L6,US,2022-09-06,136543,USD
IMP-02354,Layla,Brown,imp.02354@acme-corp.com,Engineering,Engineer,L2,CA,2021-04-05,80544,CAD
IMP-02355,Maria,Park,imp.02355@acme-corp.com,Finance,Analyst,L5,SE,2018-12-19,768259,SEK
IMP-02356,Joseph,Zhou,imp.02356@acme-corp.com,Sales,Analyst,L4,KR,2020-12-09,40417224,KRW
IMP-02357,David,Xu,imp.02357@acme-corp.com,Sales,Analyst,L3,GB,2022-04-09,88555,GBP
IMP-02358,Arjun,Jung,imp.02358@acme-corp.com,Operations,Manager,L1,TW,2016-01-22,2075660,TWD
IMP-02359,Liu,Song,imp.02359@acme-corp.com,Finance,Analyst,L2,US,2016-12-15,211644,USD
IMP-02360,Rosa,Williams,imp.02360@acme-corp.com,Operations,Manager,L1,IE,2023-11-27,104381,EUR
IMP-02361,William,Michel,imp.02361@acme-corp.com,Operations,Manager,L4,ZA,2021-12-02,1119442,ZAR
IMP-02362,Min,Johnson,imp.02362@acme-corp.com,Finance,Analyst,L5,SE,2019-04-30,550650,SEK
IMP-02363,Carmen,Lim,imp.02363@acme-corp.com,Finance,Analyst,L4,GB,2020-04-16,157267,GBP
IMP-02364,Patricia,Moore,imp.02364@acme-corp.com,Design,Designer,L4,TW,2015-12-10,2089300,TWD
IMP-02365,Michael,Dupont,imp.02365@acme-corp.com,Operations,Manager,L2,SE,2016-03-08,1177385,SEK
IMP-02366,Robert,Wang,imp.02366@acme-corp.com,Operations,Manager,L6,IN,2021-09-05,3941058,INR
IMP-02367,Ibrahim,Miller,imp.02367@acme-corp.com,HR,Manager,L5,US,2015-10-05,169562,USD
IMP-02368,Yuki,Mehta,imp.02368@acme-corp.com,Engineering,Engineer,L6,IN,2024-07-21,1265965,INR
IMP-02369,Sakura,Han,imp.02369@acme-corp.com,Sales,Analyst,L4,US,2015-08-08,150045,USD
IMP-02370,Mei,Dupont,imp.02370@acme-corp.com,Engineering,Engineer,L1,GB,2024-09-27,84643,GBP
IMP-02371,Barbara,Martinez,imp.02371@acme-corp.com,Design,Designer,L1,CA,2018-03-01,153259,CAD
IMP-02372,Sakura,Lee,imp.02372@acme-corp.com,Design,Designer,L3,HK,2017-07-09,354616,HKD
IMP-02373,Wei,White,imp.02373@acme-corp.com,Finance,Analyst,L6,US,2021-06-20,163926,USD
IMP-02374,Jennifer,Simon,imp.02374@acme-corp.com,Finance,Analyst,L2,AE,2024-09-05,141491,AED
IMP-02375,Akiko,Zhang,imp.02375@acme-corp.com,Engineering,Engineer,L2,DE,2022-05-27,80772,EUR
IMP-02376,Min,Martin,imp.02376@acme-corp.com,Finance,Analyst,L6,MX,2015-02-10,1157799,MXN
IMP-02377,Takeshi,Schmidt,imp.02377@acme-corp.com,Design,Designer,L5,AU,2020-08-16,100536,AUD
IMP-02378,Takeshi,Anderson,imp.02378@acme-corp.com,Operations,Manager,L2,ES,2017-09-04,100420,EUR
IMP-02379,James,Davis,imp.02379@acme-corp.com,Engineering,Engineer,L1,MX,2022-08-24,412880,MXN
IMP-02380,Priya,Sharma,imp.02380@acme-corp.com,Design,Designer,L5,DE,2021-01-02,60313,EUR
IMP-02381,Mei,Kumar,imp.02381@acme-corp.com,HR,Manager,L5,IN,2023-01-02,1844870,INR
IMP-02382,Michael,Li,imp.02382@acme-corp.com,HR,Manager,L4,ES,2017-08-12,83426,EUR
IMP-02383,Zara,Jackson,imp.02383@acme-corp.com,Engineering,Engineer,L6,ES,2018-12-15,106900,EUR
IMP-02384,Maria,Reddy,imp.02384@acme-corp.com,Finance,Analyst,L3,DE,2016-10-31,133165,EUR
IMP-02385,Hiroshi,Laurent,imp.02385@acme-corp.com,Engineering,Engineer,L5,AU,2024-05-18,144579,AUD
IMP-02386,Hassan,Xu,imp.02386@acme-corp.com,Sales,Analyst,L2,GB,2017-05-03,88708,GBP
IMP-02387,Jose,Martin,imp.02387@acme-corp.com,Operations,Manager,L5,FR,2020-07-21,76328,EUR
IMP-02388,Richard,Jones,imp.02388@acme-corp.com,Operations,Manager,L3,AU,2019-06-17,143101,AUD
IMP-02389,Hassan,Lee,imp.02389@acme-corp.com,Finance,Analyst,L4,GB,2016-03-16,146263,GBP
IMP-02390,Ji-young,Jackson,imp.02390@acme-corp.com,Engineering,Engineer,L5,CA,2024-02-21,130788,CAD
IMP-02391,Priya,Anderson,imp.02391@acme-corp.com,Finance,Analyst,L5,NO,2022-07-26,1172919,NOK
IMP-02392,Yuna,Lee,imp.02392@acme-corp.com,Operations,Manager,L2,SG,2015-09-23,181929,SGD
IMP-02393,Joseph,Chen,imp.02393@acme-corp.com,Finance,Analyst,L3,GB,2015-08-14,62557,GBP
IMP-02394,Karen,Li,imp.02394@acme-corp.com,Operations,Manager,L6,IN,2019-11-24,3804145,INR
IMP-02395,Patricia,Gupta,imp.02395@acme-corp.com,Sales,Analyst,L6,IE,2020-12-10,101117,EUR
IMP-02396,Carmen,Schmidt,imp.02396@acme-corp.com,HR,Manager,L5,GB,2021-02-19,66713,GBP
IMP-02397,Zara,Taylor,imp.02397@acme-corp.com,Sales,Analyst,L4,ES,2017-03-07,96307,EUR
IMP-02398,Rahul,Kumar,imp.02398@acme-corp.com,HR,Manager,L6,DE,2018-03-10,58848,EUR
IMP-02399,Ahmed,Laurent,imp.02399@acme-corp.com,Engineering,Engineer,L2,ES,2015-03-05,131547,EUR
IMP-02400,Chen,Thomas,imp.02400@acme-corp.com,Engineering,Engineer,L3,US,2019-10-29,77485,USD
IMP-02401,Carlos,Choi,imp.02401@acme-corp.com,Finance,Analyst,L1,CA,2023-06-10,150183,CAD
IMP-02402,Joseph,Lim,imp.02402@acme-corp.com,Sales,Analyst,L5,CH,2018-03-31,181854,CHF
IMP-02403,Luis,Jackson,imp.02403@acme-corp.com,Finance,Analyst,L3,AE,2019-01-26,516405,AED
IMP-02404,William,Klein,imp.02404@acme-corp.com,HR,Manager,L5,DK,2015-11-04,1042980,DKK
IMP-02405,Aisha,Kumar,imp.02405@acme-corp.com,Operations,Manager,L6,MX,2015-02-13,1103272,MXN
IMP-02406,David,Hernandez,imp.02406@acme-corp.com,HR,Manager,L6,DE,2016-12-10,77591,EUR
IMP-02407,Thomas,Bernard,imp.02407@acme-corp.com,Engineering,Engineer,L2,PL,2015-07-04,122525,PLN
IMP-02408,Jessica,Martinez,imp.02408@acme-corp.com,HR,Manager,L1,AE,2017-08-20,308700,AED
IMP-02409,Min,Huang,imp.02409@acme-corp.com,HR,Manager,L5,ZA,2023-11-25,593254,ZAR
IMP-02410,Hassan,Garcia,imp.02410@acme-corp.com,Finance,Analyst,L2,AE,2022-02-14,509218,AED
IMP-02411,Ananya,Roux,imp.02411@acme-corp.com,Operations,Manager,L2,ZA,2016-03-02,695010,ZAR
IMP-02412,Michael,Joshi,imp.02412@acme-corp.com,Finance,Analyst,L3,MX,2021-01-17,850275,MXN
IMP-02413,James,Liu,imp.02413@acme-corp.com,Engineering,Engineer,L4,US,2015-06-10,84146,USD
IMP-02414,Aisha,Choi,imp.02414@acme-corp.com,Sales,Analyst,L2,NO,2015-07-27,644416,NOK
IMP-02415,Jose,Patel,imp.02415@acme-corp.com,Operations,Manager,L5,NO,2015-11-22,782104,NOK
IMP-02416,Richard,Bernard,imp.02416@acme-corp.com,HR,Manager,L6,KR,2016-12-01,96114232,KRW
IMP-02417,Pedro,Park,imp.02417@acme-corp.com,Finance,Analyst,L4,ZA,2023-04-29,1229725,ZAR
IMP-02418,Thomas,Kang,imp.02418@acme-corp.com,Engineering,Engineer,L2,AU,2017-11-30,129582,AUD
IMP-02419,Hiroshi,Dupont,imp.02419@acme-corp.com,Finance,Analyst,L6,IN,2016-05-11,2120310,INR
IMP-02420,Ji-young,Gupta,imp.02420@acme-corp.com,Engineering,Engineer,L3,CH,2024-03-26,191446,CHF
IMP-02421,Akiko,Pillai,imp.02421@acme-corp.com,Sales,Analyst,L6,TW,2017-10-20,910575,TWD
IMP-02422,Charles,Williams,imp.02422@acme-corp.com,Design,Designer,L5,DE,2023-02-23,86480,EUR
IMP-02423,David,Jung,imp.02423@acme-corp.com,Finance,Analyst,L5,ES,2018-05-04,55866,EUR
IMP-02424,Carmen,Garcia,imp.02424@acme-corp.com,Finance,Analyst,L5,CH,2015-09-07,170825,CHF
IMP-02425,Jose,Li,imp.02425@acme-corp.com,Operations,Manager,L6,KR,2022-10-12,91991249,KRW
IMP-02426,Jae-won,Thompson,imp.02426@acme-corp.com,HR,Manager,L1,HK,2018-04-09,491015,HKD
IMP-02427,Luis,Garcia,imp.02427@acme-corp.com,HR,Manager,L4,ZA,2019-07-08,787562,ZAR
IMP-02428,Ibrahim,Jackson,imp.02428@acme-corp.com,Engineering,Engineer,L5,DK,2021-11-11,767502,DKK
IMP-02429,Ji-young,Simon,imp.02429@acme-corp.com,Finance,Analyst,L5,NO,2021-05-08,566122,NOK
IMP-02430,Mei,Schulz,imp.02430@acme-corp.com,Engineering,Engineer,L6,ZA,2018-05-18,844384,ZAR
IMP-02431,Pedro,Huang,imp.02431@acme-corp.com,Finance,Analyst,L2,US,2019-06-28,85532,USD
IMP-02432,Chen,Roux,imp.02432@acme-corp.com,HR,Manager,L1,ES,2021-07-14,51356,EUR
IMP-02433,Layla,Jones,imp.02433@acme-corp.com,Engineering,Engineer,L5,JP,2019-10-19,14027639,JPY
IMP-02434,Ananya,Braun,imp.02434@acme-corp.com,Engineering,Engineer,L3,CA,2024-03-01,158255,CAD
IMP-02435,Jose,Mehta,imp.02435@acme-corp.com,Finance,Analyst,L2,DE,2024-08-01,58435,EUR
IMP-02436,Hassan,Dupont,imp.02436@acme-corp.com,Engineering,Engineer,L5,DK,2024-06-19,1174119,DKK
IMP-02437,Nancy,Reddy,imp.02437@acme-corp.com,Sales,Analyst,L4,DK,2017-08-15,626280,DKK
IMP-02438,Ananya,Zhou,imp.02438@acme-corp.com,Finance,Analyst,L1,NL,2024-09-26,60154,EUR
IMP-02439,Jennifer,Brown,imp.02439@acme-corp.com,Sales,Analyst,L3,DE,2020-04-14,136437,EUR
IMP-02440,Elizabeth,Gupta,imp.02440@acme-corp.com,Engineering,Engineer,L1,DE,2018-12-26,98593,EUR
IMP-02441,Carmen,Singh,imp.02441@acme-corp.com,Engineering,Engineer,L6,ZA,2018-07-26,1211997,ZAR
IMP-02442,Sarah,Dupont,imp.02442@acme-corp.com,Engineering,Engineer,L5,AU,2016-12-26,95039,AUD
IMP-02443,Michael,Müller,imp.02443@acme-corp.com,Operations,Manager,L6,DE,2022-04-20,80305,EUR
IMP-02444,Ibrahim,Roux,imp.02444@acme-corp.com,Finance,Analyst,L6,HK,2020-07-04,872281,HKD
IMP-02445,Sung-min,Garcia,imp.02445@acme-corp.com,Sales,Analyst,L1,KR,2023-12-01,103852191,KRW
IMP-02446,Sung-min,Zhou,imp.02446@acme-corp.com,Design,Designer,L2,SG,2019-08-01,169486,SGD
IMP-02447,Rosa,Kim,imp.02447@acme-corp.com,Engineering,Engineer,L6,NO,2021-05-19,502858,NOK
IMP-02448,Aisha,Kumar,imp.02448@acme-corp.com,Operations,Manager,L3,IN,2017-01-25,2814324,INR
IMP-02449,Nancy,Moore,imp.02449@acme-corp.com,Engineering,Engineer,L6,US,2023-04-02,90490,USD
IMP-02450,Robert,Simon,imp.02450@acme-corp.com,Engineering,Engineer,L5,GB,2021-06-02,140542,GBP
IMP-02451,Liu,Chen,imp.02451@acme-corp.com,Operations,Manager,L5,IE,2019-01-18,131428,EUR
IMP-02452,Sung-min,Huang,imp.02452@acme-corp.com,Operations,Manager,L1,SG,2015-02-08,140783,SGD
IMP-02453,James,Mehta,imp.02453@acme-corp.com,Finance,Analyst,L6,GB,2017-11-11,71250,GBP
IMP-02454,Aisha,Moreau,imp.02454@acme-corp.com,Engineering,Engineer,L3,DK,2019-03-02,989940,DKK
IMP-02455,Chen,Garcia,imp.02455@acme-corp.com,Sales,Analyst,L6,KR,2020-09-25,94961142,KRW
IMP-02456,Hiroshi,Mehta,imp.02456@acme-corp.com,Engineering,Engineer,L6,CH,2022-12-13,94184,CHF
IMP-02457,Yuki,Weber,imp.02457@acme-corp.com,Engineering,Engineer,L5,IE,2015-01-30,127630,EUR
IMP-02458,Jennifer,Laurent,imp.02458@acme-corp.com,Engineering,Engineer,L4,TW,2023-01-10,1204444,TWD
IMP-02459,Rosa,Bernard,imp.02459@acme-corp.com,HR,Manager,L2,AE,2020-01-22,505318,AED
IMP-02460,Sung-min,Mehta,imp.02460@acme-corp.com,Finance,Analyst,L6,HK,2018-06-17,546984,HKD
IMP-02461,Yuna,Yang,imp.02461@acme-corp.com,Engineering,Engineer,L4,NO,2024-05-03,1006036,NOK
IMP-02462,Wei,Miller,imp.02462@acme-corp.com,Engineering,Engineer,L2,KR,2018-06-02,116282092,KRW
IMP-02463,Elizabeth,Schulz,imp.02463@acme-corp.com,Sales,Analyst,L4,US,2019-08-19,104331,USD
IMP-02464,Karen,Michel,imp.02464@acme-corp.com,Engineering,Engineer,L6,NL,2022-01-24,134506,EUR
IMP-02465,Carlos,Schulz,imp.02465@acme-corp.com,Finance,Analyst,L1,PL,2018-06-18,126121,PLN
IMP-02466,Sakura,Kang,imp.02466@acme-corp.com,Sales,Analyst,L1,PL,2023-05-08,150416,PLN
IMP-02467,Yuki,Weber,imp.02467@acme-corp.com,Sales,Analyst,L1,IE,2017-05-03,107532,EUR
IMP-02468,Fatima,Han,imp.02468@acme-corp.com,Engineering,Engineer,L6,FR,2024-01-28,109812,EUR
IMP-02469,William,Park,imp.02469@acme-corp.com,Operations,Manager,L2,CH,2015-07-29,91631,CHF
IMP-02470,Wei,Martin,imp.02470@acme-corp.com,Operations,Manager,L6,DE,2022-10-07,86945,EUR
IMP-02471,Chen,Laurent,imp.02471@acme-corp.com,Engineering,Engineer,L6,NL,2016-03-22,52341,EUR
IMP-02472,Ana,Choi,imp.02472@acme-corp.com,Engineering,Engineer,L1,SG,2023-03-16,78393,SGD
IMP-02473,Maria,White,imp.02473@acme-corp.com,Engineering,Engineer,L1,US,2021-03-15,105951,USD
IMP-02474,Ibrahim,Kang,imp.02474@acme-corp.com,Operations,Manager,L6,DE,2020-08-14,108880,EUR
IMP-02475,Zhang,Jackson,imp.02475@acme-corp.com,Finance,Analyst,L6,CH,2015-10-23,176966,CHF
IMP-02476,Kenji,Sharma,imp.02476@acme-corp.com,Engineering,Engineer,L4,KR,2019-11-07,75218803,KRW
IMP-02477,Francisco,Jung,imp.02477@acme-corp.com,HR,Manager,L3,ES,2019-02-18,132294,EUR
IMP-02478,Liu,Moore,imp.02478@acme-corp.com,Operations,Manager,L1,GB,2022-07-21,85318,GBP
IMP-02479,Fatima,Braun,imp.02479@acme-corp.com,Engineering,Engineer,L1,GB,2024-12-22,103016,GBP
IMP-02480,Mei,Garcia,imp.02480@acme-corp.com,Engineering,Engineer,L6,DK,2015-03-11,560112,DKK
IMP-02481,David,Hernandez,imp.02481@acme-corp.com,Sales,Analyst,L4,DE,2023-03-19,123158,EUR
IMP-02482,Sung-min,Roux,imp.02482@acme-corp.com,Sales,Analyst,L3,NL,2017-10-07,99197,EUR
IMP-02483,Jessica,Anderson,imp.02483@acme-corp.com,Engineering,Engineer,L6,DK,2020-10-22,577990,DKK
IMP-02484,Rosa,Simon,imp.02484@acme-corp.com,HR,Manager,L4,DE,2022-04-09,65120,EUR
IMP-02485,Patricia,Hoffmann,imp.02485@acme-corp.com,Operations,Manager,L5,SG,2017-01-14,190662,SGD
IMP-02486,Ana,Moore,imp.02486@acme-corp.com,HR,Manager,L3,AE,2023-08-19,401942,AED
IMP-02487,Carmen,Roux,imp.02487@acme-corp.com,Sales,Analyst,L2,DK,2015-04-22,618285,DKK
IMP-02488,Kenji,Jung,imp.02488@acme-corp.com,Engineering,Engineer,L2,DE,2020-10-23,58048,EUR
IMP-02489,Omar,Hernandez,imp.02489@acme-corp.com,Engineering,Engineer,L3,US,2022-10-27,66558,USD
IMP-02490,Yuki,Michel,imp.02490@acme-corp.com,HR,Manager,L2,DE,2022-02-06,126977,EUR
IMP-02491,Karen,Garcia,imp.02491@acme-corp.com,HR,Manager,L1,IN,2023-11-03,2905122,INR
IMP-02492,Jose,Gupta,imp.02492@acme-corp.com,Engineering,Engineer,L5,IN,2017-02-02,2381748,INR
IMP-02493,Karen,Klein,imp.02493@acme-corp.com,Sales,Analyst,L6,NL,2020-07-11,100074,EUR
IMP-02494,Charles,Martinez,imp.02494@acme-corp.com,Engineering,Engineer,L6,US,2023-07-21,206918,USD
IMP-02495,Jose,Brown,imp.02495@acme-corp.com,Finance,Analyst,L5,TW,2016-01-04,1664509,TWD
IMP-02496,Jose,Simon,imp.02496@acme-corp.com,Engineering,Engineer,L3,GB,2023-06-02,142252,GBP
IMP-02497,Jennifer,Gupta,imp.02497@acme-corp.com,Engineering,Engineer,L3,NO,2017-01-07,608487,NOK
IMP-02498,Luis,Patel,imp.02498@acme-corp.com,Finance,Analyst,L4,NO,2021-08-12,974034,NOK
IMP-02499,Sakura,Joshi,imp.02499@acme-corp.com,Operations,Manager,L2,JP,2015-06-30,17860297,JPY
IMP-02500,Robert,Roux,imp.02500@acme-corp.com,Engineering,Engineer,L3,GB,2024-06-09,151954,GBP
IMP-02501,Yusuf,Kang,imp.02501@acme-corp.com,Engineering,Engineer,L1,NO,2023-05-11,771480,NOK
IMP-02502,Ahmed,Thomas,imp.02502@acme-corp.com,Operations,Manager,L3,JP,2015-07-19,12140531,JPY
IMP-02503,Carlos,Song,imp.02503@acme-corp.com,Engineering,Engineer,L4,GB,2023-09-20,62127,GBP
IMP-02504,Ji-young,Braun,imp.02504@acme-corp.com,Operations,Manager,L1,SE,2022-03-31,874879,SEK
IMP-02505,Jennifer,Patel,imp.02505@acme-corp.com,Engineering,Engineer,L2,IN,2017-10-03,3656143,INR
IMP-02506,Rahul,Gupta,imp.02506@acme-corp.com,Engineering,Engineer,L6,US,2015-11-02,192630,USD
IMP-02507,Patricia,Patel,imp.02507@acme-corp.com,Design,Designer,L6,ES,2020-02-10,63277,EUR
IMP-02508,Zara,Becker,imp.02508@acme-corp.com,Design,Designer,L4,HK,2018-01-28,347849,HKD
IMP-02509,Wei,Davis,imp.02509@acme-corp.com,Operations,Manager,L4,ES,2020-04-11,143601,EUR
IMP-02510,Sarah,Schmidt,imp.02510@acme-corp.com,Operations,Manager,L1,CH,2019-05-11,183809,CHF
IMP-02511,Layla,Han,imp.02511@acme-corp.com,Engineering,Engineer,L5,US,2022-05-23,147712,USD
IMP-02512,Yusuf,Mehta,imp.02512@acme-corp.com,Sales,Analyst,L5,IE,2019-06-27,63367,EUR
IMP-02513,Luis,Miller,imp.02513@acme-corp.com,Operations,Manager,L5,IN,2015-07-27,1171568,INR
IMP-02514,Hiroshi,Smith,imp.02514@acme-corp.com,Engineering,Engineer,L2,US,2020-10-17,187207,USD
IMP-02515,Jessica,Klein,imp.02515@acme-corp.com,Design,Designer,L4,NL,2023-01-22,69395,EUR
IMP-02516,Charles,Klein,imp.02516@acme-corp.com,HR,Manager,L1,SE,2020-05-19,564748,SEK
IMP-02517,Nancy,Williams,imp.02517@acme-corp.com,Finance,Analyst,L4,AU,2022-03-07,107994,AUD
IMP-02518,Robert,Kumar,imp.02518@acme-corp.com,Engineering,Engineer,L4,KR,2016-03-30,91602328,KRW
IMP-02519,Zhang,Becker,imp.02519@acme-corp.com,Engineering,Engineer,L6,US,2016-10-27,99516,USD
IMP-02520,Elizabeth,Anderson,imp.02520@acme-corp.com,Finance,Analyst,L4,US,2020-12-05,162023,USD
IMP-02521,Ahmed,Fischer,imp.02521@acme-corp.com,Engineering,Engineer,L4,DE,2021-03-14,53397,EUR
IMP-02522,Carlos,Smith,imp.02522@acme-corp.com,Operations,Manager,L1,CH,2015-06-19,170394,CHF
IMP-02523,Jessica,Taylor,imp.02523@acme-corp.com,Sales,Analyst,L5,US,2021-09-27,73097,USD
IMP-02524,James,Yang,imp.02524@acme-corp.com,Sales,Analyst,L3,DE,2020-03-23,143899,EUR
IMP-02525,Jessica,Miller,imp.02525@acme-corp.com,Engineering,Engineer,L5,TW,2019-11-18,1120030,TWD
IMP-02526,Luis,Joshi,imp.02526@acme-corp.com,Engineering,Engineer,L3,HK,2023-03-28,676799,HKD
IMP-02527,Michael,Mehta,imp.02527@acme-corp.com,Engineering,Engineer,L5,IN,2020-06-16,813259,INR
IMP-02528,Jessica,Chen,imp.02528@acme-corp.com,Engineering,Engineer,L1,GB,2022-08-30,61224,GBP
IMP-02529,Luis,Müller,imp.02529@acme-corp.com,HR,Manager,L1,HK,2022-07-26,958596,HKD
IMP-02530,Linda,Joshi,imp.02530@acme-corp.com,Operations,Manager,L1,US,2017-12-25,210558,USD
IMP-02531,Carmen,Anderson,imp.02531@acme-corp.com,Engineering,Engineer,L3,SE,2018-05-25,418434,SEK
IMP-02532,Robert,Sharma,imp.02532@acme-corp.com,Operations,Manager,L2,MX,2021-10-07,506330,MXN
IMP-02533,Ibrahim,Gupta,imp.02533@acme-corp.com,HR,Manager,L6,DE,2018-08-12,118521,EUR
IMP-02534,Barbara,Patel,imp.02534@acme-corp.com,Finance,Analyst,L2,ES,2019-08-02,109411,EUR
IMP-02535,Patricia,Li,imp.02535@acme-corp.com,Sales,Analyst,L1,DE,2024-02-26,80798,EUR
IMP-02536,Francisco,Huang,imp.02536@acme-corp.com,Sales,Analyst,L6,HK,2019-05-15,840158,HKD
IMP-02537,Barbara,Michel,imp.02537@acme-corp.com,Engineering,Engineer,L6,NO,2015-01-13,1003295,NOK
IMP-02538,Omar,Anderson,imp.02538@acme-corp.com,Sales,Analyst,L2,FR,2019-12-27,138393,EUR
IMP-02539,Jessica,Park,imp.02539@acme-corp.com,Finance,Analyst,L3,US,2015-05-31,136344,USD
IMP-02540,Carlos,Garcia,imp.02540@acme-corp.com,Sales,Analyst,L6,ES,2019-05-12,120708,EUR
IMP-02541,Omar,Chen,imp.02541@acme-corp.com,Engineering,Engineer,L3,GB,2024-01-18,147964,GBP
IMP-02542,Ana,Lee,imp.02542@acme-corp.com,Design,Designer,L4,GB,2020-09-09,117145,GBP
IMP-02543,Yuna,Hernandez,imp.02543@acme-corp.com,Operations,Manager,L4,IE,2023-07-29,52410,EUR
IMP-02544,Akiko,Patel,imp.02544@acme-corp.com,Engineering,Engineer,L5,DE,2024-04-21,86137,EUR
IMP-02545,Jennifer,Johnson,imp.02545@acme-corp.com,Finance,Analyst,L6,US,2023-08-17,178219,USD
IMP-02546,Zara,Richter,imp.02546@acme-corp.com,Sales,Analyst,L1,AU,2018-09-16,90848,AUD
IMP-02547,Michael,Song,imp.02547@acme-corp.com,Engineering,Engineer,L4,SE,2024-03-02,907315,SEK
IMP-02548,Susan,Jung,imp.02548@acme-corp.com,Finance,Analyst,L4,NL,2021-05-01,108431,EUR
IMP-02549,Kenji,Chen,imp.02549@acme-corp.com,Engineering,Engineer,L1,SG,2020-05-30,101263,SGD
IMP-02550,Karen,Han,imp.02550@acme-corp.com,Engineering,Engineer,L1,IN,2019-03-22,1989910,INR
IMP-02551,Thomas,Kim,imp.02551@acme-corp.com,Finance,Analyst,L5,ES,2018-08-29,82485,EUR
IMP-02552,Jose,Zhou,imp.02552@acme-corp.com,Engineering,Engineer,L3,US,2021-10-29,149185,USD
IMP-02553,Ananya,David,imp.02553@acme-corp.com,Sales,Analyst,L4,CA,2017-05-07,137876,CAD
IMP-02554,Priya,Davis,imp.02554@acme-corp.com,Operations,Manager,L6,DE,2023-09-09,62682,EUR
IMP-02555,Zara,White,imp.02555@acme-corp.com,Engineering,Engineer,L6,ZA,2016-12-28,1494741,ZAR
IMP-02556,Mei,Kang,imp.02556@acme-corp.com,Design,Designer,L6,IN,2023-08-23,3051599,INR
IMP-02557,Hiroshi,Choi,imp.02557@acme-corp.com,Sales,Analyst,L6,CH,2021-03-11,193750,CHF
IMP-02558,Maria,Kang,imp.02558@acme-corp.com,Finance,Analyst,L6,CA,2018-03-13,165895,CAD
IMP-02559,Yuna,Martinez,imp.02559@acme-corp.com,Engineering,Engineer,L1,AE,2016-12-18,292120,AED
IMP-02560,Robert,Hernandez,imp.02560@acme-corp.com,Finance,Analyst,L5,US,2017-12-19,123505,USD
IMP-02561,Linda,Joshi,imp.02561@acme-corp.com,Engineering,Engineer,L6,NO,2018-10-28,981585,NOK
IMP-02562,Jose,Jackson,imp.02562@acme-corp.com,Engineering,Engineer,L3,PL,2015-12-09,181153,PLN
IMP-02563,Carlos,Jones,imp.02563@acme-corp.com,Finance,Analyst,L2,AE,2016-09-12,359481,AED
IMP-02564,Richard,Kim,imp.02564@acme-corp.com,Engineering,Engineer,L5,SE,2015-03-09,747018,SEK
IMP-02565,Jose,Sharma,imp.02565@acme-corp.com,Sales,Analyst,L5,US,2023-03-26,70801,USD
IMP-02566,Zara,Sharma,imp.02566@acme-corp.com,Design,Designer,L2,IN,2023-03-29,948688,INR
IMP-02567,Aisha,Reddy,imp.02567@acme-corp.com,Sales,Analyst,L1,HK,2019-02-25,1097678,HKD
IMP-02568,Rosa,Laurent,imp.02568@acme-corp.com,Engineering,Engineer,L4,NO,2023-10-20,875134,NOK
IMP-02569,Sakura,Jackson,imp.02569@acme-corp.com,Sales,Analyst,L1,ES,2022-09-22,82649,EUR
IMP-02570,Yuna,Xu,imp.02570@acme-corp.com,Operations,Manager,L6,GB,2023-10-24,74004,GBP
IMP-02571,Rosa,Hernandez,imp.02571@acme-corp.com,Engineering,Engineer,L4,ES,2015-02-16,112167,EUR
IMP-02572,Francisco,Laurent,imp.02572@acme-corp.com,Finance,Analyst,L4,HK,2020-08-22,676426,HKD
IMP-02573,Barbara,Lee,imp.02573@acme-corp.com,Finance,Analyst,L6,AU,2020-07-11,113165,AUD
IMP-02574,Elizabeth,David,imp.02574@acme-corp.com,Engineering,Engineer,L1,NO,2015-01-22,1365436,NOK
IMP-02575,Joseph,Liu,imp.02575@acme-corp.com,Engineering,Engineer,L4,TW,2020-10-30,1299082,TWD
IMP-02576,Isabel,Joshi,imp.02576@acme-corp.com,Engineering,Engineer,L3,AU,2022-11-18,117125,AUD
IMP-02577,Mary,Smith,imp.02577@acme-corp.com,Sales,Analyst,L1,US,2018-01-21,152301,USD
IMP-02578,Zara,Wu,imp.02578@acme-corp.com,Engineering,Engineer,L2,US,2017-03-05,87747,USD
IMP-02579,Joseph,Mehta,imp.02579@acme-corp.com,Operations,Manager,L3,TW,2015-05-15,1324450,TWD
IMP-02580,Jessica,Sharma,imp.02580@acme-corp.com,Finance,Analyst,L6,PL,2016-08-20,182211,PLN
IMP-02581,Ahmed,Smith,imp.02581@acme-corp.com,HR,Manager,L1,US,2020-07-06,155408,USD
IMP-02582,Takeshi,Wilson,imp.02582@acme-corp.com,Engineering,Engineer,L1,DK,2020-03-11,831928,DKK
IMP-02583,Carlos,Martinez,imp.02583@acme-corp.com,Design,Designer,L3,HK,2017-07-30,745680,HKD
IMP-02584,Hassan,Joshi,imp.02584@acme-corp.com,Engineering,Engineer,L4,DK,2024-04-15,1002701,DKK
IMP-02585,Thomas,White,imp.02585@acme-corp.com,Engineering,Engineer,L1,US,2015-06-21,65059,USD
IMP-02586,Isabel,Wang,imp.02586@acme-corp.com,Sales,Analyst,L5,NO,2018-12-30,635313,NOK
IMP-02587,Hiroshi,Chen,imp.02587@acme-corp.com,Operations,Manager,L1,NO,2024-01-28,573668,NOK
IMP-02588,Michael,Yoon,imp.02588@acme-corp.com,HR,Manager,L6,JP,2016-12-17,13588410,JPY
IMP-02589,Charles,Martinez,imp.02589@acme-corp.com,HR,Manager,L1,DE,2022-12-19,55930,EUR
IMP-02590,Akiko,Wu,imp.02590@acme-corp.com,HR,Manager,L1,AU,2024-05-03,128742,AUD
IMP-02591,William,Smith,imp.02591@acme-corp.com,Engineering,Engineer,L6,MX,2017-10-14,687603,MXN
IMP-02592,Patricia,Jung,imp.02592@acme-corp.com,Engineering,Engineer,L6,DK,2023-05-13,595379,DKK
IMP-02593,Linda,Garcia,imp.02593@acme-corp.com,Finance,Analyst,L6,JP,2020-10-26,14435618,JPY
IMP-02594,Susan,Laurent,imp.02594@acme-corp.com,Engineering,Engineer,L5,US,2017-01-05,89341,USD
IMP-02595,James,Xu,imp.02595@acme-corp.com,Engineering,Engineer,L2,SG,2017-09-11,143365,SGD
IMP-02596,Barbara,Patel,imp.02596@acme-corp.com,Engineering,Engineer,L3,GB,2023-06-19,57679,GBP
IMP-02597,Francisco,Thompson,imp.02597@acme-corp.com,Engineering,Engineer,L1,NO,2019-01-04,780970,NOK
IMP-02598,Layla,Fischer,imp.02598@acme-corp.com,Design,Designer,L4,NL,2015-10-08,135229,EUR
IMP-02599,Wei,Huang,imp.02599@acme-corp.com,Operations,Manager,L1,JP,2016-09-13,17852847,JPY
IMP-02600,Jose,Liu,imp.02600@acme-corp.com,Engineering,Engineer,L2,IN,2023-09-04,2179073,INR
IMP-02601,Yuki,Song,imp.02601@acme-corp.com,Finance,Analyst,L6,GB,2023-05-31,117307,GBP
IMP-02602,Michael,Mehta,imp.02602@acme-corp.com,Design,Designer,L3,MX,2023-03-29,1195564,MXN
IMP-02603,Maria,Wilson,imp.02603@acme-corp.com,Engineering,Engineer,L6,NO,2017-06-18,964442,NOK
IMP-02604,Richard,Lee,imp.02604@acme-corp.com,HR,Manager,L4,IE,2015-11-15,106139,EUR
IMP-02605,Hiroshi,Nair,imp.02605@acme-corp.com,Engineering,Engineer,L2,DK,2023-05-11,945429,DKK
IMP-02606,Layla,Lim,imp.02606@acme-corp.com,Sales,Analyst,L2,ES,2024-01-02,121552,EUR
IMP-02607,Jennifer,Braun,imp.02607@acme-corp.com,Sales,Analyst,L6,PL,2020-05-11,86157,PLN
IMP-02608,Francisco,Martin,imp.02608@acme-corp.com,Finance,Analyst,L4,JP,2022-04-25,6009200,JPY
IMP-02609,Susan,Davis,imp.02609@acme-corp.com,Operations,Manager,L3,HK,2019-03-03,645588,HKD
IMP-02610,Rosa,Thomas,imp.02610@acme-corp.com,Engineering,Engineer,L4,CH,2015-01-13,199460,CHF
IMP-02611,Thomas,Fischer,imp.02611@acme-corp.com,Operations,Manager,L2,TW,2020-03-14,895451,TWD
IMP-02612,Rahul,Jones,imp.02612@acme-corp.com,Finance,Analyst,L3,PL,2022-09-27,223011,PLN
IMP-02613,Sung-min,Li,imp.02613@acme-corp.com,Engineering,Engineer,L5,ES,2021-09-16,96129,EUR
IMP-02614,Francisco,David,imp.02614@acme-corp.com,Finance,Analyst,L1,JP,2018-01-27,7167037,JPY
IMP-02615,Thomas,Chen,imp.02615@acme-corp.com,Engineering,Engineer,L1,IN,2018-03-01,4381247,INR
IMP-02616,Richard,Moreau,imp.02616@acme-corp.com,Finance,Analyst,L3,SG,2024-10-07,196365,SGD
IMP-02617,Sung-min,Pillai,imp.02617@acme-corp.com,Operations,Manager,L1,DE,2022-07-20,76248,EUR
IMP-02618,Jose,Wilson,imp.02618@acme-corp.com,Design,Designer,L2,NL,2023-06-26,103174,EUR
IMP-02619,Sakura,Laurent,imp.02619@acme-corp.com,Engineering,Engineer,L2,DK,2023-04-17,429022,DKK
IMP-02620,Liu,Song,imp.02620@acme-corp.com,Operations,Manager,L6,IN,2020-02-13,2001317,INR
IMP-02621,Jose,Huang,imp.02621@acme-corp.com,Finance,Analyst,L5,KR,2017-10-15,47719709,KRW
IMP-02622,Omar,Mehta,imp.02622@acme-corp.com,Engineering,Engineer,L1,AE,2015-08-07,149954,AED
IMP-02623,Luis,Martin,imp.02623@acme-corp.com,HR,Manager,L1,MX,2021-07-05,497906,MXN
IMP-02624,James,Lee,imp.02624@acme-corp.com,Sales,Analyst,L4,SG,2015-10-09,92457,SGD
IMP-02625,Takeshi,Zhou,imp.02625@acme-corp.com,Sales,Analyst,L5,NO,2017-05-09,1252678,NOK
IMP-02626,David,Wu,imp.02626@acme-corp.com,Operations,Manager,L1,US,2024-09-24,209974,USD
IMP-02627,Jessica,Gupta,imp.02627@acme-corp.com,Engineering,Engineer,L1,AE,2015-12-26,288880,AED
IMP-02628,Thomas,David,imp.02628@acme-corp.com,Engineering,Engineer,L3,CA,2024-01-19,97218,CAD
IMP-02629,Takeshi,Garcia,imp.02629@acme-corp.com,Engineering,Engineer,L2,GB,2015-04-19,134154,GBP
IMP-02630,Zara,Reddy,imp.02630@acme-corp.com,Engineering,Engineer,L3,IN,2018-10-04,3223784,INR
IMP-02631,Thomas,Garcia,imp.02631@acme-corp.com,Operations,Manager,L5,NO,2019-08-08,608074,NOK
IMP-02632,Nancy,Dupont,imp.02632@acme-corp.com,Finance,Analyst,L4,ZA,2015-09-01,1169845,ZAR
IMP-02633,Chen,Kumar,imp.02633@acme-corp.com,Operations,Manager,L3,FR,2019-06-03,144563,EUR
IMP-02634,Richard,Li,imp.02634@acme-corp.com,Finance,Analyst,L2,FR,2022-08-08,54994,EUR
IMP-02635,William,Xu,imp.02635@acme-corp.com,Finance,Analyst,L3,GB,2016-06-24,85075,GBP
IMP-02636,Priya,Braun,imp.02636@acme-corp.com,Engineering,Engineer,L4,KR,2017-04-24,96754041,KRW
IMP-02637,Charles,Weber,imp.02637@acme-corp.com,Engineering,Engineer,L1,AU,2015-01-19,152817,AUD
IMP-02638,Robert,Garcia,imp.02638@acme-corp.com,Operations,Manager,L4,NO,2017-06-27,709975,NOK
IMP-02639,Fatima,Singh,imp.02639@acme-corp.com,Finance,Analyst,L1,MX,2016-07-09,1193061,MXN
IMP-02640,Karen,Singh,imp.02640@acme-corp.com,Sales,Analyst,L2,GB,2017-10-28,117213,GBP
IMP-02641,Karen,Yoon,imp.02641@acme-corp.com,Sales,Analyst,L4,CA,2022-09-11,148828,CAD
IMP-02642,Liu,Sharma,imp.02642@acme-corp.com,Engineering,Engineer,L4,IN,2015-02-26,2501567,INR
IMP-02643,Michael,Williams,imp.02643@acme-corp.com,Finance,Analyst,L2,ZA,2023-03-19,322980,ZAR
IMP-02644,Mei,Dupont,imp.02644@acme-corp.com,Finance,Analyst,L6,IN,2020-06-07,3597414,INR
IMP-02645,Ana,Weber,imp.02645@acme-corp.com,Finance,Analyst,L6,HK,2021-08-18,694461,HKD
IMP-02646,Thomas,Choi,imp.02646@acme-corp.com,Sales,Analyst,L6,SG,2022-08-29,139078,SGD
IMP-02647,Ibrahim,Bernard,imp.02647@acme-corp.com,Operations,Manager,L6,TW,2019-06-30,2898399,TWD
IMP-02648,Joseph,Hernandez,imp.02648@acme-corp.com,Operations,Manager,L3,ES,2017-07-15,127562,EUR
IMP-02649,Wei,Schmidt,imp.02649@acme-corp.com,Sales,Analyst,L1,DE,2023-01-20,76188,EUR
IMP-02650,James,Zhou,imp.02650@acme-corp.com,Sales,Analyst,L3,US,2024-07-20,207115,USD
IMP-02651,Michael,Brown,imp.02651@acme-corp.com,Engineering,Engineer,L5,IN,2024-07-12,3256537,INR
IMP-02652,Jessica,Garcia,imp.02652@acme-corp.com,Operations,Manager,L6,CH,2017-06-10,91203,CHF
IMP-02653,Barbara,Singh,imp.02653@acme-corp.com,HR,Manager,L2,DK,2021-10-06,575205,DKK
IMP-02654,Aisha,Yoon,imp.02654@acme-corp.com,Finance,Analyst,L5,KR,2024-09-06,97864226,KRW
IMP-02655,Sung-min,Anderson,imp.02655@acme-corp.com,Engineering,Engineer,L4,FR,2017-12-07,61887,EUR
IMP-02656,Yuna,Patel,imp.02656@acme-corp.com,Sales,Analyst,L2,US,2021-08-21,188396,USD
IMP-02657,Susan,Davis,imp.02657@acme-corp.com,Engineering,Engineer,L4,GB,2023-09-11,116437,GBP
IMP-02658,Carmen,Yang,imp.02658@acme-corp.com,Sales,Analyst,L6,US,2015-03-22,136062,USD
IMP-02659,Sakura,Patel,imp.02659@acme-corp.com,Sales,Analyst,L5,HK,2018-05-15,635807,HKD
IMP-02660,Omar,Sharma,imp.02660@acme-corp.com,Design,Designer,L1,US,2020-03-19,97154,USD
IMP-02661,David,Wilson,imp.02661@acme-corp.com,Engineering,Engineer,L5,IN,2023-07-26,1905010,INR
IMP-02662,Arjun,Jones,imp.02662@acme-corp.com,Sales,Analyst,L5,US,2021-01-09,97782,USD
IMP-02663,Mei,Han,imp.02663@acme-corp.com,Engineering,Engineer,L3,CA,2017-06-06,82002,CAD
IMP-02664,Priya,Martin,imp.02664@acme-corp.com,Engineering,Engineer,L3,DE,2020-11-24,93298,EUR
IMP-02665,William,Michel,imp.02665@acme-corp.com,Operations,Manager,L6,AE,2015-08-09,271970,AED
IMP-02666,Zara,Martinez,imp.02666@acme-corp.com,Sales,Analyst,L2,US,2020-04-24,80214,USD
IMP-02667,Min,Huang,imp.02667@acme-corp.com,Engineering,Engineer,L2,NO,2020-09-07,1196004,NOK
IMP-02668,Jose,Chen,imp.02668@acme-corp.com,Operations,Manager,L6,JP,2021-11-19,7627665,JPY
IMP-02669,Wei,Thompson,imp.02669@acme-corp.com,Design,Designer,L6,IN,2020-10-16,2345967,INR
IMP-02670,Yuki,Klein,imp.02670@acme-corp.com,Finance,Analyst,L6,AU,2016-03-23,160513,AUD
IMP-02671,William,Wang,imp.02671@acme-corp.com,Operations,Manager,L4,CA,2020-10-03,154362,CAD
IMP-02672,Carmen,Wilson,imp.02672@acme-corp.com,Sales,Analyst,L6,IN,2022-07-17,1757820,INR
IMP-02673,Min,Moreau,imp.02673@acme-corp.com,Sales,Analyst,L4,SG,2015-01-01,100217,SGD
IMP-02674,Mei,Kim,imp.02674@acme-corp.com,Engineering,Engineer,L2,MX,2022-10-06,974554,MXN
IMP-02675,Jae-won,Li,imp.02675@acme-corp.com,Finance,Analyst,L6,CA,2020-07-07,121005,CAD
IMP-02676,Jessica,Patel,imp.02676@acme-corp.com,HR,Manager,L5,DK,2020-02-23,637040,DKK
IMP-02677,Liu,Schmidt,imp.02677@acme-corp.com,HR,Manager,L5,KR,2023-04-29,45006178,KRW
IMP-02678,Jae-won,Jones,imp.02678@acme-corp.com,Finance,Analyst,L2,IE,2024-02-15,131104,EUR
IMP-02679,Sarah,Dupont,imp.02679@acme-corp.com,Engineering,Engineer,L3,DK,2016-03-18,863052,DKK
IMP-02680,Michael,Mehta,imp.02680@acme-corp.com,Engineering,Engineer,L3,MX,2022-04-27,388516,MXN
IMP-02681,Jose,Reddy,imp.02681@acme-corp.com,Engineering,Engineer,L4,GB,2018-01-03,120110,GBP
IMP-02682,Carmen,Brown,imp.02682@acme-corp.com,Engineering,Engineer,L5,DE,2021-01-25,71459,EUR
IMP-02683,Jennifer,Martin,imp.02683@acme-corp.com,Engineering,Engineer,L4,TW,2021-05-03,2061238,TWD
IMP-02684,Robert,Becker,imp.02684@acme-corp.com,Operations,Manager,L3,GB,2018-12-16,149597,GBP
IMP-02685,Jae-won,Williams,imp.02685@acme-corp.com,Operations,Manager,L4,DE,2022-01-26,51889,EUR
IMP-02686,Priya,Jones,imp.02686@acme-corp.com,HR,Manager,L5,DE,2024-02-09,148260,EUR
IMP-02687,Sakura,Weber,imp.02687@acme-corp.com,Engineering,Engineer,L3,MX,2019-01-18,741551,MXN
IMP-02688,Wei,Pillai,imp.02688@acme-corp.com,Engineering,Engineer,L5,PL,2016-04-05,229830,PLN
IMP-02689,Akiko,Schmidt,imp.02689@acme-corp.com,Sales,Analyst,L3,ES,2015-07-19,73372,EUR
IMP-02690,Rosa,Dupont,imp.02690@acme-corp.com,Sales,Analyst,L5,ZA,2015-08-22,1333863,ZAR
IMP-02691,Wei,White,imp.02691@acme-corp.com,HR,Manager,L4,DE,2024-02-04,124561,EUR
IMP-02692,Priya,Davis,imp.02692@acme-corp.com,Operations,Manager,L4,GB,2020-07-24,46234,GBP
IMP-02693,Fatima,Lee,imp.02693@acme-corp.com,Design,Designer,L2,AE,2021-12-06,198098,AED
IMP-02694,William,Braun,imp.02694@acme-corp.com,Engineering,Engineer,L6,US,2021-10-14,146053,USD
IMP-02695,Aisha,Miller,imp.02695@acme-corp.com,Sales,Analyst,L5,TW,2017-01-18,3005630,TWD
IMP-02696,Liu,Mehta,imp.02696@acme-corp.com,HR,Manager,L4,CA,2015-05-02,96621,CAD
IMP-02697,Zhang,Laurent,imp.02697@acme-corp.com,Engineering,Engineer,L1,CH,2019-05-29,134399,CHF
IMP-02698,Rahul,Jung,imp.02698@acme-corp.com,Engineering,Engineer,L4,ZA,2020-12-06,1230906,ZAR
IMP-02699,Nancy,Taylor,imp.02699@acme-corp.com,Engineering,Engineer,L4,NL,2017-05-05,87306,EUR
IMP-02700,James,Lim,imp.02700@acme-corp.com,Finance,Analyst,L2,TW,2015-04-19,2573128,TWD
IMP-02701,Joseph,Richter,imp.02701@acme-corp.com,Operations,Manager,L3,AE,2019-07-17,362608,AED
IMP-02702,Sarah,Yang,imp.02702@acme-corp.com,Design,Designer,L4,GB,2024-07-10,133189,GBP
IMP-02703,Omar,Chen,imp.02703@acme-corp.com,Sales,Analyst,L2,US,2019-10-26,139280,USD
IMP-02704,Chen,Smith,imp.02704@acme-corp.com,HR,Manager,L4,PL,2023-06-14,213893,PLN
IMP-02705,Patricia,Moreau,imp.02705@acme-corp.com,Sales,Analyst,L3,DK,2022-07-04,1117079,DKK
IMP-02706,Charles,Patel,imp.02706@acme-corp.com,Finance,Analyst,L5,ES,2022-03-31,56825,EUR
IMP-02707,Yuki,Jackson,imp.02707@acme-corp.com,Operations,Manager,L5,GB,2018-01-20,51570,GBP
IMP-02708,Fatima,Chen,imp.02708@acme-corp.com,Operations,Manager,L3,GB,2018-07-17,158090,GBP
IMP-02709,Priya,Schmidt,imp.02709@acme-corp.com,Sales,Analyst,L2,NL,2023-03-11,107527,EUR
IMP-02710,Jose,Laurent,imp.02710@acme-corp.com,Engineering,Engineer,L2,NL,2021-10-18,101712,EUR
IMP-02711,Rosa,Hernandez,imp.02711@acme-corp.com,Operations,Manager,L1,IN,2022-12-05,2191840,INR
IMP-02712,Jose,Brown,imp.02712@acme-corp.com,Sales,Analyst,L4,AE,2024-01-21,526511,AED
IMP-02713,Sarah,Reddy,imp.02713@acme-corp.com,HR,Manager,L1,ES,2015-09-14,149451,EUR
IMP-02714,Ji-young,Thompson,imp.02714@acme-corp.com,Engineering,Engineer,L5,PL,2017-09-03,138811,PLN
IMP-02715,Rahul,Li,imp.02715@acme-corp.com,Operations,Manager,L3,ZA,2015-11-27,594260,ZAR
IMP-02716,Sakura,Han,imp.02716@acme-corp.com,HR,Manager,L2,IN,2018-07-04,3357848,INR
IMP-02717,James,Dupont,imp.02717@acme-corp.com,Finance,Analyst,L3,IE,2019-07-25,55237,EUR
IMP-02718,Chen,Huang,imp.02718@acme-corp.com,Finance,Analyst,L6,CA,2017-09-25,140650,CAD
IMP-02719,Susan,Moore,imp.02719@acme-corp.com,Sales,Analyst,L1,US,2015-10-17,97358,USD
IMP-02720,David,Garcia,imp.02720@acme-corp.com,Engineering,Engineer,L2,ES,2023-12-04,96613,EUR
IMP-02721,Fatima,Dupont,imp.02721@acme-corp.com,HR,Manager,L6,DK,2017-12-26,1124927,DKK
IMP-02722,Min,Singh,imp.02722@acme-corp.com,Sales,Analyst,L6,SG,2016-03-20,195882,SGD
IMP-02723,Mary,Wang,imp.02723@acme-corp.com,Engineering,Engineer,L6,US,2020-04-25,90010,USD
IMP-02724,James,Williams,imp.02724@acme-corp.com,HR,Manager,L5,US,2019-05-28,200024,USD
IMP-02725,Arjun,Brown,imp.02725@acme-corp.com,Engineering,Engineer,L5,AE,2023-05-19,513685,AED
IMP-02726,Yuna,David,imp.02726@acme-corp.com,Sales,Analyst,L5,SG,2024-05-14,170487,SGD
IMP-02727,Aisha,Dupont,imp.02727@acme-corp.com,Engineering,Engineer,L5,IN,2015-11-09,1554232,INR
IMP-02728,Isabel,Martin,imp.02728@acme-corp.com,Finance,Analyst,L5,US,2016-10-02,171930,USD
IMP-02729,Rahul,Liu,imp.02729@acme-corp.com,Operations,Manager,L5,DE,2020-09-05,83447,EUR
IMP-02730,Rahul,Martin,imp.02730@acme-corp.com,Sales,Analyst,L1,IN,2022-08-27,3346657,INR
IMP-02731,Wei,Jones,imp.02731@acme-corp.com,Sales,Analyst,L4,MX,2017-04-21,537902,MXN
IMP-02732,Pedro,Li,imp.02732@acme-corp.com,Engineering,Engineer,L1,HK,2016-04-11,367312,HKD
IMP-02733,Arjun,Smith,imp.02733@acme-corp.com,Sales,Analyst,L5,HK,2017-04-18,608155,HKD
IMP-02734,Omar,Choi,imp.02734@acme-corp.com,Operations,Manager,L5,US,2023-02-23,170005,USD
IMP-02735,David,Jackson,imp.02735@acme-corp.com,HR,Manager,L6,IN,2023-01-24,3784029,INR
IMP-02736,Jae-won,Smith,imp.02736@acme-corp.com,Sales,Analyst,L1,SG,2015-04-12,165504,SGD
IMP-02737,Sakura,Kim,imp.02737@acme-corp.com,Engineering,Engineer,L1,NO,2015-12-05,935771,NOK
IMP-02738,Ibrahim,Li,imp.02738@acme-corp.com,Operations,Manager,L3,US,2016-05-02,79113,USD
IMP-02739,Sakura,Sharma,imp.02739@acme-corp.com,HR,Manager,L1,AE,2021-04-15,281719,AED
IMP-02740,Yuki,Braun,imp.02740@acme-corp.com,Engineering,Engineer,L3,ES,2022-03-18,107693,EUR
IMP-02741,Thomas,Schmidt,imp.02741@acme-corp.com,Finance,Analyst,L5,DE,2021-02-09,146978,EUR
IMP-02742,Hiroshi,Jackson,imp.02742@acme-corp.com,Engineering,Engineer,L1,US,2017-09-22,68258,USD
IMP-02743,Chen,Jung,imp.02743@acme-corp.com,HR,Manager,L6,ZA,2018-03-08,1242191,ZAR
IMP-02744,Barbara,Choi,imp.02744@acme-corp.com,Engineering,Engineer,L5,PL,2018-03-07,123760,PLN
IMP-02745,Jennifer,Martin,imp.02745@acme-corp.com,Finance,Analyst,L1,ES,2016-06-22,110791,EUR
IMP-02746,Hiroshi,Gupta,imp.02746@acme-corp.com,Engineering,Engineer,L5,IN,2021-06-22,2330030,INR
IMP-02747,Barbara,Song,imp.02747@acme-corp.com,Engineering,Engineer,L2,IN,2015-08-27,2878868,INR
IMP-02748,Francisco,Huang,imp.02748@acme-corp.com,Sales,Analyst,L6,GB,2019-07-12,154149,GBP
IMP-02749,Jose,Park,imp.02749@acme-corp.com,HR,Manager,L1,ZA,2023-09-04,1339316,ZAR
IMP-02750,Susan,Yang,imp.02750@acme-corp.com,Engineering,Engineer,L3,JP,2016-06-05,4423109,JPY
IMP-02751,Yuna,Jones,imp.02751@acme-corp.com,Design,Designer,L6,IE,2020-08-21,61895,EUR
IMP-02752,Kenji,Becker,imp.02752@acme-corp.com,Design,Designer,L5,US,2021-07-16,122271,USD
IMP-02753,Nancy,Taylor,imp.02753@acme-corp.com,Finance,Analyst,L3,US,2018-02-16,164938,USD
IMP-02754,Sakura,Choi,imp.02754@acme-corp.com,Engineering,Engineer,L4,US,2017-02-14,155674,USD
IMP-02755,Zhang,Becker,imp.02755@acme-corp.com,Operations,Manager,L1,TW,2020-09-06,2873432,TWD
IMP-02756,Hiroshi,Yoon,imp.02756@acme-corp.com,Operations,Manager,L5,JP,2024-08-04,12660759,JPY
IMP-02757,Rosa,Choi,imp.02757@acme-corp.com,Sales,Analyst,L1,HK,2022-06-18,690890,HKD
IMP-02758,Mary,Joshi,imp.02758@acme-corp.com,Engineering,Engineer,L1,IN,2017-04-09,1243647,INR
IMP-02759,Joseph,Mehta,imp.02759@acme-corp.com,Engineering,Engineer,L6,SE,2016-11-01,503166,SEK
IMP-02760,Sarah,Garcia,imp.02760@acme-corp.com,Engineering,Engineer,L3,US,2018-04-09,210255,USD
IMP-02761,Michael,Zhou,imp.02761@acme-corp.com,Engineering,Engineer,L4,SE,2015-09-10,999553,SEK
IMP-02762,Ji-young,Wang,imp.02762@acme-corp.com,Engineering,Engineer,L3,CA,2019-01-18,105353,CAD
IMP-02763,Patricia,Anderson,imp.02763@acme-corp.com,HR,Manager,L3,AU,2021-09-07,147304,AUD
IMP-02764,Pedro,Kim,imp.02764@acme-corp.com,Design,Designer,L4,DE,2015-12-05,88733,EUR
IMP-02765,Jose,Park,imp.02765@acme-corp.com,Sales,Analyst,L4,AU,2020-06-23,142789,AUD
IMP-02766,Linda,Li,imp.02766@acme-corp.com,Finance,Analyst,L6,IE,2022-05-15,118399,EUR
IMP-02767,James,Lim,imp.02767@acme-corp.com,Operations,Manager,L1,FR,2016-02-24,127404,EUR
IMP-02768,Michael,Joshi,imp.02768@acme-corp.com,Finance,Analyst,L4,US,2020-07-05,131554,USD
IMP-02769,Arjun,Kim,imp.02769@acme-corp.com,Engineering,Engineer,L3,US,2018-05-02,123511,USD
IMP-02770,James,Schulz,imp.02770@acme-corp.com,Engineering,Engineer,L3,FR,2015-10-08,143068,EUR
IMP-02771,Yuna,Xu,imp.02771@acme-corp.com,Engineering,Engineer,L6,TW,2021-03-02,1114180,TWD
IMP-02772,Takeshi,Roux,imp.02772@acme-corp.com,Engineering,Engineer,L4,CA,2016-07-15,94786,CAD
IMP-02773,Mei,Lee,imp.02773@acme-corp.com,Finance,Analyst,L3,NO,2021-02-28,525756,NOK
IMP-02774,Rosa,Bernard,imp.02774@acme-corp.com,Operations,Manager,L6,DK,2022-01-25,678755,DKK
IMP-02775,Robert,Yoon,imp.02775@acme-corp.com,Engineering,Engineer,L1,GB,2018-05-26,125737,GBP
IMP-02776,Patricia,Lim,imp.02776@acme-corp.com,Engineering,Engineer,L5,IN,2017-12-13,1391847,INR
IMP-02777,Richard,Thomas,imp.02777@acme-corp.com,Engineering,Engineer,L2,MX,2019-01-26,1192045,MXN
IMP-02778,Pedro,Nair,imp.02778@acme-corp.com,Design,Designer,L6,ZA,2024-04-26,708188,ZAR
IMP-02779,Richard,Klein,imp.02779@acme-corp.com,Design,Designer,L1,CH,2016-11-26,141923,CHF
IMP-02780,Ji-young,Becker,imp.02780@acme-corp.com,Design,Designer,L4,KR,2021-07-08,109842165,KRW
IMP-02781,Joseph,Roux,imp.02781@acme-corp.com,Sales,Analyst,L4,DE,2021-11-30,89827,EUR
IMP-02782,Omar,Pillai,imp.02782@acme-corp.com,Operations,Manager,L6,GB,2023-12-21,76792,GBP
IMP-02783,Francisco,Lee,imp.02783@acme-corp.com,Sales,Analyst,L1,NL,2017-07-04,60478,EUR
IMP-02784,James,Roux,imp.02784@acme-corp.com,Finance,Analyst,L6,NO,2017-11-03,855942,NOK
IMP-02785,Barbara,Sharma,imp.02785@acme-corp.com,Engineering,Engineer,L4,NO,2016-02-15,890507,NOK
IMP-02786,Michael,Patel,imp.02786@acme-corp.com,Operations,Manager,L4,US,2020-06-16,181780,USD
IMP-02787,Chen,Lee,imp.02787@acme-corp.com,Engineering,Engineer,L4,FR,2022-06-13,120660,EUR
IMP-02788,Isabel,Chen,imp.02788@acme-corp.com,Engineering,Engineer,L2,HK,2017-09-03,650569,HKD
IMP-02789,Carlos,Song,imp.02789@acme-corp.com,Engineering,Engineer,L3,NO,2024-06-28,546967,NOK
IMP-02790,Richard,Müller,imp.02790@acme-corp.com,HR,Manager,L2,IE,2021-03-26,146331,EUR
IMP-02791,Thomas,Smith,imp.02791@acme-corp.com,Sales,Analyst,L2,DE,2024-10-04,145166,EUR
IMP-02792,Thomas,Smith,imp.02792@acme-corp.com,Sales,Analyst,L1,PL,2015-09-18,200731,PLN
IMP-02793,Jose,Smith,imp.02793@acme-corp.com,HR,Manager,L3,NL,2021-04-22,114375,EUR
IMP-02794,Patricia,David,imp.02794@acme-corp.com,Sales,Analyst,L4,FR,2019-12-11,98914,EUR
IMP-02795,Isabel,Liu,imp.02795@acme-corp.com,Finance,Analyst,L1,SE,2018-03-02,525468,SEK
IMP-02796,Jae-won,Johnson,imp.02796@acme-corp.com,Engineering,Engineer,L2,KR,2015-03-23,84213113,KRW
IMP-02797,Carlos,Bernard,imp.02797@acme-corp.com,Engineering,Engineer,L1,GB,2024-05-10,143406,GBP
IMP-02798,Omar,Williams,imp.02798@acme-corp.com,Sales,Analyst,L5,DE,2024-07-13,96130,EUR
IMP-02799,Richard,Simon,imp.02799@acme-corp.com,Finance,Analyst,L5,SG,2015-06-20,183737,SGD
IMP-02800,Fatima,Thomas,imp.02800@acme-corp.com,Sales,Analyst,L1,DE,2019-11-20,57097,EUR
IMP-02801,Sung-min,Zhang,imp.02801@acme-corp.com,HR,Manager,L4,DE,2016-12-02,67573,EUR
IMP-02802,Carmen,Taylor,imp.02802@acme-corp.com,HR,Manager,L2,IN,2020-07-07,2845439,INR
IMP-02803,Karen,Xu,imp.02803@acme-corp.com,Engineering,Engineer,L3,ES,2020-06-05,116552,EUR
IMP-02804,Maria,Yoon,imp.02804@acme-corp.com,Sales,Analyst,L1,IN,2016-11-19,2823553,INR
IMP-02805,Ahmed,Martinez,imp.02805@acme-corp.com,Engineering,Engineer,L1,KR,2020-07-20,51156530,KRW
IMP-02806,Jennifer,Fischer,imp.02806@acme-corp.com,Operations,Manager,L4,TW,2017-04-24,3223583,TWD
IMP-02807,Sarah,Martin,imp.02807@acme-corp.com,Operations,Manager,L5,AU,2016-02-13,127256,AUD
IMP-02808,Mei,Nair,imp.02808@acme-corp.com,Engineering,Engineer,L2,TW,2016-01-03,2427556,TWD
IMP-02809,Min,David,imp.02809@acme-corp.com,Engineering,Engineer,L3,SE,2020-10-01,691058,SEK
IMP-02810,Ji-young,Roux,imp.02810@acme-corp.com,Engineering,Engineer,L3,NO,2020-10-22,661480,NOK
IMP-02811,Nancy,Jackson,imp.02811@acme-corp.com,Finance,Analyst,L1,DK,2015-04-18,470282,DKK
IMP-02812,Layla,Moore,imp.02812@acme-corp.com,HR,Manager,L4,FR,2015-12-11,63647,EUR
IMP-02813,Carmen,Michel,imp.02813@acme-corp.com,Engineering,Engineer,L3,DE,2015-08-04,127945,EUR
IMP-02814,Francisco,Smith,imp.02814@acme-corp.com,HR,Manager,L1,CH,2021-10-31,161352,CHF
IMP-02815,Aisha,Miller,imp.02815@acme-corp.com,Sales,Analyst,L3,US,2015-04-14,94205,USD
IMP-02816,Arjun,Singh,imp.02816@acme-corp.com,Engineering,Engineer,L5,IE,2021-09-21,119092,EUR
IMP-02817,Ji-young,Miller,imp.02817@acme-corp.com,Engineering,Engineer,L1,GB,2015-08-31,90994,GBP
IMP-02818,Rosa,Garcia,imp.02818@acme-corp.com,Sales,Analyst,L5,TW,2015-06-23,2242133,TWD
IMP-02819,Francisco,Xu,imp.02819@acme-corp.com,Operations,Manager,L1,SE,2023-08-26,969210,SEK
IMP-02820,Kenji,Taylor,imp.02820@acme-corp.com,Engineering,Engineer,L2,ZA,2015-02-09,1098702,ZAR
IMP-02821,Zhang,Joshi,imp.02821@acme-corp.com,Engineering,Engineer,L6,US,2016-06-24,136315,USD
IMP-02822,Takeshi,Singh,imp.02822@acme-corp.com,Engineering,Engineer,L5,US,2015-09-06,99236,USD
IMP-02823,Fatima,Wilson,imp.02823@acme-corp.com,Engineering,Engineer,L6,ES,2015-04-08,54461,EUR
IMP-02824,Hiroshi,Moreau,imp.02824@acme-corp.com,Engineering,Engineer,L5,US,2017-01-30,119131,USD
IMP-02825,Yuki,Moreau,imp.02825@acme-corp.com,Operations,Manager,L4,AE,2015-08-06,198729,AED
IMP-02826,Zhang,Zhou,imp.02826@acme-corp.com,HR,Manager,L1,CH,2015-02-03,96797,CHF
IMP-02827,William,Gupta,imp.02827@acme-corp.com,Design,Designer,L1,AE,2024-02-16,340900,AED
IMP-02828,William,Mehta,imp.02828@acme-corp.com,Engineering,Engineer,L2,US,2015-05-06,78257,USD
IMP-02829,Yusuf,Brown,imp.02829@acme-corp.com,Finance,Analyst,L5,NO,2017-02-25,701585,NOK
IMP-02830,Omar,Kumar,imp.02830@acme-corp.com,Operations,Manager,L4,IN,2018-11-20,2505242,INR
IMP-02831,Hiroshi,Brown,imp.02831@acme-corp.com,Sales,Analyst,L2,NO,2021-05-12,1354755,NOK
IMP-02832,Arjun,Pillai,imp.02832@acme-corp.com,Design,Designer,L3,US,2023-07-16,119131,USD
IMP-02833,Susan,Lee,imp.02833@acme-corp.com,Design,Designer,L3,ES,2016-12-14,80999,EUR
IMP-02834,Sarah,Simon,imp.02834@acme-corp.com,Sales,Analyst,L5,IN,2020-09-02,2645061,INR
IMP-02835,Barbara,Yang,imp.02835@acme-corp.com,Sales,Analyst,L4,DK,2024-03-11,932021,DKK
IMP-02836,Aisha,Moore,imp.02836@acme-corp.com,Engineering,Engineer,L5,GB,2018-03-22,151396,GBP
IMP-02837,James,Anderson,imp.02837@acme-corp.com,Operations,Manager,L6,CH,2017-09-20,159762,CHF
IMP-02838,Isabel,Xu,imp.02838@acme-corp.com,Engineering,Engineer,L3,SG,2018-09-01,170119,SGD
IMP-02839,Ibrahim,Zhou,imp.02839@acme-corp.com,Engineering,Engineer,L6,US,2020-12-27,216364,USD
IMP-02840,Sung-min,Brown,imp.02840@acme-corp.com,Finance,Analyst,L6,PL,2018-03-28,197468,PLN
IMP-02841,David,Schulz,imp.02841@acme-corp.com,Operations,Manager,L3,DE,2024-04-14,112256,EUR
IMP-02842,Yusuf,Davis,imp.02842@acme-corp.com,Engineering,Engineer,L1,IE,2022-06-23,120176,EUR
IMP-02843,Jessica,Kang,imp.02843@acme-corp.com,Design,Designer,L2,ES,2021-11-11,53326,EUR
IMP-02844,Yusuf,Roux,imp.02844@acme-corp.com,Engineering,Engineer,L4,IE,2020-12-18,88676,EUR
IMP-02845,Ana,Klein,imp.02845@acme-corp.com,Engineering,Engineer,L1,IN,2015-12-28,1875244,INR
IMP-02846,Pedro,Brown,imp.02846@acme-corp.com,Finance,Analyst,L6,FR,2020-04-13,125069,EUR
IMP-02847,Carmen,Park,imp.02847@acme-corp.com,Operations,Manager,L2,US,2017-09-16,196772,USD
IMP-02848,Carlos,Lee,imp.02848@acme-corp.com,Engineering,Engineer,L1,HK,2019-05-16,780434,HKD
IMP-02849,Akiko,Klein,imp.02849@acme-corp.com,Engineering,Engineer,L6,NO,2017-09-24,547249,NOK
IMP-02850,Ji-young,Taylor,imp.02850@acme-corp.com,Sales,Analyst,L1,CA,2020-10-30,127507,CAD
IMP-02851,Nancy,Huang,imp.02851@acme-corp.com,HR,Manager,L5,CA,2021-08-24,100458,CAD
IMP-02852,Arjun,Choi,imp.02852@acme-corp.com,Engineering,Engineer,L4,IN,2017-09-22,1795277,INR
IMP-02853,Sakura,Jones,imp.02853@acme-corp.com,Sales,Analyst,L4,US,2018-01-10,198162,USD
IMP-02854,Susan,Jackson,imp.02854@acme-corp.com,Sales,Analyst,L1,CH,2021-10-08,124015,CHF
IMP-02855,Jae-won,Roux,imp.02855@acme-corp.com,Operations,Manager,L2,IE,2015-03-05,104180,EUR
IMP-02856,Jennifer,Williams,imp.02856@acme-corp.com,Finance,Analyst,L5,CA,2016-09-12,146376,CAD
IMP-02857,Zara,Song,imp.02857@acme-corp.com,Sales,Analyst,L5,KR,2020-12-26,98153806,KRW
IMP-02858,Ahmed,Thompson,imp.02858@acme-corp.com,HR,Manager,L1,PL,2015-03-31,129987,PLN
IMP-02859,Sung-min,White,imp.02859@acme-corp.com,HR,Manager,L6,FR,2017-06-15,102924,EUR
IMP-02860,Wei,Garcia,imp.02860@acme-corp.com,HR,Manager,L1,IN,2023-09-16,3357942,INR
IMP-02861,Jessica,Yang,imp.02861@acme-corp.com,Design,Designer,L2,TW,2022-02-27,2037903,TWD
IMP-02862,Mary,Liu,imp.02862@acme-corp.com,Finance,Analyst,L3,AU,2017-02-27,174800,AUD
IMP-02863,Jennifer,Michel,imp.02863@acme-corp.com,Operations,Manager,L6,HK,2017-08-22,674993,HKD
IMP-02864,Hiroshi,Miller,imp.02864@acme-corp.com,Sales,Analyst,L4,TW,2023-10-27,927811,TWD
IMP-02865,Zhang,Bernard,imp.02865@acme-corp.com,Engineering,Engineer,L6,IN,2023-12-07,4136000,INR
IMP-02866,Yuki,Moreau,imp.02866@acme-corp.com,Finance,Analyst,L4,AE,2021-01-18,466751,AED
IMP-02867,Fatima,Bernard,imp.02867@acme-corp.com,Operations,Manager,L6,JP,2021-02-08,16688728,JPY
IMP-02868,Isabel,Yoon,imp.02868@acme-corp.com,Engineering,Engineer,L3,US,2018-01-22,91434,USD
IMP-02869,Sarah,Thomas,imp.02869@acme-corp.com,HR,Manager,L6,HK,2017-08-18,818070,HKD
IMP-02870,Omar,Yang,imp.02870@acme-corp.com,Operations,Manager,L2,US,2022-03-23,185389,USD
IMP-02871,Akiko,Lee,imp.02871@acme-corp.com,Sales,Analyst,L3,NL,2016-04-03,112580,EUR
IMP-02872,Yuna,Nair,imp.02872@acme-corp.com,Operations,Manager,L6,SG,2023-04-15,146477,SGD
IMP-02873,Wei,Yoon,imp.02873@acme-corp.com,HR,Manager,L6,US,2024-02-19,117957,USD
IMP-02874,Karen,Garcia,imp.02874@acme-corp.com,Design,Designer,L5,US,2015-12-10,216850,USD
IMP-02875,Hassan,Roux,imp.02875@acme-corp.com,HR,Manager,L2,DK,2021-09-03,899117,DKK
IMP-02876,Ana,Smith,imp.02876@acme-corp.com,Engineering,Engineer,L2,KR,2021-05-30,55650079,KRW
IMP-02877,Min,Garcia,imp.02877@acme-corp.com,HR,Manager,L4,PL,2018-02-07,197552,PLN
IMP-02878,Liu,Simon,imp.02878@acme-corp.com,Operations,Manager,L3,DE,2017-02-01,68838,EUR
IMP-02879,Barbara,White,imp.02879@acme-corp.com,Engineering,Engineer,L6,FR,2018-02-18,101241,EUR
IMP-02880,Richard,Smith,imp.02880@acme-corp.com,Engineering,Engineer,L3,NL,2021-04-27,89072,EUR
IMP-02881,Liu,Lee,imp.02881@acme-corp.com,Engineering,Engineer,L6,IN,2020-08-27,1743223,INR
IMP-02882,Mei,Jones,imp.02882@acme-corp.com,Sales,Analyst,L6,DE,2021-07-16,116243,EUR
IMP-02883,Barbara,Han,imp.02883@acme-corp.com,Engineering,Engineer,L3,MX,2016-01-10,976797,MXN
IMP-02884,Sarah,Lee,imp.02884@acme-corp.com,Engineering,Engineer,L1,JP,2024-07-10,5671399,JPY
IMP-02885,Carlos,Park,imp.02885@acme-corp.com,Operations,Manager,L1,ES,2021-10-10,69899,EUR
IMP-02886,Pedro,Thompson,imp.02886@acme-corp.com,Sales,Analyst,L2,GB,2023-08-13,149606,GBP
IMP-02887,Carmen,Nair,imp.02887@acme-corp.com,HR,Manager,L1,JP,2015-03-21,16396344,JPY
IMP-02888,David,Liu,imp.02888@acme-corp.com,Sales,Analyst,L3,US,2020-10-16,171349,USD
IMP-02889,Sung-min,Garcia,imp.02889@acme-corp.com,Finance,Analyst,L4,US,2024-09-25,86644,USD
IMP-02890,Chen,White,imp.02890@acme-corp.com,Engineering,Engineer,L3,SG,2019-02-22,137674,SGD
IMP-02891,Robert,Fischer,imp.02891@acme-corp.com,Operations,Manager,L5,GB,2024-08-22,124838,GBP
IMP-02892,Jose,Choi,imp.02892@acme-corp.com,Sales,Analyst,L1,CH,2021-01-09,116611,CHF
IMP-02893,Isabel,Jackson,imp.02893@acme-corp.com,Sales,Analyst,L2,CH,2015-06-01,102253,CHF
IMP-02894,Yuki,Simon,imp.02894@acme-corp.com,Finance,Analyst,L3,DK,2024-07-30,489188,DKK
IMP-02895,Yuna,Jackson,imp.02895@acme-corp.com,Finance,Analyst,L1,DK,2023-03-14,481190,DKK
IMP-02896,Thomas,Thompson,imp.02896@acme-corp.com,Engineering,Engineer,L3,SE,2023-06-27,880850,SEK
IMP-02897,Charles,Gupta,imp.02897@acme-corp.com,Engineering,Engineer,L1,DE,2018-03-02,123213,EUR
IMP-02898,Richard,White,imp.02898@acme-corp.com,Engineering,Engineer,L5,AU,2023-12-24,176121,AUD
IMP-02899,Aisha,Garcia,imp.02899@acme-corp.com,Operations,Manager,L6,SG,2018-09-06,184466,SGD
IMP-02900,Arjun,Richter,imp.02900@acme-corp.com,Operations,Manager,L3,SE,2021-06-14,475921,SEK
IMP-02901,Akiko,Lim,imp.02901@acme-corp.com,Sales,Analyst,L1,GB,2015-04-22,51161,GBP
IMP-02902,Luis,Moore,imp.02902@acme-corp.com,Engineering,Engineer,L5,ZA,2016-06-27,580812,ZAR
IMP-02903,Zara,Zhang,imp.02903@acme-corp.com,HR,Manager,L1,US,2024-01-22,127977,USD
IMP-02904,Priya,Sharma,imp.02904@acme-corp.com,Design,Designer,L5,DE,2015-02-13,74199,EUR
IMP-02905,Liu,Zhang,imp.02905@acme-corp.com,HR,Manager,L1,DE,2024-11-19,64644,EUR
IMP-02906,Fatima,Jones,imp.02906@acme-corp.com,Finance,Analyst,L3,GB,2016-11-02,150107,GBP
IMP-02907,Karen,Wang,imp.02907@acme-corp.com,Sales,Analyst,L5,NL,2019-02-01,112970,EUR
IMP-02908,Hassan,Mehta,imp.02908@acme-corp.com,Operations,Manager,L6,GB,2016-02-10,93831,GBP
IMP-02909,Mary,White,imp.02909@acme-corp.com,Finance,Analyst,L5,IN,2018-07-27,3371787,INR
IMP-02910,Yusuf,Han,imp.02910@acme-corp.com,Sales,Analyst,L3,KR,2022-08-26,43580294,KRW
IMP-02911,Rosa,Laurent,imp.02911@acme-corp.com,Sales,Analyst,L1,IN,2018-10-05,3666581,INR
IMP-02912,Ana,Jackson,imp.02912@acme-corp.com,Engineering,Engineer,L5,ZA,2023-04-23,1204496,ZAR
IMP-02913,Zhang,Roux,imp.02913@acme-corp.com,Engineering,Engineer,L3,SE,2018-10-15,953585,SEK
IMP-02914,David,Chen,imp.02914@acme-corp.com,Engineering,Engineer,L2,CA,2020-05-31,66079,CAD
IMP-02915,Barbara,Lee,imp.02915@acme-corp.com,Operations,Manager,L3,NO,2016-07-21,470313,NOK
IMP-02916,Charles,Weber,imp.02916@acme-corp.com,Engineering,Engineer,L4,FR,2017-09-26,78530,EUR
IMP-02917,Sung-min,Xu,imp.02917@acme-corp.com,Operations,Manager,L4,KR,2021-12-05,93731074,KRW
IMP-02918,Rahul,Taylor,imp.02918@acme-corp.com,Sales,Analyst,L5,AU,2016-05-17,140477,AUD
IMP-02919,Sung-min,White,imp.02919@acme-corp.com,Sales,Analyst,L5,IN,2016-11-20,2089628,INR
IMP-02920,Carmen,Wu,imp.02920@acme-corp.com,Design,Designer,L6,DK,2019-10-22,531155,DKK
IMP-02921,Karen,Bernard,imp.02921@acme-corp.com,Operations,Manager,L3,NO,2023-08-13,806097,NOK
IMP-02922,Isabel,Liu,imp.02922@acme-corp.com,Engineering,Engineer,L6,TW,2024-06-29,1437997,TWD
IMP-02923,Hassan,Han,imp.02923@acme-corp.com,Sales,Analyst,L3,JP,2020-03-01,16779087,JPY
IMP-02924,Kenji,Richter,imp.02924@acme-corp.com,Operations,Manager,L4,GB,2019-11-12,93086,GBP
IMP-02925,Pedro,Williams,imp.02925@acme-corp.com,Operations,Manager,L1,US,2018-09-08,121884,USD
IMP-02926,Ana,Garcia,imp.02926@acme-corp.com,Engineering,Engineer,L3,GB,2022-05-26,114481,GBP
IMP-02927,Chen,Smith,imp.02927@acme-corp.com,Engineering,Engineer,L2,HK,2022-01-19,1025268,HKD
IMP-02928,Liu,Choi,imp.02928@acme-corp.com,Operations,Manager,L4,US,2017-06-27,90447,USD
IMP-02929,Karen,Hernandez,imp.02929@acme-corp.com,Sales,Analyst,L5,IN,2016-05-31,1548281,INR
IMP-02930,Elizabeth,Braun,imp.02930@acme-corp.com,Operations,Manager,L6,CH,2016-11-26,164308,CHF
IMP-02931,Karen,Davis,imp.02931@acme-corp.com,Sales,Analyst,L3,US,2015-12-08,99757,USD
IMP-02932,Jose,Yoon,imp.02932@acme-corp.com,Engineering,Engineer,L6,NO,2022-07-25,1133932,NOK
IMP-02933,Sakura,Moore,imp.02933@acme-corp.com,Finance,Analyst,L2,US,2021-06-27,61779,USD
IMP-02934,Sakura,Dupont,imp.02934@acme-corp.com,Engineering,Engineer,L4,TW,2024-03-03,1470950,TWD
IMP-02935,Pedro,Chen,imp.02935@acme-corp.com,Engineering,Engineer,L2,JP,2020-07-06,17153127,JPY
IMP-02936,Elizabeth,Miller,imp.02936@acme-corp.com,Engineering,Engineer,L4,US,2022-09-04,117421,USD
IMP-02937,Rosa,Zhou,imp.02937@acme-corp.com,Design,Designer,L5,ZA,2019-11-27,970755,ZAR
IMP-02938,Omar,Braun,imp.02938@acme-corp.com,Sales,Analyst,L2,ZA,2021-03-16,708348,ZAR
IMP-02939,Nancy,Thompson,imp.02939@acme-corp.com,Engineering,Engineer,L1,US,2019-01-19,90362,USD
IMP-02940,Mei,Zhou,imp.02940@acme-corp.com,Operations,Manager,L6,TW,2023-08-05,2795392,TWD
IMP-02941,Ana,Yang,imp.02941@acme-corp.com,Sales,Analyst,L2,TW,2021-06-20,1011196,TWD
IMP-02942,Mary,Jung,imp.02942@acme-corp.com,Finance,Analyst,L6,DK,2018-11-26,411805,DKK
IMP-02943,Yuna,Jackson,imp.02943@acme-corp.com,Engineering,Engineer,L4,US,2019-05-29,88639,USD
IMP-02944,Hiroshi,Zhang,imp.02944@acme-corp.com,Operations,Manager,L3,DK,2024-12-06,811413,DKK
IMP-02945,Layla,Huang,imp.02945@acme-corp.com,Engineering,Engineer,L3,TW,2024-05-30,1893731,TWD
IMP-02946,Takeshi,Yoon,imp.02946@acme-corp.com,Engineering,Engineer,L1,GB,2023-05-10,69183,GBP
IMP-02947,Luis,Martinez,imp.02947@acme-corp.com,Finance,Analyst,L2,US,2016-07-14,198395,USD
IMP-02948,Chen,Jones,imp.02948@acme-corp.com,Sales,Analyst,L5,US,2015-11-21,62109,USD
IMP-02949,Karen,Thompson,imp.02949@acme-corp.com,Operations,Manager,L5,SE,2019-07-26,688557,SEK
IMP-02950,Omar,Garcia,imp.02950@acme-corp.com,Engineering,Engineer,L6,CA,2017-09-08,137405,CAD
IMP-02951,Rosa,Lee,imp.02951@acme-corp.com,Engineering,Engineer,L2,GB,2022-03-12,142211,GBP
IMP-02952,Kenji,Mehta,imp.02952@acme-corp.com,Engineering,Engineer,L4,TW,2021-08-21,1302238,TWD
IMP-02953,Joseph,Klein,imp.02953@acme-corp.com,HR,Manager,L1,US,2016-03-22,192045,USD
IMP-02954,Min,Roux,imp.02954@acme-corp.com,Engineering,Engineer,L2,KR,2024-02-02,66780029,KRW
IMP-02955,Jennifer,Kang,imp.02955@acme-corp.com,Finance,Analyst,L3,PL,2017-08-13,174673,PLN
IMP-02956,Jae-won,Han,imp.02956@acme-corp.com,Operations,Manager,L5,JP,2021-04-07,9740493,JPY
IMP-02957,Fatima,Martinez,imp.02957@acme-corp.com,Sales,Analyst,L6,SG,2018-07-06,194106,SGD
IMP-02958,Priya,Kim,imp.02958@acme-corp.com,Design,Designer,L2,KR,2021-01-23,109813553,KRW
IMP-02959,Sung-min,Wang,imp.02959@acme-corp.com,Sales,Analyst,L5,IN,2017-02-21,3209154,INR
IMP-02960,Michael,Schmidt,imp.02960@acme-corp.com,Sales,Analyst,L5,JP,2024-04-03,11352406,JPY
IMP-02961,Jose,Dupont,imp.02961@acme-corp.com,Engineering,Engineer,L1,US,2018-05-08,194054,USD
IMP-02962,Arjun,Smith,imp.02962@acme-corp.com,Engineering,Engineer,L1,JP,2024-10-06,4028357,JPY
IMP-02963,Rosa,Martin,imp.02963@acme-corp.com,Operations,Manager,L2,SG,2020-03-20,98422,SGD
IMP-02964,Elizabeth,Choi,imp.02964@acme-corp.com,Operations,Manager,L1,IN,2020-07-22,3664902,INR
IMP-02965,Zara,Song,imp.02965@acme-corp.com,Engineering,Engineer,L4,AU,2021-09-24,78486,AUD
IMP-02966,Mei,Park,imp.02966@acme-corp.com,HR,Manager,L1,AU,2017-07-26,180887,AUD
IMP-02967,Karen,Thompson,imp.02967@acme-corp.com,HR,Manager,L4,SE,2015-07-26,627752,SEK
IMP-02968,Liu,Jackson,imp.02968@acme-corp.com,Design,Designer,L4,DK,2022-03-05,1007039,DKK
IMP-02969,Michael,Hoffmann,imp.02969@acme-corp.com,HR,Manager,L5,FR,2018-03-11,114898,EUR
IMP-02970,Carlos,Park,imp.02970@acme-corp.com,Operations,Manager,L5,GB,2018-07-22,142612,GBP
IMP-02971,Sarah,Martin,imp.02971@acme-corp.com,Sales,Analyst,L5,US,2018-06-13,129407,USD
IMP-02972,Sakura,Schulz,imp.02972@acme-corp.com,Engineering,Engineer,L6,HK,2020-10-18,682919,HKD
IMP-02973,Wei,Kumar,imp.02973@acme-corp.com,Sales,Analyst,L1,US,2021-04-30,150019,USD
IMP-02974,Zara,Xu,imp.02974@acme-corp.com,Finance,Analyst,L5,CA,2020-07-13,131136,CAD
IMP-02975,Arjun,Garcia,imp.02975@acme-corp.com,Finance,Analyst,L5,GB,2019-04-10,64369,GBP
IMP-02976,Jose,David,imp.02976@acme-corp.com,Sales,Analyst,L4,AE,2024-08-13,412422,AED
IMP-02977,Richard,Anderson,imp.02977@acme-corp.com,Operations,Manager,L1,SG,2016-05-27,167903,SGD
IMP-02978,Pedro,Dupont,imp.02978@acme-corp.com,Sales,Analyst,L1,NL,2017-09-17,149243,EUR
IMP-02979,Maria,Lee,imp.02979@acme-corp.com,HR,Manager,L1,GB,2019-03-25,74315,GBP
IMP-02980,Aisha,Li,imp.02980@acme-corp.com,Sales,Analyst,L2,TW,2016-03-02,3182708,TWD
IMP-02981,Francisco,Dupont,imp.02981@acme-corp.com,Engineering,Engineer,L5,IN,2017-06-26,3395037,INR
IMP-02982,Hassan,Braun,imp.02982@acme-corp.com,Engineering,Engineer,L4,US,2018-08-16,60856,USD
IMP-02983,William,Nair,imp.02983@acme-corp.com,Operations,Manager,L6,IE,2022-09-11,67048,EUR
IMP-02984,Jae-won,Jung,imp.02984@acme-corp.com,Sales,Analyst,L6,GB,2018-01-06,123227,GBP
IMP-02985,Rahul,Miller,imp.02985@acme-corp.com,Operations,Manager,L1,GB,2024-03-31,113430,GBP
IMP-02986,Min,Pillai,imp.02986@acme-corp.com,Engineering,Engineer,L2,IN,2016-01-10,3857425,INR
IMP-02987,Wei,Williams,imp.02987@acme-corp.com,Finance,Analyst,L5,DK,2021-09-07,741297,DKK
IMP-02988,Sarah,Dupont,imp.02988@acme-corp.com,Engineering,Engineer,L6,NO,2021-09-22,1171900,NOK
IMP-02989,Isabel,Simon,imp.02989@acme-corp.com,Engineering,Engineer,L2,NL,2018-02-19,127243,EUR
IMP-02990,William,Xu,imp.02990@acme-corp.com,Engineering,Engineer,L1,MX,2022-08-21,454873,MXN
IMP-02991,Ananya,Wu,imp.02991@acme-corp.com,Operations,Manager,L5,AU,2016-12-02,178313,AUD
IMP-02992,Mei,Brown,imp.02992@acme-corp.com,Engineering,Engineer,L3,CH,2022-08-17,189283,CHF
IMP-02993,William,Johnson,imp.02993@acme-corp.com,Sales,Analyst,L5,NL,2018-06-28,100869,EUR
IMP-02994,Hiroshi,Hoffmann,imp.02994@acme-corp.com,Sales,Analyst,L4,HK,2022-06-24,898503,HKD
IMP-02995,Jose,Miller,imp.02995@acme-corp.com,Finance,Analyst,L4,FR,2024-06-20,60461,EUR
IMP-02996,Sung-min,Han,imp.02996@acme-corp.com,Operations,Manager,L6,SG,2018-11-20,161222,SGD
IMP-02997,Sarah,Lee,imp.02997@acme-corp.com,HR,Manager,L3,GB,2016-05-11,60138,GBP
IMP-02998,Omar,Laurent,imp.02998@acme-corp.com,Engineering,Engineer,L3,TW,2024-09-16,2447587,TWD
IMP-02999,Pedro,Park,imp.02999@acme-corp.com,Engineering,Engineer,L3,CA,2015-02-04,96047,CAD
IMP-03000,Nancy,Schulz,imp.03000@acme-corp.com,Engineering,Engineer,L3,US,2020-02-25,143398,USD
IMP-03001,Elizabeth,Müller,imp.03001@acme-corp.com,Engineering,Engineer,L2,GB,2022-06-21,65870,GBP
IMP-03002,Liu,Schmidt,imp.03002@acme-corp.com,Finance,Analyst,L2,CH,2022-03-19,186902,CHF
IMP-03003,Francisco,Braun,imp.03003@acme-corp.com,Engineering,Engineer,L2,US,2018-03-11,88462,USD
IMP-03004,Akiko,Zhang,imp.03004@acme-corp.com,Engineering,Engineer,L2,DE,2015-11-10,70654,EUR
IMP-03005,Zara,Park,imp.03005@acme-corp.com,Finance,Analyst,L2,MX,2018-04-13,435750,MXN
IMP-03006,Isabel,Hernandez,imp.03006@acme-corp.com,Finance,Analyst,L5,SG,2018-03-20,84816,SGD
IMP-03007,Francisco,Schulz,imp.03007@acme-corp.com,Finance,Analyst,L3,AU,2021-12-04,161712,AUD
IMP-03008,Joseph,Thompson,imp.03008@acme-corp.com,Finance,Analyst,L6,IN,2017-12-30,1273995,INR
IMP-03009,Wei,Becker,imp.03009@acme-corp.com,Sales,Analyst,L5,IE,2018-04-04,106527,EUR
IMP-03010,Luis,Jones,imp.03010@acme-corp.com,Operations,Manager,L5,US,2020-03-24,180276,USD
IMP-03011,Mary,Yoon,imp.03011@acme-corp.com,Operations,Manager,L4,GB,2020-11-20,83883,GBP
IMP-03012,Rahul,Kang,imp.03012@acme-corp.com,HR,Manager,L2,DE,2021-12-21,52227,EUR
IMP-03013,Rahul,Hoffmann,imp.03013@acme-corp.com,Finance,Analyst,L1,GB,2019-05-08,117571,GBP
IMP-03014,Patricia,Lim,imp.03014@acme-corp.com,Finance,Analyst,L5,CA,2016-01-23,72868,CAD
IMP-03015,Fatima,Garcia,imp.03015@acme-corp.com,Operations,Manager,L5,US,2024-10-06,192695,USD
IMP-03016,Barbara,Pillai,imp.03016@acme-corp.com,Operations,Manager,L3,MX,2018-06-16,678803,MXN
IMP-03017,Isabel,Dupont,imp.03017@acme-corp.com,HR,Manager,L2,PL,2022-02-18,184139,PLN
IMP-03018,Mary,Thompson,imp.03018@acme-corp.com,Engineering,Engineer,L2,PL,2016-04-06,228838,PLN
IMP-03019,Thomas,Martinez,imp.03019@acme-corp.com,Operations,Manager,L1,FR,2021-06-12,52679,EUR
IMP-03020,Priya,Lee,imp.03020@acme-corp.com,Finance,Analyst,L1,TW,2016-03-08,3396977,TWD
IMP-03021,Takeshi,Laurent,imp.03021@acme-corp.com,Engineering,Engineer,L3,IE,2023-03-22,68793,EUR
IMP-03022,Ibrahim,Joshi,imp.03022@acme-corp.com,Design,Designer,L2,CA,2021-02-21,82969,CAD
IMP-03023,Carmen,Han,imp.03023@acme-corp.com,Engineering,Engineer,L2,NO,2022-02-14,937481,NOK
IMP-03024,Karen,Li,imp.03024@acme-corp.com,HR,Manager,L4,AE,2023-01-18,308569,AED
IMP-03025,Akiko,Zhou,imp.03025@acme-corp.com,Engineering,Engineer,L2,CA,2021-04-20,75396,CAD
IMP-03026,Ananya,Kumar,imp.03026@acme-corp.com,Finance,Analyst,L3,HK,2022-05-01,414817,HKD
IMP-03027,Ji-young,Kang,imp.03027@acme-corp.com,Engineering,Engineer,L6,US,2016-07-15,69364,USD
IMP-03028,Sarah,Weber,imp.03028@acme-corp.com,Operations,Manager,L6,IN,2021-12-28,4026079,INR
IMP-03029,Robert,White,imp.03029@acme-corp.com,Engineering,Engineer,L5,PL,2020-05-14,235608,PLN
IMP-03030,Ana,Schulz,imp.03030@acme-corp.com,Finance,Analyst,L3,US,2022-02-27,206563,USD
IMP-03031,Ana,Moore,imp.03031@acme-corp.com,Engineering,Engineer,L5,NO,2015-12-23,739962,NOK
IMP-03032,Thomas,Martin,imp.03032@acme-corp.com,Operations,Manager,L6,GB,2016-01-21,92519,GBP
IMP-03033,Thomas,Michel,imp.03033@acme-corp.com,Finance,Analyst,L5,US,2016-09-10,152404,USD
IMP-03034,Ananya,Yoon,imp.03034@acme-corp.com,HR,Manager,L2,FR,2018-10-27,83221,EUR
IMP-03035,Sakura,Fischer,imp.03035@acme-corp.com,Operations,Manager,L5,IN,2021-06-28,3774908,INR
IMP-03036,Yuki,Moreau,imp.03036@acme-corp.com,Engineering,Engineer,L3,JP,2023-08-05,13979192,JPY
IMP-03037,Sakura,Moore,imp.03037@acme-corp.com,Finance,Analyst,L2,DE,2019-07-24,83321,EUR
IMP-03038,Carmen,Müller,imp.03038@acme-corp.com,Engineering,Engineer,L4,TW,2021-04-17,1952607,TWD
IMP-03039,Carlos,Yoon,imp.03039@acme-corp.com,Engineering,Engineer,L2,GB,2015-08-15,96723,GBP
IMP-03040,Thomas,Simon,imp.03040@acme-corp.com,Engineering,Engineer,L5,CH,2015-11-10,132439,CHF
IMP-03041,Mary,White,imp.03041@acme-corp.com,Engineering,Engineer,L6,MX,2015-10-03,1027802,MXN
IMP-03042,Chen,Mehta,imp.03042@acme-corp.com,Engineering,Engineer,L6,GB,2017-07-08,98222,GBP
IMP-03043,Chen,Chen,imp.03043@acme-corp.com,Engineering,Engineer,L5,NL,2020-01-12,58933,EUR
IMP-03044,Jessica,David,imp.03044@acme-corp.com,Operations,Manager,L5,HK,2020-05-02,396227,HKD
IMP-03045,Zhang,Moore,imp.03045@acme-corp.com,Engineering,Engineer,L1,TW,2017-01-10,1175020,TWD
IMP-03046,Akiko,Jackson,imp.03046@acme-corp.com,Engineering,Engineer,L4,SG,2023-04-17,144316,SGD
IMP-03047,Jessica,Garcia,imp.03047@acme-corp.com,Finance,Analyst,L3,DK,2023-06-29,668558,DKK
IMP-03048,Joseph,Xu,imp.03048@acme-corp.com,Operations,Manager,L5,DE,2020-08-13,87071,EUR
IMP-03049,Pedro,Kang,imp.03049@acme-corp.com,Sales,Analyst,L2,CH,2021-07-02,151916,CHF
IMP-03050,Layla,Laurent,imp.03050@acme-corp.com,Sales,Analyst,L2,KR,2015-08-11,81897001,KRW
IMP-03051,Ibrahim,Lee,imp.03051@acme-corp.com,Operations,Manager,L1,ZA,2024-12-11,578185,ZAR
IMP-03052,Jessica,Klein,imp.03052@acme-corp.com,Engineering,Engineer,L5,US,2020-01-20,83014,USD
IMP-03053,Hiroshi,Hernandez,imp.03053@acme-corp.com,Finance,Analyst,L5,JP,2022-11-14,14838663,JPY
IMP-03054,Chen,Garcia,imp.03054@acme-corp.com,Engineering,Engineer,L6,FR,2019-05-06,143300,EUR
IMP-03055,Jennifer,Kumar,imp.03055@acme-corp.com,Sales,Analyst,L4,MX,2023-04-16,892097,MXN
IMP-03056,Zhang,Moore,imp.03056@acme-corp.com,Finance,Analyst,L6,IE,2024-04-12,77801,EUR
IMP-03057,Sarah,Wang,imp.03057@acme-corp.com,Operations,Manager,L2,IN,2019-09-04,2867066,INR
IMP-03058,Carmen,Moore,imp.03058@acme-corp.com,Engineering,Engineer,L5,CA,2017-01-26,75679,CAD
IMP-03059,Ananya,Huang,imp.03059@acme-corp.com,Engineering,Engineer,L4,AU,2018-02-17,181239,AUD
IMP-03060,Thomas,Jackson,imp.03060@acme-corp.com,Sales,Analyst,L3,DK,2015-09-03,954480,DKK
IMP-03061,Joseph,Gupta,imp.03061@acme-corp.com,Engineering,Engineer,L3,ES,2020-01-07,107139,EUR
IMP-03062,Pedro,David,imp.03062@acme-corp.com,HR,Manager,L2,JP,2018-06-30,16013811,JPY
IMP-03063,Takeshi,Wu,imp.03063@acme-corp.com,Operations,Manager,L6,SE,2024-08-31,883194,SEK
IMP-03064,Richard,David,imp.03064@acme-corp.com,Operations,Manager,L1,US,2019-07-07,67834,USD
IMP-03065,Susan,Garcia,imp.03065@acme-corp.com,Design,Designer,L2,IN,2019-11-23,3018283,INR
IMP-03066,Sung-min,Roux,imp.03066@acme-corp.com,HR,Manager,L3,AU,2021-05-09,147577,AUD
IMP-03067,Zhang,Simon,imp.03067@acme-corp.com,Finance,Analyst,L5,NO,2019-01-03,1251178,NOK
IMP-03068,Susan,Miller,imp.03068@acme-corp.com,Operations,Manager,L2,US,2020-04-01,94644,USD
IMP-03069,Rosa,Song,imp.03069@acme-corp.com,HR,Manager,L5,NO,2022-11-05,812331,NOK
IMP-03070,Susan,Laurent,imp.03070@acme-corp.com,Engineering,Engineer,L3,KR,2020-07-24,47027032,KRW
IMP-03071,Barbara,Choi,imp.03071@acme-corp.com,Sales,Analyst,L4,NL,2023-05-13,138594,EUR
IMP-03072,Zhang,Garcia,imp.03072@acme-corp.com,Finance,Analyst,L4,DE,2017-02-18,132428,EUR
IMP-03073,Jennifer,Martin,imp.03073@acme-corp.com,HR,Manager,L1,KR,2016-07-29,126678158,KRW
IMP-03074,Arjun,Kang,imp.03074@acme-corp.com,Finance,Analyst,L5,DE,2015-05-28,115297,EUR
IMP-03075,Min,Dupont,imp.03075@acme-corp.com,Engineering,Engineer,L3,US,2024-08-04,181435,USD
IMP-03076,Liu,Choi,imp.03076@acme-corp.com,Engineering,Engineer,L5,JP,2019-06-15,7508188,JPY
IMP-03077,Rahul,Dupont,imp.03077@acme-corp.com,Engineering,Engineer,L5,DK,2015-06-13,529027,DKK
IMP-03078,Barbara,Laurent,imp.03078@acme-corp.com,Sales,Analyst,L5,US,2015-07-28,186674,USD
IMP-03079,Jose,Garcia,imp.03079@acme-corp.com,HR,Manager,L6,IE,2023-05-07,87994,EUR
IMP-03080,Yuna,Lim,imp.03080@acme-corp.com,Engineering,Engineer,L4,US,2023-03-31,76992,USD
IMP-03081,Zhang,Wilson,imp.03081@acme-corp.com,Operations,Manager,L4,ES,2021-04-03,116129,EUR
IMP-03082,Ji-young,Kang,imp.03082@acme-corp.com,Operations,Manager,L4,IN,2021-12-30,4123233,INR
IMP-03083,Ahmed,Bernard,imp.03083@acme-corp.com,Sales,Analyst,L2,HK,2024-12-18,845327,HKD
IMP-03084,Isabel,Choi,imp.03084@acme-corp.com,Operations,Manager,L5,ZA,2020-02-14,817535,ZAR
IMP-03085,Priya,Zhou,imp.03085@acme-corp.com,Engineering,Engineer,L4,PL,2022-04-01,87878,PLN
IMP-03086,Nancy,Smith,imp.03086@acme-corp.com,Engineering,Engineer,L4,KR,2019-02-20,115487007,KRW
IMP-03087,Kenji,Choi,imp.03087@acme-corp.com,Design,Designer,L6,US,2017-11-26,167431,USD
IMP-03088,Ana,Bernard,imp.03088@acme-corp.com,Operations,Manager,L4,HK,2015-02-07,539396,HKD
IMP-03089,Rahul,Song,imp.03089@acme-corp.com,Engineering,Engineer,L1,GB,2018-05-29,134590,GBP
IMP-03090,Charles,Jackson,imp.03090@acme-corp.com,Sales,Analyst,L6,DE,2019-07-29,123338,EUR
IMP-03091,Sung-min,Liu,imp.03091@acme-corp.com,Design,Designer,L1,DE,2017-09-04,113950,EUR
IMP-03092,Ana,Williams,imp.03092@acme-corp.com,HR,Manager,L4,NO,2021-03-15,522601,NOK
IMP-03093,Omar,Weber,imp.03093@acme-corp.com,HR,Manager,L1,HK,2020-05-03,496584,HKD
IMP-03094,Yusuf,Garcia,imp.03094@acme-corp.com,Finance,Analyst,L3,DK,2016-12-28,627583,DKK
IMP-03095,Yuna,Garcia,imp.03095@acme-corp.com,Sales,Analyst,L1,DE,2024-01-04,66723,EUR
IMP-03096,Mary,Laurent,imp.03096@acme-corp.com,Engineering,Engineer,L2,NL,2018-02-22,74519,EUR
IMP-03097,Isabel,Williams,imp.03097@acme-corp.com,Engineering,Engineer,L4,FR,2018-10-05,130960,EUR
IMP-03098,Jennifer,Garcia,imp.03098@acme-corp.com,Finance,Analyst,L6,DK,2018-01-04,486955,DKK
IMP-03099,Ananya,Gupta,imp.03099@acme-corp.com,Finance,Analyst,L4,NO,2022-11-07,708478,NOK
IMP-03100,Robert,Bernard,imp.03100@acme-corp.com,HR,Manager,L5,GB,2017-08-20,106684,GBP
IMP-03101,Nancy,Mehta,imp.03101@acme-corp.com,Sales,Analyst,L3,HK,2024-05-14,590426,HKD
IMP-03102,Jae-won,Taylor,imp.03102@acme-corp.com,Sales,Analyst,L2,ES,2019-06-17,102530,EUR
IMP-03103,Omar,Garcia,imp.03103@acme-corp.com,Operations,Manager,L4,DE,2024-05-21,79955,EUR
IMP-03104,Sung-min,Johnson,imp.03104@acme-corp.com,HR,Manager,L4,AU,2019-09-21,116897,AUD
IMP-03105,Pedro,Martin,imp.03105@acme-corp.com,HR,Manager,L5,CH,2021-10-04,96274,CHF
IMP-03106,Yusuf,Moreau,imp.03106@acme-corp.com,Finance,Analyst,L5,US,2015-11-15,176418,USD
IMP-03107,Fatima,Yang,imp.03107@acme-corp.com,Sales,Analyst,L1,ES,2016-09-01,130770,EUR
IMP-03108,Nancy,Yoon,imp.03108@acme-corp.com,Finance,Analyst,L1,TW,2019-05-30,3295726,TWD
IMP-03109,Charles,Hernandez,imp.03109@acme-corp.com,Engineering,Engineer,L6,AU,2021-06-28,187221,AUD
IMP-03110,Richard,Nair,imp.03110@acme-corp.com,Sales,Analyst,L4,AE,2019-01-09,522608,AED
IMP-03111,Luis,Chen,imp.03111@acme-corp.com,Design,Designer,L3,ES,2017-01-02,74286,EUR
IMP-03112,Karen,Smith,imp.03112@acme-corp.com,Finance,Analyst,L1,US,2017-01-27,117889,USD
IMP-03113,Hiroshi,Sharma,imp.03113@acme-corp.com,Finance,Analyst,L3,AE,2017-11-13,298753,AED
IMP-03114,Min,Anderson,imp.03114@acme-corp.com,Engineering,Engineer,L1,NL,2016-12-03,82831,EUR
IMP-03115,Rosa,Mehta,imp.03115@acme-corp.com,Sales,Analyst,L6,DE,2021-08-20,133879,EUR
IMP-03116,Isabel,Lim,imp.03116@acme-corp.com,HR,Manager,L2,CA,2017-02-18,146452,CAD
IMP-03117,Sung-min,Martin,imp.03117@acme-corp.com,Finance,Analyst,L1,US,2021-12-06,172979,USD
IMP-03118,Jae-won,Hernandez,imp.03118@acme-corp.com,Design,Designer,L4,ES,2022-03-24,135510,EUR
IMP-03119,Sakura,Lim,imp.03119@acme-corp.com,Engineering,Engineer,L6,PL,2020-12-10,161531,PLN
IMP-03120,Robert,Michel,imp.03120@acme-corp.com,Finance,Analyst,L6,IN,2024-12-08,3734870,INR
IMP-03121,Linda,Singh,imp.03121@acme-corp.com,Operations,Manager,L6,CA,2018-06-29,68389,CAD
IMP-03122,Linda,Kim,imp.03122@acme-corp.com,Sales,Analyst,L2,DE,2017-10-10,55457,EUR
IMP-03123,Mary,Kim,imp.03123@acme-corp.com,Engineering,Engineer,L5,CH,2018-09-03,171524,CHF
IMP-03124,Carmen,Roux,imp.03124@acme-corp.com,Finance,Analyst,L5,AE,2024-06-12,338586,AED
IMP-03125,Liu,Smith,imp.03125@acme-corp.com,Sales,Analyst,L1,SG,2024-12-20,164794,SGD
IMP-03126,Ibrahim,Richter,imp.03126@acme-corp.com,Engineering,Engineer,L3,SG,2024-04-19,141840,SGD
IMP-03127,Sakura,Bernard,imp.03127@acme-corp.com,Sales,Analyst,L3,DE,2021-06-30,106361,EUR
IMP-03128,Michael,Moore,imp.03128@acme-corp.com,Finance,Analyst,L1,TW,2017-05-14,1619786,TWD
IMP-03129,Ana,Han,imp.03129@acme-corp.com,Operations,Manager,L2,ES,2022-11-21,77828,EUR
IMP-03130,Maria,Sharma,imp.03130@acme-corp.com,Engineering,Engineer,L1,NL,2022-06-23,84348,EUR
IMP-03131,Kenji,Kang,imp.03131@acme-corp.com,Sales,Analyst,L1,IN,2016-10-23,2144738,INR
IMP-03132,Mary,Han,imp.03132@acme-corp.com,Design,Designer,L2,US,2022-09-18,214241,USD
IMP-03133,Hiroshi,Choi,imp.03133@acme-corp.com,Finance,Analyst,L2,ES,2016-02-15,125593,EUR
IMP-03134,Sung-min,Yoon,imp.03134@acme-corp.com,Engineering,Engineer,L4,ES,2019-06-27,76131,EUR
IMP-03135,Kenji,Moreau,imp.03135@acme-corp.com,Design,Designer,L4,SG,2016-07-10,193058,SGD
IMP-03136,Charles,Garcia,imp.03136@acme-corp.com,Finance,Analyst,L1,US,2022-03-02,204772,USD
IMP-03137,Yuna,Patel,imp.03137@acme-corp.com,Finance,Analyst,L4,US,2023-09-02,71656,USD
IMP-03138,Robert,Thompson,imp.03138@acme-corp.com,Operations,Manager,L5,NO,2021-11-24,1072610,NOK
IMP-03139,Jennifer,Garcia,imp.03139@acme-corp.com,Sales,Analyst,L4,US,2018-11-27,199610,USD
IMP-03140,Zara,Huang,imp.03140@acme-corp.com,Operations,Manager,L3,SG,2017-02-26,122734,SGD
IMP-03141,Carlos,Klein,imp.03141@acme-corp.com,Sales,Analyst,L2,NO,2017-08-31,749893,NOK
IMP-03142,Charles,Wu,imp.03142@acme-corp.com,Engineering,Engineer,L5,IE,2016-10-23,52006,EUR
IMP-03143,Arjun,Kang,imp.03143@acme-corp.com,Engineering,Engineer,L3,SE,2018-12-07,1066060,SEK
IMP-03144,Sung-min,Yoon,imp.03144@acme-corp.com,Design,Designer,L1,SE,2023-12-12,1180455,SEK
IMP-03145,Patricia,White,imp.03145@acme-corp.com,Sales,Analyst,L1,HK,2022-09-09,523211,HKD
IMP-03146,Hiroshi,Lee,imp.03146@acme-corp.com,Sales,Analyst,L5,CH,2019-08-05,164188,CHF
IMP-03147,Jose,Moore,imp.03147@acme-corp.com,Finance,Analyst,L2,ES,2023-02-03,88175,EUR
IMP-03148,Yusuf,Roux,imp.03148@acme-corp.com,Sales,Analyst,L3,US,2015-06-07,156231,USD
IMP-03149,Michael,Schulz,imp.03149@acme-corp.com,Finance,Analyst,L6,US,2015-06-25,179965,USD
IMP-03150,Omar,Williams,imp.03150@acme-corp.com,HR,Manager,L4,DE,2015-10-03,90595,EUR
IMP-03151,Takeshi,Song,imp.03151@acme-corp.com,Operations,Manager,L3,AU,2021-11-02,113630,AUD
IMP-03152,Richard,Park,imp.03152@acme-corp.com,Engineering,Engineer,L1,DE,2016-05-10,132427,EUR
IMP-03153,Carmen,Laurent,imp.03153@acme-corp.com,Operations,Manager,L6,NL,2019-09-03,56162,EUR
IMP-03154,Priya,Smith,imp.03154@acme-corp.com,Finance,Analyst,L3,KR,2020-01-20,108152715,KRW
IMP-03155,Elizabeth,Wang,imp.03155@acme-corp.com,HR,Manager,L5,NO,2021-10-07,1280193,NOK
IMP-03156,Ananya,Williams,imp.03156@acme-corp.com,Engineering,Engineer,L1,TW,2024-12-05,3226932,TWD
IMP-03157,Sakura,Martin,imp.03157@acme-corp.com,Finance,Analyst,L2,US,2024-08-22,197230,USD
IMP-03158,Ji-young,Patel,imp.03158@acme-corp.com,Sales,Analyst,L3,US,2024-02-29,182039,USD
IMP-03159,Yusuf,Han,imp.03159@acme-corp.com,Engineering,Engineer,L2,IN,2018-11-27,1487567,INR
IMP-03160,Layla,Smith,imp.03160@acme-corp.com,Engineering,Engineer,L6,US,2020-11-25,211877,USD
IMP-03161,David,Thomas,imp.03161@acme-corp.com,Sales,Analyst,L1,AE,2017-02-15,502465,AED
IMP-03162,Susan,Park,imp.03162@acme-corp.com,Operations,Manager,L6,FR,2019-11-29,76133,EUR
IMP-03163,Maria,Gupta,imp.03163@acme-corp.com,Engineering,Engineer,L5,AU,2016-05-12,144965,AUD
IMP-03164,Omar,Fischer,imp.03164@acme-corp.com,Engineering,Engineer,L4,DK,2023-09-08,742257,DKK
IMP-03165,Arjun,Yang,imp.03165@acme-corp.com,Finance,Analyst,L3,HK,2022-06-03,1000056,HKD
IMP-03166,Yuki,Simon,imp.03166@acme-corp.com,Sales,Analyst,L1,AE,2017-06-14,501945,AED
IMP-03167,Takeshi,Becker,imp.03167@acme-corp.com,Operations,Manager,L5,KR,2021-05-07,45727274,KRW
IMP-03168,Linda,Jung,imp.03168@acme-corp.com,Engineering,Engineer,L4,CH,2018-11-28,129114,CHF
IMP-03169,Susan,Choi,imp.03169@acme-corp.com,Operations,Manager,L4,ZA,2022-05-30,1340688,ZAR
IMP-03170,Liu,Lee,imp.03170@acme-corp.com,Finance,Analyst,L5,IN,2016-09-25,1104599,INR
IMP-03171,Aisha,Müller,imp.03171@acme-corp.com,HR,Manager,L6,DE,2020-11-11,86292,EUR
IMP-03172,Thomas,Zhang,imp.03172@acme-corp.com,Engineering,Engineer,L6,AU,2017-10-13,185957,AUD
IMP-03173,Min,Wilson,imp.03173@acme-corp.com,Sales,Analyst,L1,JP,2017-12-04,11618597,JPY
IMP-03174,James,Moreau,imp.03174@acme-corp.com,Engineering,Engineer,L1,AU,2016-12-22,92464,AUD
IMP-03175,Ji-young,Yang,imp.03175@acme-corp.com,HR,Manager,L2,GB,2019-02-05,81420,GBP
IMP-03176,Yusuf,Schulz,imp.03176@acme-corp.com,Engineering,Engineer,L2,ZA,2017-07-16,1023037,ZAR
IMP-03177,Sarah,Moore,imp.03177@acme-corp.com,Finance,Analyst,L4,PL,2020-11-24,151270,PLN
IMP-03178,Barbara,Liu,imp.03178@acme-corp.com,Finance,Analyst,L4,GB,2016-12-07,143028,GBP
IMP-03179,Akiko,Richter,imp.03179@acme-corp.com,Operations,Manager,L4,KR,2019-08-09,102566612,KRW
IMP-03180,Mei,David,imp.03180@acme-corp.com,Finance,Analyst,L5,NL,2018-12-07,129170,EUR
IMP-03181,Zara,Kumar,imp.03181@acme-corp.com,Engineering,Engineer,L6,ZA,2021-08-19,1247360,ZAR
IMP-03182,William,Song,imp.03182@acme-corp.com,Sales,Analyst,L1,US,2022-11-19,100068,USD
IMP-03183,Ibrahim,Simon,imp.03183@acme-corp.com,Engineering,Engineer,L5,US,2022-03-11,191662,USD
IMP-03184,Ji-young,White,imp.03184@acme-corp.com,Finance,Analyst,L2,IN,2019-02-12,1374043,INR
IMP-03185,Hassan,Martin,imp.03185@acme-corp.com,Operations,Manager,L2,FR,2016-10-10,134756,EUR
IMP-03186,Barbara,Taylor,imp.03186@acme-corp.com,Sales,Analyst,L2,ZA,2021-06-10,709575,ZAR
IMP-03187,James,Garcia,imp.03187@acme-corp.com,Operations,Manager,L4,US,2019-11-11,120288,USD
IMP-03188,Chen,Yang,imp.03188@acme-corp.com,Finance,Analyst,L1,IN,2018-07-08,2807265,INR
IMP-03189,Yuki,Zhou,imp.03189@acme-corp.com,Sales,Analyst,L3,FR,2015-01-19,105335,EUR
IMP-03190,Mei,Becker,imp.03190@acme-corp.com,Sales,Analyst,L5,NO,2016-10-20,893061,NOK
IMP-03191,Yuna,Davis,imp.03191@acme-corp.com,Engineering,Engineer,L1,CH,2021-11-09,152895,CHF
IMP-03192,Arjun,Laurent,imp.03192@acme-corp.com,Engineering,Engineer,L4,GB,2019-04-10,57391,GBP
IMP-03193,Wei,Thomas,imp.03193@acme-corp.com,Sales,Analyst,L6,GB,2024-01-15,121515,GBP
IMP-03194,Jae-won,Martin,imp.03194@acme-corp.com,Sales,Analyst,L5,DE,2021-01-31,106385,EUR
IMP-03195,Ahmed,Song,imp.03195@acme-corp.com,Sales,Analyst,L5,IE,2017-12-31,132424,EUR
IMP-03196,Akiko,White,imp.03196@acme-corp.com,HR,Manager,L3,US,2020-02-18,161379,USD
IMP-03197,Luis,Schmidt,imp.03197@acme-corp.com,Operations,Manager,L2,DK,2021-11-23,1000829,DKK
IMP-03198,James,Davis,imp.03198@acme-corp.com,HR,Manager,L4,HK,2019-11-02,613850,HKD
IMP-03199,Wei,Nair,imp.03199@acme-corp.com,Finance,Analyst,L4,DE,2021-10-24,62346,EUR
IMP-03200,Zara,Schmidt,imp.03200@acme-corp.com,Sales,Analyst,L3,DE,2020-04-06,91438,EUR
IMP-03201,Akiko,Müller,imp.03201@acme-corp.com,Sales,Analyst,L3,AE,2015-12-24,350136,AED
IMP-03202,Jose,Choi,imp.03202@acme-corp.com,HR,Manager,L2,FR,2016-11-12,125249,EUR
IMP-03203,David,Kim,imp.03203@acme-corp.com,Engineering,Engineer,L6,ES,2015-01-20,134855,EUR
IMP-03204,David,Wang,imp.03204@acme-corp.com,Sales,Analyst,L5,PL,2019-07-05,226043,PLN
IMP-03205,Barbara,Martin,imp.03205@acme-corp.com,Engineering,Engineer,L4,DE,2018-12-30,97064,EUR
IMP-03206,Jennifer,Wang,imp.03206@acme-corp.com,Engineering,Engineer,L1,IN,2016-03-02,2333569,INR
IMP-03207,Sarah,Michel,imp.03207@acme-corp.com,Operations,Manager,L5,AU,2023-04-13,124026,AUD
IMP-03208,Wei,Park,imp.03208@acme-corp.com,Sales,Analyst,L6,GB,2022-04-30,121380,GBP
IMP-03209,Fatima,Choi,imp.03209@acme-corp.com,Operations,Manager,L5,JP,2024-01-14,13421240,JPY
IMP-03210,Hassan,Thompson,imp.03210@acme-corp.com,HR,Manager,L4,IN,2015-05-03,1183747,INR
IMP-03211,Chen,Klein,imp.03211@acme-corp.com,Engineering,Engineer,L6,GB,2017-10-14,56623,GBP
IMP-03212,Ana,Huang,imp.03212@acme-corp.com,Design,Designer,L2,IN,2015-11-07,4461687,INR
IMP-03213,William,Pillai,imp.03213@acme-corp.com,Sales,Analyst,L2,MX,2020-04-25,336482,MXN
IMP-03214,Hassan,Park,imp.03214@acme-corp.com,Engineering,Engineer,L1,DE,2017-09-20,99808,EUR
IMP-03215,Liu,Zhang,imp.03215@acme-corp.com,Engineering,Engineer,L3,IE,2015-07-23,63139,EUR
IMP-03216,Yuna,Weber,imp.03216@acme-corp.com,Engineering,Engineer,L5,DK,2022-10-14,1135708,DKK
IMP-03217,Jose,Jung,imp.03217@acme-corp.com,Operations,Manager,L5,IN,2020-01-13,2571034,INR
IMP-03218,Sarah,Hoffmann,imp.03218@acme-corp.com,Sales,Analyst,L1,US,2017-11-29,171637,USD
IMP-03219,Takeshi,Yoon,imp.03219@acme-corp.com,Engineering,Engineer,L5,DE,2020-03-07,127132,EUR
IMP-03220,Jessica,Park,imp.03220@acme-corp.com,Design,Designer,L4,AU,2021-05-10,118940,AUD
IMP-03221,Mei,Wu,imp.03221@acme-corp.com,Finance,Analyst,L3,ES,2024-03-29,143186,EUR
IMP-03222,Richard,Martin,imp.03222@acme-corp.com,HR,Manager,L5,NL,2016-01-10,122462,EUR
IMP-03223,Robert,Singh,imp.03223@acme-corp.com,Sales,Analyst,L6,CA,2018-06-07,127692,CAD
IMP-03224,Arjun,Hoffmann,imp.03224@acme-corp.com,Operations,Manager,L5,NO,2016-01-23,1041030,NOK
IMP-03225,Sung-min,Dupont,imp.03225@acme-corp.com,Engineering,Engineer,L4,US,2019-12-16,163859,USD
IMP-03226,Layla,Wu,imp.03226@acme-corp.com,Engineering,Engineer,L6,US,2016-06-02,92654,USD
IMP-03227,Sakura,Becker,imp.03227@acme-corp.com,Engineering,Engineer,L5,JP,2019-02-13,9960143,JPY
IMP-03228,Rosa,Zhou,imp.03228@acme-corp.com,Engineering,Engineer,L5,NL,2021-01-01,85187,EUR
IMP-03229,Ana,Wang,imp.03229@acme-corp.com,Operations,Manager,L3,DK,2022-05-19,847219,DKK
IMP-03230,Barbara,Thompson,imp.03230@acme-corp.com,Engineering,Engineer,L1,US,2022-03-21,94127,USD
IMP-03231,Ananya,Nair,imp.03231@acme-corp.com,Finance,Analyst,L3,DE,2024-06-21,75602,EUR
IMP-03232,Linda,Park,imp.03232@acme-corp.com,Operations,Manager,L2,IN,2017-04-30,2919064,INR
IMP-03233,Luis,Zhou,imp.03233@acme-corp.com,Engineering,Engineer,L4,AE,2019-12-15,331737,AED
IMP-03234,Elizabeth,Han,imp.03234@acme-corp.com,Sales,Analyst,L3,MX,2019-09-08,376553,MXN
IMP-03235,Mary,Wang,imp.03235@acme-corp.com,Engineering,Engineer,L4,GB,2022-03-20,91493,GBP
IMP-03236,Wei,Song,imp.03236@acme-corp.com,Operations,Manager,L2,ES,2019-10-21,53977,EUR
IMP-03237,Layla,Hoffmann,imp.03237@acme-corp.com,Engineering,Engineer,L1,JP,2022-12-31,11264955,JPY
IMP-03238,Nancy,Thompson,imp.03238@acme-corp.com,Operations,Manager,L1,PL,2018-04-14,218625,PLN
IMP-03239,Barbara,Pillai,imp.03239@acme-corp.com,Sales,Analyst,L6,JP,2024-09-14,8651829,JPY
IMP-03240,Kenji,Fischer,imp.03240@acme-corp.com,Sales,Analyst,L5,IN,2015-04-15,3930660,INR
IMP-03241,James,Jones,imp.03241@acme-corp.com,Sales,Analyst,L5,US,2019-10-10,142177,USD
IMP-03242,Akiko,Richter,imp.03242@acme-corp.com,Operations,Manager,L2,NL,2023-09-06,94823,EUR
IMP-03243,Takeshi,Martin,imp.03243@acme-corp.com,Engineering,Engineer,L4,NL,2023-10-28,59555,EUR
IMP-03244,Hassan,Müller,imp.03244@acme-corp.com,Engineering,Engineer,L4,KR,2015-10-15,66188271,KRW
IMP-03245,Luis,Fischer,imp.03245@acme-corp.com,Operations,Manager,L2,AU,2020-08-02,91685,AUD
IMP-03246,Priya,Laurent,imp.03246@acme-corp.com,Finance,Analyst,L3,US,2024-09-19,190978,USD
IMP-03247,Yuki,White,imp.03247@acme-corp.com,Finance,Analyst,L4,DE,2015-12-02,65436,EUR
IMP-03248,Jennifer,Richter,imp.03248@acme-corp.com,Design,Designer,L4,KR,2017-06-19,65716895,KRW
IMP-03249,Yuna,Choi,imp.03249@acme-corp.com,Engineering,Engineer,L5,CA,2016-09-04,144983,CAD
IMP-03250,Liu,Han,imp.03250@acme-corp.com,Engineering,Engineer,L3,MX,2021-07-03,1115660,MXN
IMP-03251,Ibrahim,Johnson,imp.03251@acme-corp.com,Operations,Manager,L1,NL,2022-04-08,107448,EUR
IMP-03252,Mei,Müller,imp.03252@acme-corp.com,Operations,Manager,L1,TW,2017-11-24,1562518,TWD
IMP-03253,Nancy,Xu,imp.03253@acme-corp.com,HR,Manager,L5,DE,2020-03-23,55992,EUR
IMP-03254,Liu,Richter,imp.03254@acme-corp.com,Engineering,Engineer,L1,JP,2018-02-06,14083961,JPY
IMP-03255,Yusuf,Miller,imp.03255@acme-corp.com,Operations,Manager,L1,AE,2021-09-05,277598,AED
IMP-03256,Thomas,Chen,imp.03256@acme-corp.com,Sales,Analyst,L6,DE,2019-03-02,134236,EUR
IMP-03257,Aisha,Choi,imp.03257@acme-corp.com,Operations,Manager,L3,IN,2015-05-24,3291644,INR
IMP-03258,Richard,Garcia,imp.03258@acme-corp.com,Finance,Analyst,L6,KR,2018-12-20,85104001,KRW
IMP-03259,James,Miller,imp.03259@acme-corp.com,Sales,Analyst,L5,GB,2015-05-29,125632,GBP
IMP-03260,Michael,Patel,imp.03260@acme-corp.com,Design,Designer,L2,MX,2017-12-14,1155013,MXN
IMP-03261,Layla,Wilson,imp.03261@acme-corp.com,Sales,Analyst,L6,JP,2016-02-12,17699673,JPY
IMP-03262,Ji-young,Choi,imp.03262@acme-corp.com,Engineering,Engineer,L6,DK,2023-07-15,705568,DKK
IMP-03263,Susan,Martinez,imp.03263@acme-corp.com,Engineering,Engineer,L5,SG,2018-09-23,186749,SGD
IMP-03264,William,Richter,imp.03264@acme-corp.com,Engineering,Engineer,L2,MX,2019-04-24,870626,MXN
IMP-03265,Pedro,Hoffmann,imp.03265@acme-corp.com,Engineering,Engineer,L2,GB,2023-07-14,125037,GBP
IMP-03266,Rahul,Park,imp.03266@acme-corp.com,Sales,Analyst,L6,US,2017-05-01,189472,USD
IMP-03267,Barbara,Klein,imp.03267@acme-corp.com,Engineering,Engineer,L1,AE,2017-03-12,186490,AED
IMP-03268,Layla,Gupta,imp.03268@acme-corp.com,Sales,Analyst,L5,AU,2019-04-26,121723,AUD
IMP-03269,Nancy,Zhang,imp.03269@acme-corp.com,Finance,Analyst,L6,SE,2021-02-23,671024,SEK
IMP-03270,Akiko,Michel,imp.03270@acme-corp.com,Engineering,Engineer,L3,ES,2015-04-14,101166,EUR
IMP-03271,Kenji,Hoffmann,imp.03271@acme-corp.com,Finance,Analyst,L3,DK,2019-03-24,844916,DKK
IMP-03272,Hiroshi,Wang,imp.03272@acme-corp.com,Sales,Analyst,L1,JP,2024-11-21,8543810,JPY
IMP-03273,Robert,Kumar,imp.03273@acme-corp.com,Engineering,Engineer,L3,ZA,2024-05-04,762427,ZAR
IMP-03274,Isabel,Nair,imp.03274@acme-corp.com,Finance,Analyst,L5,SE,2024-10-15,449738,SEK
IMP-03275,Sung-min,Braun,imp.03275@acme-corp.com,Finance,Analyst,L1,GB,2022-11-14,116385,GBP
IMP-03276,Susan,Joshi,imp.03276@acme-corp.com,Sales,Analyst,L6,PL,2018-05-10,224457,PLN
IMP-03277,Ibrahim,Yoon,imp.03277@acme-corp.com,Engineering,Engineer,L1,US,2018-02-03,181669,USD
IMP-03278,Barbara,Kim,imp.03278@acme-corp.com,Engineering,Engineer,L5,PL,2017-08-05,239996,PLN
IMP-03279,Yusuf,Moore,imp.03279@acme-corp.com,Design,Designer,L4,IN,2021-02-04,809437,INR
IMP-03280,Patricia,Müller,imp.03280@acme-corp.com,Engineering,Engineer,L5,US,2016-08-27,149709,USD
IMP-03281,Barbara,Simon,imp.03281@acme-corp.com,Sales,Analyst,L1,AE,2020-05-28,253800,AED
IMP-03282,Yuki,Kim,imp.03282@acme-corp.com,Engineering,Engineer,L5,US,2024-11-01,207962,USD
IMP-03283,Pedro,Braun,imp.03283@acme-corp.com,Finance,Analyst,L3,DE,2017-01-27,76682,EUR
IMP-03284,Linda,Wang,imp.03284@acme-corp.com,Engineering,Engineer,L2,CH,2016-06-14,122458,CHF
IMP-03285,Francisco,Zhou,imp.03285@acme-corp.com,Sales,Analyst,L2,DK,2017-07-01,645443,DKK
IMP-03286,James,Martin,imp.03286@acme-corp.com,Sales,Analyst,L2,AE,2015-11-29,359997,AED
IMP-03287,Ananya,Kim,imp.03287@acme-corp.com,Design,Designer,L5,US,2016-12-03,91314,USD
IMP-03288,Ana,Wang,imp.03288@acme-corp.com,Engineering,Engineer,L6,SE,2015-07-24,1131044,SEK
IMP-03289,Ahmed,Gupta,imp.03289@acme-corp.com,Finance,Analyst,L2,AE,2023-03-28,128538,AED
IMP-03290,Ananya,Song,imp.03290@acme-corp.com,Engineering,Engineer,L6,IN,2015-05-10,3376900,INR
IMP-03291,Mary,Reddy,imp.03291@acme-corp.com,Engineering,Engineer,L4,KR,2022-12-30,105850210,KRW
IMP-03292,Luis,Müller,imp.03292@acme-corp.com,Operations,Manager,L6,US,2018-05-02,142513,USD
IMP-03293,Joseph,Martin,imp.03293@acme-corp.com,Engineering,Engineer,L1,GB,2023-09-02,133044,GBP
IMP-03294,Omar,Schmidt,imp.03294@acme-corp.com,Sales,Analyst,L3,SG,2022-05-08,152990,SGD
IMP-03295,Susan,Bernard,imp.03295@acme-corp.com,Engineering,Engineer,L1,ZA,2020-02-16,359237,ZAR
IMP-03296,Jennifer,Yoon,imp.03296@acme-corp.com,Sales,Analyst,L4,IN,2015-09-20,2571568,INR
IMP-03297,Omar,Martin,imp.03297@acme-corp.com,Engineering,Engineer,L2,TW,2024-12-17,2880383,TWD
IMP-03298,Chen,Williams,imp.03298@acme-corp.com,Engineering,Engineer,L3,US,2021-09-16,94975,USD
IMP-03299,Priya,Xu,imp.03299@acme-corp.com,Sales,Analyst,L4,SG,2024-11-19,181481,SGD
IMP-03300,Yuna,Martin,imp.03300@acme-corp.com,Finance,Analyst,L4,HK,2022-05-23,1196843,HKD
IMP-03301,Luis,Reddy,imp.03301@acme-corp.com,Operations,Manager,L3,DE,2019-08-24,56449,EUR
IMP-03302,Zara,Singh,imp.03302@acme-corp.com,Sales,Analyst,L1,CH,2021-03-31,147662,CHF
IMP-03303,Ana,Moore,imp.03303@acme-corp.com,Operations,Manager,L4,MX,2024-10-21,1007488,MXN
IMP-03304,Linda,Kim,imp.03304@acme-corp.com,Finance,Analyst,L1,US,2015-07-07,124129,USD
IMP-03305,Barbara,Klein,imp.03305@acme-corp.com,HR,Manager,L6,GB,2017-06-29,54063,GBP
IMP-03306,Priya,Moreau,imp.03306@acme-corp.com,Operations,Manager,L4,ES,2020-02-17,140175,EUR
IMP-03307,Francisco,Mehta,imp.03307@acme-corp.com,Engineering,Engineer,L6,IN,2020-03-28,3224387,INR
IMP-03308,Rosa,Martin,imp.03308@acme-corp.com,Engineering,Engineer,L5,SG,2016-12-19,156183,SGD
IMP-03309,Carlos,Yang,imp.03309@acme-corp.com,Finance,Analyst,L5,PL,2015-02-03,66489,PLN
IMP-03310,Akiko,Garcia,imp.03310@acme-corp.com,HR,Manager,L5,ES,2023-01-10,68716,EUR
IMP-03311,Chen,Martinez,imp.03311@acme-corp.com,Finance,Analyst,L1,TW,2024-09-17,2063057,TWD
IMP-03312,Barbara,Schulz,imp.03312@acme-corp.com,Engineering,Engineer,L4,NL,2020-04-26,142574,EUR
IMP-03313,Joseph,Zhou,imp.03313@acme-corp.com,Engineering,Engineer,L2,NL,2019-06-26,139296,EUR
IMP-03314,Nancy,Kang,imp.03314@acme-corp.com,Operations,Manager,L4,AU,2015-10-26,78707,AUD
IMP-03315,Carlos,Weber,imp.03315@acme-corp.com,Operations,Manager,L1,GB,2021-07-07,114897,GBP
IMP-03316,Luis,Lim,imp.03316@acme-corp.com,HR,Manager,L4,HK,2019-06-19,1070263,HKD
IMP-03317,Michael,Joshi,imp.03317@acme-corp.com,Operations,Manager,L5,DE,2023-08-09,82212,EUR
IMP-03318,Elizabeth,Hoffmann,imp.03318@acme-corp.com,Finance,Analyst,L3,US,2017-03-10,129846,USD
IMP-03319,Isabel,Anderson,imp.03319@acme-corp.com,Operations,Manager,L5,US,2018-10-05,178149,USD
IMP-03320,Barbara,Williams,imp.03320@acme-corp.com,Engineering,Engineer,L5,AE,2015-10-23,214202,AED
IMP-03321,Ahmed,Huang,imp.03321@acme-corp.com,Engineering,Engineer,L2,FR,2022-07-09,62672,EUR
IMP-03322,Ana,Martin,imp.03322@acme-corp.com,Sales,Analyst,L2,TW,2018-10-13,2043405,TWD
IMP-03323,Mei,Schmidt,imp.03323@acme-corp.com,Finance,Analyst,L2,PL,2024-02-27,171457,PLN
IMP-03324,Yuki,Müller,imp.03324@acme-corp.com,HR,Manager,L2,ZA,2019-12-01,704379,ZAR
IMP-03325,Carlos,Simon,imp.03325@acme-corp.com,Engineering,Engineer,L3,SG,2018-04-11,153582,SGD
IMP-03326,Mei,Martin,imp.03326@acme-corp.com,HR,Manager,L5,GB,2020-04-28,47355,GBP
IMP-03327,Sakura,Wang,imp.03327@acme-corp.com,Operations,Manager,L6,TW,2020-09-01,1155704,TWD
IMP-03328,Sung-min,Moore,imp.03328@acme-corp.com,HR,Manager,L4,SG,2016-02-20,139434,SGD
IMP-03329,Wei,Kang,imp.03329@acme-corp.com,Sales,Analyst,L4,MX,2016-04-08,975709,MXN
IMP-03330,Zhang,Joshi,imp.03330@acme-corp.com,HR,Manager,L3,US,2017-05-20,109663,USD
IMP-03331,Nancy,Hoffmann,imp.03331@acme-corp.com,Engineering,Engineer,L4,DK,2016-01-17,1039817,DKK
IMP-03332,Ahmed,Jung,imp.03332@acme-corp.com,Engineering,Engineer,L1,US,2021-12-13,157814,USD
IMP-03333,Nancy,Michel,imp.03333@acme-corp.com,Sales,Analyst,L2,IN,2019-09-19,2370056,INR
IMP-03334,Hiroshi,Smith,imp.03334@acme-corp.com,HR,Manager,L4,FR,2015-09-02,56697,EUR
IMP-03335,Hassan,Gupta,imp.03335@acme-corp.com,Engineering,Engineer,L1,DK,2024-07-06,556655,DKK
IMP-03336,Yuna,Zhou,imp.03336@acme-corp.com,Operations,Manager,L4,IN,2022-09-18,3314603,INR
IMP-03337,Akiko,Garcia,imp.03337@acme-corp.com,Engineering,Engineer,L2,NL,2016-06-11,97448,EUR
IMP-03338,Mary,Becker,imp.03338@acme-corp.com,Design,Designer,L6,NL,2023-05-11,72643,EUR
IMP-03339,Charles,Schmidt,imp.03339@acme-corp.com,Finance,Analyst,L1,NL,2024-02-06,69900,EUR
IMP-03340,Thomas,Moreau,imp.03340@acme-corp.com,HR,Manager,L6,IN,2022-05-09,2256353,INR
IMP-03341,Ana,Zhang,imp.03341@acme-corp.com,Engineering,Engineer,L6,SG,2019-01-13,148691,SGD
IMP-03342,Joseph,Han,imp.03342@acme-corp.com,HR,Manager,L2,SE,2021-09-08,826249,SEK
IMP-03343,Mei,Jung,imp.03343@acme-corp.com,Engineering,Engineer,L4,SG,2018-04-27,71805,SGD
IMP-03344,Takeshi,Thompson,imp.03344@acme-corp.com,Sales,Analyst,L4,SG,2020-10-23,102729,SGD
IMP-03345,Charles,Pillai,imp.03345@acme-corp.com,Engineering,Engineer,L6,PL,2019-01-13,98633,PLN
IMP-03346,William,Laurent,imp.03346@acme-corp.com,HR,Manager,L2,JP,2024-10-27,9859428,JPY
IMP-03347,Linda,Jackson,imp.03347@acme-corp.com,HR,Manager,L5,US,2023-04-05,65480,USD
IMP-03348,Jae-won,Miller,imp.03348@acme-corp.com,Engineering,Engineer,L2,IN,2021-01-09,4157670,INR
IMP-03349,Akiko,Patel,imp.03349@acme-corp.com,Sales,Analyst,L6,ZA,2018-04-19,1406706,ZAR
IMP-03350,Ibrahim,Martinez,imp.03350@acme-corp.com,HR,Manager,L4,NO,2023-11-21,670151,NOK
IMP-03351,Rosa,Garcia,imp.03351@acme-corp.com,Operations,Manager,L4,NL,2023-12-13,99103,EUR
IMP-03352,Sakura,Xu,imp.03352@acme-corp.com,Design,Designer,L1,JP,2016-05-29,9179503,JPY
IMP-03353,Yuna,Martinez,imp.03353@acme-corp.com,Engineering,Engineer,L1,SG,2018-10-25,121271,SGD
IMP-03354,Ji-young,Martinez,imp.03354@acme-corp.com,Engineering,Engineer,L1,NO,2020-04-07,1130653,NOK
IMP-03355,Richard,Nair,imp.03355@acme-corp.com,Sales,Analyst,L3,TW,2019-04-07,2296512,TWD
IMP-03356,Hassan,Hernandez,imp.03356@acme-corp.com,Finance,Analyst,L4,ZA,2024-04-20,448568,ZAR
IMP-03357,Sung-min,Thompson,imp.03357@acme-corp.com,Finance,Analyst,L6,NL,2016-01-15,86237,EUR
IMP-03358,Carmen,Nair,imp.03358@acme-corp.com,Finance,Analyst,L3,DK,2023-05-17,577401,DKK
IMP-03359,Robert,White,imp.03359@acme-corp.com,Engineering,Engineer,L5,DK,2015-11-21,623764,DKK
IMP-03360,Takeshi,Williams,imp.03360@acme-corp.com,Sales,Analyst,L6,ES,2022-04-09,112602,EUR
IMP-03361,Francisco,Michel,imp.03361@acme-corp.com,Engineering,Engineer,L3,US,2024-10-20,200220,USD
IMP-03362,Francisco,Huang,imp.03362@acme-corp.com,Operations,Manager,L6,JP,2015-12-24,13388115,JPY
IMP-03363,Sung-min,Bernard,imp.03363@acme-corp.com,Engineering,Engineer,L1,US,2016-09-28,88239,USD
IMP-03364,Sarah,Li,imp.03364@acme-corp.com,Sales,Analyst,L5,DK,2018-03-12,609834,DKK
IMP-03365,Jae-won,Lee,imp.03365@acme-corp.com,Engineering,Engineer,L2,PL,2017-08-31,197607,PLN
IMP-03366,Jennifer,Choi,imp.03366@acme-corp.com,Sales,Analyst,L6,ZA,2016-08-11,581861,ZAR
IMP-03367,Ahmed,Taylor,imp.03367@acme-corp.com,Finance,Analyst,L6,US,2015-12-01,89805,USD
IMP-03368,Isabel,Martinez,imp.03368@acme-corp.com,Finance,Analyst,L5,MX,2023-03-14,687432,MXN
IMP-03369,Arjun,Hernandez,imp.03369@acme-corp.com,Operations,Manager,L2,ZA,2020-11-25,842381,ZAR
IMP-03370,Ahmed,Wilson,imp.03370@acme-corp.com,Operations,Manager,L5,DK,2015-04-16,1062424,DKK
IMP-03371,Priya,Xu,imp.03371@acme-corp.com,Operations,Manager,L4,NL,2021-11-28,106288,EUR
IMP-03372,Min,Smith,imp.03372@acme-corp.com,Engineering,Engineer,L4,US,2018-02-15,96558,USD
IMP-03373,Min,Hoffmann,imp.03373@acme-corp.com,HR,Manager,L4,NO,2019-11-17,553613,NOK
IMP-03374,Karen,Garcia,imp.03374@acme-corp.com,Engineering,Engineer,L6,CA,2016-08-20,68846,CAD
IMP-03375,Jose,Müller,imp.03375@acme-corp.com,Operations,Manager,L4,MX,2024-10-08,1174406,MXN
IMP-03376,Joseph,Davis,imp.03376@acme-corp.com,Design,Designer,L2,TW,2018-08-08,1216305,TWD
IMP-03377,Sakura,Gupta,imp.03377@acme-corp.com,Finance,Analyst,L2,NO,2023-12-10,1088338,NOK
IMP-03378,Hiroshi,Mehta,imp.03378@acme-corp.com,Engineering,Engineer,L4,NL,2022-12-22,128647,EUR
IMP-03379,Arjun,Becker,imp.03379@acme-corp.com,Sales,Analyst,L3,AE,2018-02-19,371053,AED
IMP-03380,Hassan,Klein,imp.03380@acme-corp.com,Sales,Analyst,L4,ES,2020-05-08,62797,EUR
IMP-03381,Yuki,Garcia,imp.03381@acme-corp.com,Sales,Analyst,L3,HK,2020-01-27,1109639,HKD
IMP-03382,Sarah,Jones,imp.03382@acme-corp.com,Operations,Manager,L4,KR,2022-03-18,85609889,KRW
IMP-03383,Sarah,Martin,imp.03383@acme-corp.com,Design,Designer,L1,HK,2018-10-14,664423,HKD
IMP-03384,Carlos,Moreau,imp.03384@acme-corp.com,Finance,Analyst,L4,AE,2017-05-11,396275,AED
IMP-03385,Michael,Wilson,imp.03385@acme-corp.com,Engineering,Engineer,L4,HK,2018-01-02,1153807,HKD
IMP-03386,Priya,Wu,imp.03386@acme-corp.com,Operations,Manager,L5,ES,2017-09-13,97684,EUR
IMP-03387,Ibrahim,Braun,imp.03387@acme-corp.com,Engineering,Engineer,L5,IE,2019-04-30,121575,EUR
IMP-03388,Charles,Brown,imp.03388@acme-corp.com,Engineering,Engineer,L1,FR,2015-07-10,65021,EUR
IMP-03389,Isabel,Huang,imp.03389@acme-corp.com,Engineering,Engineer,L6,MX,2024-04-21,1180333,MXN
IMP-03390,Yuki,Reddy,imp.03390@acme-corp.com,Finance,Analyst,L1,ZA,2021-09-28,458414,ZAR
IMP-03391,Zara,Li,imp.03391@acme-corp.com,Engineering,Engineer,L3,US,2016-03-17,132443,USD
IMP-03392,Sarah,Braun,imp.03392@acme-corp.com,Engineering,Engineer,L6,CH,2023-02-24,132687,CHF
IMP-03393,Ahmed,Roux,imp.03393@acme-corp.com,Operations,Manager,L6,GB,2019-02-16,50454,GBP
IMP-03394,Ahmed,Li,imp.03394@acme-corp.com,HR,Manager,L1,GB,2018-05-27,77090,GBP
IMP-03395,Zara,Wang,imp.03395@acme-corp.com,Operations,Manager,L2,SG,2022-06-18,162949,SGD
IMP-03396,William,Martinez,imp.03396@acme-corp.com,Sales,Analyst,L4,GB,2023-06-03,143553,GBP
IMP-03397,Ji-young,Michel,imp.03397@acme-corp.com,Finance,Analyst,L3,SG,2020-02-12,134221,SGD
IMP-03398,Patricia,Martin,imp.03398@acme-corp.com,Operations,Manager,L3,IE,2021-02-19,64349,EUR
IMP-03399,Sung-min,Martin,imp.03399@acme-corp.com,Finance,Analyst,L6,ZA,2024-11-29,1289218,ZAR
IMP-03400,Wei,Wang,imp.03400@acme-corp.com,Sales,Analyst,L6,GB,2022-11-09,79194,GBP
IMP-03401,Hassan,Choi,imp.03401@acme-corp.com,Operations,Manager,L1,PL,2019-06-17,215697,PLN
IMP-03402,Carmen,Wilson,imp.03402@acme-corp.com,Engineering,Engineer,L4,DE,2017-12-01,91778,EUR
IMP-03403,Arjun,Wilson,imp.03403@acme-corp.com,Engineering,Engineer,L1,US,2022-02-03,183153,USD
IMP-03404,Ji-young,David,imp.03404@acme-corp.com,Finance,Analyst,L3,GB,2020-12-13,140321,GBP
IMP-03405,Takeshi,Fischer,imp.03405@acme-corp.com,Finance,Analyst,L1,PL,2024-12-05,92032,PLN
IMP-03406,Aisha,Müller,imp.03406@acme-corp.com,Sales,Analyst,L5,GB,2020-01-18,60275,GBP
IMP-03407,James,Mehta,imp.03407@acme-corp.com,Sales,Analyst,L6,GB,2022-08-20,49732,GBP
IMP-03408,Yuki,Jung,imp.03408@acme-corp.com,Design,Designer,L5,MX,2019-09-03,442293,MXN
IMP-03409,Hassan,Kang,imp.03409@acme-corp.com,Engineering,Engineer,L2,ZA,2018-05-11,849994,ZAR
IMP-03410,Elizabeth,Davis,imp.03410@acme-corp.com,Engineering,Engineer,L5,DE,2019-10-07,100552,EUR
IMP-03411,Takeshi,Patel,imp.03411@acme-corp.com,HR,Manager,L4,PL,2017-07-22,74700,PLN
IMP-03412,Elizabeth,Davis,imp.03412@acme-corp.com,Operations,Manager,L2,DE,2019-04-17,138794,EUR
IMP-03413,Ana,Anderson,imp.03413@acme-corp.com,Design,Designer,L4,CA,2023-09-06,104977,CAD
IMP-03414,Rahul,Moore,imp.03414@acme-corp.com,Sales,Analyst,L1,SE,2017-03-02,1140219,SEK
IMP-03415,Rosa,Wilson,imp.03415@acme-corp.com,Operations,Manager,L3,CA,2022-08-04,125858,CAD
IMP-03416,Linda,Roux,imp.03416@acme-corp.com,Sales,Analyst,L3,US,2022-01-17,124622,USD
IMP-03417,Chen,Richter,imp.03417@acme-corp.com,Finance,Analyst,L5,IE,2019-05-24,90687,EUR
IMP-03418,Karen,Yang,imp.03418@acme-corp.com,Sales,Analyst,L2,MX,2023-10-12,633682,MXN
IMP-03419,Layla,Miller,imp.03419@acme-corp.com,Engineering,Engineer,L5,CA,2015-03-30,123819,CAD
IMP-03420,Ji-young,Kim,imp.03420@acme-corp.com,Engineering,Engineer,L5,DE,2022-05-05,144260,EUR
IMP-03421,Linda,Mehta,imp.03421@acme-corp.com,Sales,Analyst,L6,AU,2021-11-18,175683,AUD
IMP-03422,Isabel,Anderson,imp.03422@acme-corp.com,Engineering,Engineer,L1,MX,2024-08-19,487613,MXN
IMP-03423,Liu,Garcia,imp.03423@acme-corp.com,HR,Manager,L1,GB,2017-02-03,137264,GBP
IMP-03424,Ana,Becker,imp.03424@acme-corp.com,Engineering,Engineer,L2,US,2018-05-22,95455,USD
IMP-03425,Fatima,Hoffmann,imp.03425@acme-corp.com,Engineering,Engineer,L1,SG,2024-11-16,120887,SGD
IMP-03426,Omar,Kim,imp.03426@acme-corp.com,Engineering,Engineer,L4,IN,2019-03-15,1248088,INR
IMP-03427,Hassan,Song,imp.03427@acme-corp.com,Design,Designer,L1,US,2018-11-16,145556,USD
IMP-03428,Ana,Martin,imp.03428@acme-corp.com,Engineering,Engineer,L5,ZA,2020-09-05,1134330,ZAR
IMP-03429,William,Taylor,imp.03429@acme-corp.com,Sales,Analyst,L4,AE,2017-10-14,170202,AED
IMP-03430,Arjun,Brown,imp.03430@acme-corp.com,HR,Manager,L3,ES,2017-06-18,145646,EUR
IMP-03431,Min,David,imp.03431@acme-corp.com,Engineering,Engineer,L3,NO,2018-10-13,1120566,NOK
IMP-03432,Jennifer,White,imp.03432@acme-corp.com,HR,Manager,L6,JP,2015-09-22,12012999,JPY
IMP-03433,Sarah,Brown,imp.03433@acme-corp.com,Engineering,Engineer,L6,MX,2019-12-11,1064170,MXN
IMP-03434,Jessica,Gupta,imp.03434@acme-corp.com,Finance,Analyst,L6,NO,2024-11-08,626565,NOK
IMP-03435,Charles,Nair,imp.03435@acme-corp.com,Sales,Analyst,L3,CA,2024-01-23,153211,CAD
IMP-03436,Liu,Smith,imp.03436@acme-corp.com,Sales,Analyst,L1,US,2019-01-21,182562,USD
IMP-03437,Barbara,Jung,imp.03437@acme-corp.com,HR,Manager,L3,GB,2017-06-01,52575,GBP
IMP-03438,Liu,Hernandez,imp.03438@acme-corp.com,HR,Manager,L4,PL,2016-07-02,238114,PLN
IMP-03439,Ji-young,Anderson,imp.03439@acme-corp.com,Engineering,Engineer,L3,CA,2017-06-28,66536,CAD
IMP-03440,Pedro,Klein,imp.03440@acme-corp.com,Engineering,Engineer,L6,US,2022-07-22,78792,USD
IMP-03441,Layla,Gupta,imp.03441@acme-corp.com,Engineering,Engineer,L4,JP,2021-10-29,12131240,JPY
IMP-03442,Michael,Klein,imp.03442@acme-corp.com,Operations,Manager,L2,MX,2016-03-20,302526,MXN
IMP-03443,Ji-young,Patel,imp.03443@acme-corp.com,Engineering,Engineer,L6,IN,2016-03-14,3043287,INR
IMP-03444,Susan,Gupta,imp.03444@acme-corp.com,Engineering,Engineer,L1,TW,2024-12-23,2002397,TWD
IMP-03445,Joseph,Song,imp.03445@acme-corp.com,Sales,Analyst,L3,MX,2020-05-26,521497,MXN
IMP-03446,Aisha,Patel,imp.03446@acme-corp.com,HR,Manager,L4,DK,2018-10-28,1124891,DKK
IMP-03447,Elizabeth,Reddy,imp.03447@acme-corp.com,HR,Manager,L4,US,2022-01-20,83661,USD
IMP-03448,Arjun,Jung,imp.03448@acme-corp.com,Operations,Manager,L3,IN,2015-09-18,3322932,INR
IMP-03449,Ji-young,Yoon,imp.03449@acme-corp.com,HR,Manager,L2,TW,2015-10-25,2342927,TWD
IMP-03450,Yuna,Xu,imp.03450@acme-corp.com,Finance,Analyst,L4,DE,2015-05-14,113411,EUR
IMP-03451,Michael,Brown,imp.03451@acme-corp.com,Sales,Analyst,L3,SG,2017-09-24,87785,SGD
IMP-03452,Carmen,Yang,imp.03452@acme-corp.com,Engineering,Engineer,L1,DE,2021-01-16,54573,EUR
IMP-03453,Hiroshi,Michel,imp.03453@acme-corp.com,Sales,Analyst,L1,CH,2020-06-09,145248,CHF
IMP-03454,Mei,Fischer,imp.03454@acme-corp.com,Design,Designer,L4,AU,2017-03-17,145684,AUD
IMP-03455,Thomas,Thomas,imp.03455@acme-corp.com,Engineering,Engineer,L3,ES,2016-09-21,121257,EUR
IMP-03456,Charles,David,imp.03456@acme-corp.com,Engineering,Engineer,L5,ES,2017-08-03,132619,EUR
IMP-03457,Mei,Martin,imp.03457@acme-corp.com,Engineering,Engineer,L6,ZA,2016-08-05,321813,ZAR
IMP-03458,Nancy,Thomas,imp.03458@acme-corp.com,Sales,Analyst,L4,CH,2021-08-03,123367,CHF
IMP-03459,Sung-min,Richter,imp.03459@acme-corp.com,Operations,Manager,L1,DK,2024-09-19,517118,DKK
IMP-03460,Hiroshi,Lee,imp.03460@acme-corp.com,Finance,Analyst,L3,CH,2019-04-01,90834,CHF
IMP-03461,Mary,Garcia,imp.03461@acme-corp.com,Engineering,Engineer,L3,US,2023-02-28,80361,USD
IMP-03462,Jose,Thomas,imp.03462@acme-corp.com,Sales,Analyst,L3,IN,2016-02-02,2290747,INR
IMP-03463,Barbara,Chen,imp.03463@acme-corp.com,Engineering,Engineer,L4,DE,2015-12-22,76582,EUR
IMP-03464,Liu,Lee,imp.03464@acme-corp.com,Engineering,Engineer,L5,JP,2019-06-21,14828327,JPY
IMP-03465,Akiko,Moore,imp.03465@acme-corp.com,Finance,Analyst,L2,SG,2020-11-06,186520,SGD
IMP-03466,Zara,Wu,imp.03466@acme-corp.com,Engineering,Engineer,L2,ZA,2019-07-23,742847,ZAR
IMP-03467,Jose,Davis,imp.03467@acme-corp.com,Finance,Analyst,L3,US,2018-03-18,160975,USD
IMP-03468,Robert,Taylor,imp.03468@acme-corp.com,Engineering,Engineer,L5,NL,2023-11-17,58957,EUR
IMP-03469,Mei,Yoon,imp.03469@acme-corp.com,Engineering,Engineer,L5,PL,2021-02-01,189108,PLN
IMP-03470,Ana,Garcia,imp.03470@acme-corp.com,Sales,Analyst,L1,IN,2020-05-15,2205941,INR
IMP-03471,Charles,Kim,imp.03471@acme-corp.com,Engineering,Engineer,L6,ZA,2021-09-21,683071,ZAR
IMP-03472,Charles,Anderson,imp.03472@acme-corp.com,Sales,Analyst,L5,GB,2020-06-21,138979,GBP
IMP-03473,Mei,Klein,imp.03473@acme-corp.com,Operations,Manager,L3,JP,2023-03-02,12259776,JPY
IMP-03474,Zhang,Williams,imp.03474@acme-corp.com,Finance,Analyst,L5,SG,2015-07-09,154009,SGD
IMP-03475,Yuna,Kim,imp.03475@acme-corp.com,Sales,Analyst,L5,CA,2019-08-22,107048,CAD
IMP-03476,Takeshi,Martinez,imp.03476@acme-corp.com,Sales,Analyst,L1,JP,2023-03-17,7659648,JPY
IMP-03477,Richard,Martin,imp.03477@acme-corp.com,Sales,Analyst,L1,NO,2016-10-15,573401,NOK
IMP-03478,Isabel,Simon,imp.03478@acme-corp.com,Operations,Manager,L5,DE,2019-09-11,124347,EUR
IMP-03479,Richard,Song,imp.03479@acme-corp.com,Finance,Analyst,L3,DK,2017-03-10,462352,DKK
IMP-03480,Ana,Patel,imp.03480@acme-corp.com,Finance,Analyst,L2,ZA,2016-03-14,1362861,ZAR
IMP-03481,Priya,Weber,imp.03481@acme-corp.com,Operations,Manager,L2,HK,2019-04-28,721346,HKD
IMP-03482,Jennifer,Simon,imp.03482@acme-corp.com,Engineering,Engineer,L6,ES,2016-02-25,80223,EUR
IMP-03483,Sung-min,Lim,imp.03483@acme-corp.com,Sales,Analyst,L2,ES,2019-09-29,104511,EUR
IMP-03484,Ananya,Thompson,imp.03484@acme-corp.com,Engineering,Engineer,L5,DE,2018-05-18,128175,EUR
IMP-03485,Rahul,Müller,imp.03485@acme-corp.com,Engineering,Engineer,L5,GB,2019-12-23,157381,GBP
IMP-03486,Barbara,Anderson,imp.03486@acme-corp.com,Design,Designer,L5,DK,2015-02-04,1128447,DKK
IMP-03487,Ji-young,Zhou,imp.03487@acme-corp.com,Operations,Manager,L1,AE,2018-05-29,340816,AED
IMP-03488,Robert,Choi,imp.03488@acme-corp.com,Engineering,Engineer,L5,IE,2019-05-14,107988,EUR
IMP-03489,Akiko,Wu,imp.03489@acme-corp.com,Engineering,Engineer,L5,KR,2020-04-09,71839303,KRW
IMP-03490,Rahul,Jung,imp.03490@acme-corp.com,Sales,Analyst,L2,DE,2021-11-25,56176,EUR
IMP-03491,Ahmed,Lim,imp.03491@acme-corp.com,Finance,Analyst,L5,JP,2020-11-02,6580901,JPY
IMP-03492,Patricia,Xu,imp.03492@acme-corp.com,Engineering,Engineer,L6,GB,2016-12-28,135478,GBP
IMP-03493,Rosa,Müller,imp.03493@acme-corp.com,Design,Designer,L5,CH,2017-11-07,103434,CHF
IMP-03494,Jose,Becker,imp.03494@acme-corp.com,Engineering,Engineer,L5,DK,2020-04-18,922977,DKK
IMP-03495,Zara,Wilson,imp.03495@acme-corp.com,Operations,Manager,L3,IE,2018-09-03,117263,EUR
IMP-03496,James,Anderson,imp.03496@acme-corp.com,Finance,Analyst,L2,GB,2018-08-04,55866,GBP
IMP-03497,Sarah,Garcia,imp.03497@acme-corp.com,Finance,Analyst,L2,DE,2017-07-17,129334,EUR
IMP-03498,Yuna,Jackson,imp.03498@acme-corp.com,Sales,Analyst,L3,US,2024-05-21,151419,USD
IMP-03499,Karen,Patel,imp.03499@acme-corp.com,Finance,Analyst,L4,PL,2017-04-02,129761,PLN
IMP-03500,Francisco,Sharma,imp.03500@acme-corp.com,Sales,Analyst,L6,NO,2015-12-01,804591,NOK
IMP-03501,Jessica,Kumar,imp.03501@acme-corp.com,Engineering,Engineer,L3,FR,2017-11-10,65117,EUR
IMP-03502,James,Thompson,imp.03502@acme-corp.com,Finance,Analyst,L3,CA,2020-11-24,127258,CAD
IMP-03503,David,Martin,imp.03503@acme-corp.com,Finance,Analyst,L4,CA,2023-08-24,153493,CAD
IMP-03504,Carmen,Michel,imp.03504@acme-corp.com,HR,Manager,L3,ZA,2023-05-03,626259,ZAR
IMP-03505,Layla,Schmidt,imp.03505@acme-corp.com,Sales,Analyst,L6,IE,2023-08-01,133443,EUR
IMP-03506,Sung-min,Smith,imp.03506@acme-corp.com,Operations,Manager,L2,IN,2017-12-02,3829346,INR
IMP-03507,Liu,Liu,imp.03507@acme-corp.com,Finance,Analyst,L4,IE,2023-02-04,148737,EUR
IMP-03508,Ji-young,Johnson,imp.03508@acme-corp.com,HR,Manager,L3,US,2016-12-20,190460,USD
IMP-03509,Charles,Chen,imp.03509@acme-corp.com,Finance,Analyst,L6,SE,2021-08-27,858873,SEK
IMP-03510,Zara,Choi,imp.03510@acme-corp.com,Operations,Manager,L3,DE,2023-10-09,71285,EUR
IMP-03511,Wei,Lim,imp.03511@acme-corp.com,Finance,Analyst,L3,NO,2018-11-11,1097034,NOK
IMP-03512,Yuki,Jung,imp.03512@acme-corp.com,Sales,Analyst,L3,KR,2023-03-01,87542020,KRW
IMP-03513,Takeshi,Song,imp.03513@acme-corp.com,Sales,Analyst,L5,AU,2018-12-26,98611,AUD
IMP-03514,Arjun,Wu,imp.03514@acme-corp.com,Engineering,Engineer,L4,TW,2023-06-20,1476325,TWD
IMP-03515,Carmen,Anderson,imp.03515@acme-corp.com,Engineering,Engineer,L3,NO,2023-11-04,578766,NOK
IMP-03516,Ahmed,Han,imp.03516@acme-corp.com,Finance,Analyst,L1,CA,2015-06-02,87081,CAD
IMP-03517,Joseph,Pillai,imp.03517@acme-corp.com,Engineering,Engineer,L2,NO,2021-04-04,1039654,NOK
IMP-03518,Min,Taylor,imp.03518@acme-corp.com,Finance,Analyst,L6,US,2016-07-24,122403,USD
IMP-03519,Francisco,Wilson,imp.03519@acme-corp.com,Design,Designer,L6,KR,2020-11-13,128191443,KRW
IMP-03520,Fatima,Thompson,imp.03520@acme-corp.com,Engineering,Engineer,L3,GB,2022-01-18,141712,GBP
IMP-03521,Ji-young,Michel,imp.03521@acme-corp.com,Design,Designer,L1,NL,2019-12-03,102699,EUR
IMP-03522,Zara,Dupont,imp.03522@acme-corp.com,Engineering,Engineer,L4,DK,2015-02-16,1044080,DKK
IMP-03523,James,Han,imp.03523@acme-corp.com,Design,Designer,L4,KR,2020-10-04,62162655,KRW
IMP-03524,David,Gupta,imp.03524@acme-corp.com,Sales,Analyst,L6,SE,2023-02-18,561678,SEK
IMP-03525,Barbara,Miller,imp.03525@acme-corp.com,HR,Manager,L4,CH,2022-02-12,174488,CHF
IMP-03526,William,Braun,imp.03526@acme-corp.com,Engineering,Engineer,L4,GB,2018-07-17,80042,GBP
IMP-03527,Luis,Huang,imp.03527@acme-corp.com,Engineering,Engineer,L3,CH,2023-07-30,163818,CHF
IMP-03528,James,Johnson,imp.03528@acme-corp.com,HR,Manager,L1,CH,2021-07-19,122025,CHF
IMP-03529,Carlos,Martinez,imp.03529@acme-corp.com,Operations,Manager,L5,US,2018-11-26,96758,USD
IMP-03530,Patricia,Martin,imp.03530@acme-corp.com,Engineering,Engineer,L1,SG,2017-10-11,199501,SGD
IMP-03531,Liu,Martin,imp.03531@acme-corp.com,HR,Manager,L5,AU,2016-11-07,179454,AUD
IMP-03532,Zara,Becker,imp.03532@acme-corp.com,Finance,Analyst,L1,MX,2020-03-10,922479,MXN
IMP-03533,Susan,Thomas,imp.03533@acme-corp.com,Operations,Manager,L2,GB,2020-10-26,93877,GBP
IMP-03534,Nancy,Roux,imp.03534@acme-corp.com,Finance,Analyst,L4,JP,2023-08-06,11501789,JPY
IMP-03535,Min,Kumar,imp.03535@acme-corp.com,Sales,Analyst,L3,KR,2015-07-13,113053030,KRW
IMP-03536,Ji-young,Davis,imp.03536@acme-corp.com,Engineering,Engineer,L3,ES,2023-04-23,64992,EUR
IMP-03537,Mei,Thomas,imp.03537@acme-corp.com,HR,Manager,L4,DK,2022-10-29,849497,DKK
IMP-03538,Francisco,Joshi,imp.03538@acme-corp.com,Operations,Manager,L2,IN,2017-04-30,4069996,INR
IMP-03539,Mei,Nair,imp.03539@acme-corp.com,HR,Manager,L4,NL,2019-12-18,84903,EUR
IMP-03540,Isabel,Martin,imp.03540@acme-corp.com,Finance,Analyst,L6,AU,2017-11-09,157742,AUD
IMP-03541,Pedro,Joshi,imp.03541@acme-corp.com,Design,Designer,L5,IN,2024-04-15,1280380,INR
IMP-03542,Ana,Anderson,imp.03542@acme-corp.com,Finance,Analyst,L5,NO,2022-07-14,968403,NOK
IMP-03543,Rosa,Huang,imp.03543@acme-corp.com,Finance,Analyst,L6,US,2016-06-11,177897,USD
IMP-03544,Ji-young,Martin,imp.03544@acme-corp.com,HR,Manager,L1,CA,2021-08-10,146207,CAD
IMP-03545,Jae-won,Taylor,imp.03545@acme-corp.com,Engineering,Engineer,L3,US,2017-12-02,147621,USD
IMP-03546,Chen,Johnson,imp.03546@acme-corp.com,Sales,Analyst,L2,JP,2023-07-22,9221568,JPY
IMP-03547,Zhang,Moore,imp.03547@acme-corp.com,Sales,Analyst,L1,ZA,2023-05-30,1065417,ZAR
IMP-03548,Ananya,Yang,imp.03548@acme-corp.com,Engineering,Engineer,L5,US,2021-12-30,174160,USD
IMP-03549,Richard,Anderson,imp.03549@acme-corp.com,Engineering,Engineer,L4,JP,2016-07-23,15714530,JPY
IMP-03550,Chen,Hernandez,imp.03550@acme-corp.com,Sales,Analyst,L3,HK,2023-03-13,752074,HKD
IMP-03551,Robert,Jackson,imp.03551@acme-corp.com,Engineering,Engineer,L4,GB,2016-07-17,59991,GBP
IMP-03552,Michael,Schulz,imp.03552@acme-corp.com,Engineering,Engineer,L1,ZA,2015-09-30,1214788,ZAR
IMP-03553,Ana,Hernandez,imp.03553@acme-corp.com,Engineering,Engineer,L2,US,2022-03-30,169101,USD
IMP-03554,Jessica,Braun,imp.03554@acme-corp.com,Engineering,Engineer,L5,IE,2019-10-05,144562,EUR
IMP-03555,Pedro,Martin,imp.03555@acme-corp.com,Engineering,Engineer,L2,SG,2016-11-09,110113,SGD
IMP-03556,James,Martin,imp.03556@acme-corp.com,Operations,Manager,L4,US,2023-02-15,143240,USD
IMP-03557,Rosa,Moore,imp.03557@acme-corp.com,Engineering,Engineer,L2,AU,2015-10-26,92326,AUD
IMP-03558,Linda,Lee,imp.03558@acme-corp.com,HR,Manager,L2,IE,2015-04-24,58274,EUR
IMP-03559,Sung-min,Li,imp.03559@acme-corp.com,Engineering,Engineer,L3,US,2023-05-03,70160,USD
IMP-03560,Arjun,Johnson,imp.03560@acme-corp.com,Engineering,Engineer,L3,IE,2016-08-09,95726,EUR
IMP-03561,Susan,Becker,imp.03561@acme-corp.com,Engineering,Engineer,L1,ES,2023-01-05,56866,EUR
IMP-03562,Min,Gupta,imp.03562@acme-corp.com,Operations,Manager,L2,FR,2018-10-26,55048,EUR
IMP-03563,David,Zhang,imp.03563@acme-corp.com,Engineering,Engineer,L3,SE,2019-07-19,1136563,SEK
IMP-03564,Rosa,Williams,imp.03564@acme-corp.com,Engineering,Engineer,L5,AE,2024-05-09,169104,AED
IMP-03565,Elizabeth,Pillai,imp.03565@acme-corp.com,Engineering,Engineer,L3,CH,2024-07-25,163323,CHF
IMP-03566,Omar,Kumar,imp.03566@acme-corp.com,Sales,Analyst,L1,US,2017-04-11,157111,USD
IMP-03567,Patricia,Kang,imp.03567@acme-corp.com,Engineering,Engineer,L3,SG,2018-02-03,111009,SGD
IMP-03568,Jae-won,Garcia,imp.03568@acme-corp.com,Engineering,Engineer,L3,CH,2024-12-20,108590,CHF
IMP-03569,Karen,Fischer,imp.03569@acme-corp.com,Sales,Analyst,L5,IE,2022-12-18,116521,EUR
IMP-03570,Zhang,Martin,imp.03570@acme-corp.com,Operations,Manager,L1,SG,2021-02-09,133084,SGD
IMP-03571,Yusuf,Lee,imp.03571@acme-corp.com,HR,Manager,L2,NO,2022-12-09,971846,NOK
IMP-03572,Elizabeth,Yoon,imp.03572@acme-corp.com,Engineering,Engineer,L1,US,2015-11-26,179456,USD
IMP-03573,Carlos,Fischer,imp.03573@acme-corp.com,HR,Manager,L2,CH,2020-03-03,157913,CHF
IMP-03574,Jennifer,Anderson,imp.03574@acme-corp.com,Finance,Analyst,L6,SE,2020-08-17,689973,SEK
IMP-03575,Susan,Hoffmann,imp.03575@acme-corp.com,Operations,Manager,L4,SE,2020-05-05,533361,SEK
IMP-03576,Thomas,Zhou,imp.03576@acme-corp.com,Sales,Analyst,L2,TW,2015-12-04,2416667,TWD
IMP-03577,Karen,Hoffmann,imp.03577@acme-corp.com,Sales,Analyst,L5,GB,2016-11-24,136374,GBP
IMP-03578,Ahmed,Song,imp.03578@acme-corp.com,Engineering,Engineer,L6,AE,2022-05-15,341652,AED
IMP-03579,Luis,White,imp.03579@acme-corp.com,Engineering,Engineer,L3,ZA,2020-10-01,592881,ZAR
IMP-03580,Zara,Thomas,imp.03580@acme-corp.com,Engineering,Engineer,L1,ES,2020-06-09,112084,EUR
IMP-03581,Liu,Williams,imp.03581@acme-corp.com,Operations,Manager,L1,KR,2019-09-17,62727879,KRW
IMP-03582,Hassan,Joshi,imp.03582@acme-corp.com,Operations,Manager,L3,IE,2017-02-08,128136,EUR
IMP-03583,Aisha,Garcia,imp.03583@acme-corp.com,Finance,Analyst,L6,DE,2018-05-14,126277,EUR
IMP-03584,Joseph,Miller,imp.03584@acme-corp.com,Engineering,Engineer,L2,KR,2021-10-13,101141937,KRW
IMP-03585,David,Dupont,imp.03585@acme-corp.com,Engineering,Engineer,L5,US,2021-03-25,180822,USD
IMP-03586,Ahmed,Klein,imp.03586@acme-corp.com,Engineering,Engineer,L6,NO,2017-01-29,1060313,NOK
IMP-03587,Thomas,Laurent,imp.03587@acme-corp.com,Engineering,Engineer,L2,GB,2017-07-28,116070,GBP
IMP-03588,Charles,Williams,imp.03588@acme-corp.com,Finance,Analyst,L5,TW,2022-02-10,3247226,TWD
IMP-03589,Michael,Miller,imp.03589@acme-corp.com,Engineering,Engineer,L2,PL,2018-06-05,198187,PLN
IMP-03590,Francisco,Smith,imp.03590@acme-corp.com,Engineering,Engineer,L3,SE,2016-06-16,726239,SEK
IMP-03591,Jennifer,Schmidt,imp.03591@acme-corp.com,Finance,Analyst,L4,HK,2022-06-12,561857,HKD
IMP-03592,Ji-young,Jung,imp.03592@acme-corp.com,Sales,Analyst,L3,PL,2022-12-30,132240,PLN
IMP-03593,Zara,Taylor,imp.03593@acme-corp.com,Engineering,Engineer,L3,US,2017-01-29,123838,USD
IMP-03594,Carmen,Lee,imp.03594@acme-corp.com,Engineering,Engineer,L5,AE,2018-07-24,183462,AED
IMP-03595,Pedro,Patel,imp.03595@acme-corp.com,Engineering,Engineer,L1,CA,2023-05-14,143822,CAD
IMP-03596,James,Johnson,imp.03596@acme-corp.com,HR,Manager,L3,FR,2023-10-14,76709,EUR
IMP-03597,Maria,Thomas,imp.03597@acme-corp.com,Sales,Analyst,L4,GB,2022-05-27,47105,GBP
IMP-03598,Barbara,Wu,imp.03598@acme-corp.com,Operations,Manager,L1,DK,2017-02-08,475045,DKK
IMP-03599,David,Liu,imp.03599@acme-corp.com,Engineering,Engineer,L6,DK,2023-06-08,545314,DKK
IMP-03600,Richard,Fischer,imp.03600@acme-corp.com,Sales,Analyst,L6,CH,2016-07-05,195306,CHF
IMP-03601,Aisha,Kumar,imp.03601@acme-corp.com,Engineering,Engineer,L2,GB,2020-07-30,58879,GBP
IMP-03602,Yuki,Hoffmann,imp.03602@acme-corp.com,Engineering,Engineer,L5,IN,2023-06-27,1915130,INR
IMP-03603,Ibrahim,Weber,imp.03603@acme-corp.com,Sales,Analyst,L3,US,2015-10-01,112908,USD
IMP-03604,Sarah,Nair,imp.03604@acme-corp.com,Sales,Analyst,L2,DE,2023-02-13,140732,EUR
IMP-03605,James,Schmidt,imp.03605@acme-corp.com,Engineering,Engineer,L4,SG,2015-09-04,175774,SGD
IMP-03606,Takeshi,Song,imp.03606@acme-corp.com,Engineering,Engineer,L6,IN,2018-01-30,1625721,INR
IMP-03607,Liu,Gupta,imp.03607@acme-corp.com,Engineering,Engineer,L5,DE,2024-03-20,93986,EUR
IMP-03608,Jae-won,Kang,imp.03608@acme-corp.com,Engineering,Engineer,L6,GB,2023-02-10,73980,GBP
IMP-03609,Zara,White,imp.03609@acme-corp.com,Design,Designer,L5,AU,2018-05-19,164391,AUD
IMP-03610,David,Chen,imp.03610@acme-corp.com,Engineering,Engineer,L4,GB,2021-09-29,82173,GBP
IMP-03611,Michael,Li,imp.03611@acme-corp.com,Sales,Analyst,L4,DK,2020-12-08,436669,DKK
IMP-03612,Thomas,Wang,imp.03612@acme-corp.com,Design,Designer,L4,TW,2022-02-27,1868978,TWD
IMP-03613,Hiroshi,Gupta,imp.03613@acme-corp.com,Engineering,Engineer,L4,NL,2021-12-25,73534,EUR
IMP-03614,Michael,Kang,imp.03614@acme-corp.com,Engineering,Engineer,L5,IN,2020-03-27,4100570,INR
IMP-03615,Hiroshi,Joshi,imp.03615@acme-corp.com,Engineering,Engineer,L4,IE,2021-07-29,140093,EUR
IMP-03616,Thomas,Wang,imp.03616@acme-corp.com,Engineering,Engineer,L2,PL,2019-11-27,195894,PLN
IMP-03617,Kenji,Mehta,imp.03617@acme-corp.com,Engineering,Engineer,L3,ES,2023-03-07,101566,EUR
IMP-03618,Ahmed,Choi,imp.03618@acme-corp.com,HR,Manager,L5,ES,2020-12-29,141162,EUR
IMP-03619,Karen,Yang,imp.03619@acme-corp.com,Engineering,Engineer,L2,US,2018-09-24,98729,USD
IMP-03620,Yuna,Richter,imp.03620@acme-corp.com,Sales,Analyst,L4,NL,2018-06-21,140752,EUR
IMP-03621,Carlos,Nair,imp.03621@acme-corp.com,Engineering,Engineer,L3,IN,2022-11-07,2291854,INR
IMP-03622,Yuki,Kim,imp.03622@acme-corp.com,Design,Designer,L2,PL,2021-08-17,91686,PLN
IMP-03623,Yuna,Hoffmann,imp.03623@acme-corp.com,Engineering,Engineer,L2,HK,2020-05-19,489644,HKD
IMP-03624,Fatima,Martinez,imp.03624@acme-corp.com,Finance,Analyst,L4,IN,2021-07-04,2841668,INR
IMP-03625,Nancy,Kang,imp.03625@acme-corp.com,Engineering,Engineer,L4,FR,2022-04-21,142437,EUR
IMP-03626,Joseph,Lee,imp.03626@acme-corp.com,Sales,Analyst,L2,CH,2019-10-19,154513,CHF
IMP-03627,Aisha,Lee,imp.03627@acme-corp.com,Engineering,Engineer,L2,NL,2016-10-31,128140,EUR
IMP-03628,Maria,Chen,imp.03628@acme-corp.com,Engineering,Engineer,L3,AU,2021-01-11,75005,AUD
IMP-03629,Jose,Hoffmann,imp.03629@acme-corp.com,Sales,Analyst,L1,JP,2015-03-12,8724544,JPY
IMP-03630,Ananya,Joshi,imp.03630@acme-corp.com,HR,Manager,L3,AU,2022-06-03,178873,AUD
IMP-03631,Rosa,Pillai,imp.03631@acme-corp.com,Engineering,Engineer,L6,GB,2022-12-03,95693,GBP
IMP-03632,Sarah,Weber,imp.03632@acme-corp.com,Operations,Manager,L2,US,2020-10-17,70275,USD
IMP-03633,Pedro,Han,imp.03633@acme-corp.com,Engineering,Engineer,L2,SG,2024-12-12,82226,SGD
IMP-03634,Wei,Müller,imp.03634@acme-corp.com,Sales,Analyst,L3,MX,2021-03-08,1168423,MXN
IMP-03635,Kenji,Wang,imp.03635@acme-corp.com,HR,Manager,L4,HK,2019-10-27,923365,HKD
IMP-03636,Wei,Singh,imp.03636@acme-corp.com,Engineering,Engineer,L4,ZA,2017-07-14,1270170,ZAR
IMP-03637,Rahul,Chen,imp.03637@acme-corp.com,Operations,Manager,L4,NL,2017-06-06,62251,EUR
IMP-03638,David,Müller,imp.03638@acme-corp.com,Operations,Manager,L4,TW,2024-04-14,2763986,TWD
IMP-03639,Ji-young,Kim,imp.03639@acme-corp.com,Design,Designer,L3,SG,2024-10-24,183652,SGD
IMP-03640,Mary,Han,imp.03640@acme-corp.com,Engineering,Engineer,L6,CA,2023-10-30,171771,CAD
IMP-03641,Ananya,Jones,imp.03641@acme-corp.com,Engineering,Engineer,L4,IN,2024-05-17,898551,INR
IMP-03642,Pedro,Park,imp.03642@acme-corp.com,HR,Manager,L3,PL,2024-03-28,169683,PLN
IMP-03643,Nancy,Song,imp.03643@acme-corp.com,Operations,Manager,L4,DE,2024-09-14,129018,EUR
IMP-03644,Aisha,Reddy,imp.03644@acme-corp.com,Operations,Manager,L6,DK,2024-10-09,681595,DKK
IMP-03645,Min,Park,imp.03645@acme-corp.com,Sales,Analyst,L6,US,2021-07-19,210660,USD
IMP-03646,Isabel,Han,imp.03646@acme-corp.com,Engineering,Engineer,L4,HK,2017-09-02,779377,HKD
IMP-03647,Barbara,Zhou,imp.03647@acme-corp.com,Engineering,Engineer,L6,IN,2019-12-01,1874256,INR
IMP-03648,Liu,Brown,imp.03648@acme-corp.com,Sales,Analyst,L4,SG,2022-05-25,124725,SGD
IMP-03649,Jose,Zhang,imp.03649@acme-corp.com,Operations,Manager,L1,PL,2016-08-07,239800,PLN
IMP-03650,Zhang,Martinez,imp.03650@acme-corp.com,Sales,Analyst,L1,NO,2015-03-14,770636,NOK
IMP-03651,Zara,Moore,imp.03651@acme-corp.com,Engineering,Engineer,L3,HK,2022-02-05,990657,HKD
IMP-03652,Aisha,Martin,imp.03652@acme-corp.com,Finance,Analyst,L2,CH,2018-01-14,148786,CHF
IMP-03653,Rahul,Yoon,imp.03653@acme-corp.com,Operations,Manager,L4,GB,2023-02-02,143022,GBP
IMP-03654,Ibrahim,Yang,imp.03654@acme-corp.com,HR,Manager,L4,GB,2017-07-27,138405,GBP
IMP-03655,Chen,Johnson,imp.03655@acme-corp.com,Operations,Manager,L5,CA,2016-03-05,141158,CAD
IMP-03656,Jessica,Xu,imp.03656@acme-corp.com,Operations,Manager,L2,MX,2023-09-27,1099859,MXN
IMP-03657,Aisha,Wang,imp.03657@acme-corp.com,Engineering,Engineer,L3,GB,2018-09-03,46272,GBP
IMP-03658,Ji-young,Schulz,imp.03658@acme-corp.com,Design,Designer,L2,DE,2020-12-26,106686,EUR
IMP-03659,Francisco,Bernard,imp.03659@acme-corp.com,HR,Manager,L3,AU,2024-03-05,144248,AUD
IMP-03660,Aisha,Kim,imp.03660@acme-corp.com,Sales,Analyst,L3,NO,2016-12-31,1323114,NOK
IMP-03661,Jose,Schulz,imp.03661@acme-corp.com,Engineering,Engineer,L4,NL,2016-05-29,63438,EUR
IMP-03662,Kenji,Schulz,imp.03662@acme-corp.com,Engineering,Engineer,L3,AU,2020-01-30,124472,AUD
IMP-03663,Aisha,Sharma,imp.03663@acme-corp.com,Engineering,Engineer,L6,US,2017-05-05,83416,USD
IMP-03664,Joseph,David,imp.03664@acme-corp.com,Finance,Analyst,L3,TW,2020-08-06,1136528,TWD
IMP-03665,Sung-min,Schulz,imp.03665@acme-corp.com,Finance,Analyst,L6,HK,2015-05-09,339865,HKD
IMP-03666,Liu,Garcia,imp.03666@acme-corp.com,HR,Manager,L2,IN,2021-05-25,2660511,INR
IMP-03667,Hiroshi,Huang,imp.03667@acme-corp.com,Sales,Analyst,L2,US,2019-12-17,208970,USD
IMP-03668,Pedro,Hoffmann,imp.03668@acme-corp.com,Operations,Manager,L2,GB,2020-01-02,73982,GBP
IMP-03669,Jennifer,Li,imp.03669@acme-corp.com,Sales,Analyst,L5,DE,2016-05-25,68507,EUR
IMP-03670,Elizabeth,Li,imp.03670@acme-corp.com,Sales,Analyst,L6,CH,2017-11-13,119436,CHF
IMP-03671,Yuki,Sharma,imp.03671@acme-corp.com,Finance,Analyst,L6,SE,2024-05-09,517529,SEK
IMP-03672,Jennifer,Roux,imp.03672@acme-corp.com,Finance,Analyst,L1,DE,2017-07-29,129069,EUR
IMP-03673,Robert,Yoon,imp.03673@acme-corp.com,Operations,Manager,L5,CA,2024-09-15,172884,CAD
IMP-03674,Aisha,Wilson,imp.03674@acme-corp.com,Design,Designer,L2,HK,2016-09-03,853072,HKD
IMP-03675,Carmen,Sharma,imp.03675@acme-corp.com,Sales,Analyst,L1,FR,2017-06-10,101143,EUR
IMP-03676,Arjun,Lee,imp.03676@acme-corp.com,Operations,Manager,L1,DE,2020-02-20,61022,EUR
IMP-03677,Yusuf,Davis,imp.03677@acme-corp.com,Engineering,Engineer,L6,TW,2016-02-21,2535526,TWD
IMP-03678,Kenji,Liu,imp.03678@acme-corp.com,Operations,Manager,L4,CA,2021-02-10,156723,CAD
IMP-03679,Thomas,Garcia,imp.03679@acme-corp.com,Sales,Analyst,L4,SE,2021-01-08,512673,SEK
IMP-03680,Mei,Sharma,imp.03680@acme-corp.com,HR,Manager,L5,AU,2024-05-06,124916,AUD
IMP-03681,Wei,Roux,imp.03681@acme-corp.com,Engineering,Engineer,L1,DE,2024-04-15,92276,EUR
IMP-03682,Liu,Wang,imp.03682@acme-corp.com,Finance,Analyst,L3,JP,2019-11-05,15890412,JPY
IMP-03683,Zara,Kumar,imp.03683@acme-corp.com,Design,Designer,L3,IN,2021-01-08,4050746,INR
IMP-03684,Yuna,Joshi,imp.03684@acme-corp.com,Engineering,Engineer,L1,NO,2021-07-12,1388613,NOK
IMP-03685,Maria,Patel,imp.03685@acme-corp.com,HR,Manager,L4,HK,2016-10-22,852476,HKD
IMP-03686,Linda,Johnson,imp.03686@acme-corp.com,Operations,Manager,L4,SE,2022-11-14,530344,SEK
IMP-03687,Wei,Jones,imp.03687@acme-corp.com,Engineering,Engineer,L4,KR,2022-07-19,94156110,KRW
IMP-03688,Karen,Hoffmann,imp.03688@acme-corp.com,HR,Manager,L1,FR,2022-12-05,77829,EUR
IMP-03689,Jae-won,Taylor,imp.03689@acme-corp.com,Sales,Analyst,L6,SG,2021-07-20,144964,SGD
IMP-03690,William,Garcia,imp.03690@acme-corp.com,Sales,Analyst,L3,US,2018-12-29,148611,USD
IMP-03691,Carmen,Thomas,imp.03691@acme-corp.com,Finance,Analyst,L2,IN,2017-09-25,2038920,INR
IMP-03692,Barbara,Gupta,imp.03692@acme-corp.com,Finance,Analyst,L2,PL,2015-03-31,161099,PLN
IMP-03693,Pedro,Anderson,imp.03693@acme-corp.com,Sales,Analyst,L3,GB,2015-11-04,65987,GBP
IMP-03694,Min,Hernandez,imp.03694@acme-corp.com,Design,Designer,L5,SG,2017-12-07,105453,SGD
IMP-03695,Rosa,Simon,imp.03695@acme-corp.com,Engineering,Engineer,L5,US,2019-01-07,83084,USD
IMP-03696,Joseph,Reddy,imp.03696@acme-corp.com,Engineering,Engineer,L5,ES,2020-04-07,51248,EUR
IMP-03697,Barbara,Choi,imp.03697@acme-corp.com,Engineering,Engineer,L4,SG,2015-10-01,125448,SGD
IMP-03698,Richard,Yoon,imp.03698@acme-corp.com,Engineering,Engineer,L2,IN,2019-12-15,2064842,INR
IMP-03699,Priya,Müller,imp.03699@acme-corp.com,Operations,Manager,L3,ZA,2016-09-18,924709,ZAR
IMP-03700,Thomas,Song,imp.03700@acme-corp.com,Operations,Manager,L1,PL,2024-12-01,237187,PLN
IMP-03701,Kenji,Taylor,imp.03701@acme-corp.com,Design,Designer,L6,US,2022-06-24,168448,USD
IMP-03702,Sarah,Anderson,imp.03702@acme-corp.com,Engineering,Engineer,L1,PL,2020-01-03,135963,PLN
IMP-03703,Jose,Wilson,imp.03703@acme-corp.com,Finance,Analyst,L1,IE,2016-12-11,120219,EUR
IMP-03704,Carmen,Hernandez,imp.03704@acme-corp.com,Sales,Analyst,L2,HK,2022-04-17,353836,HKD
IMP-03705,Ananya,Yang,imp.03705@acme-corp.com,Engineering,Engineer,L3,FR,2022-12-13,63672,EUR
IMP-03706,Sung-min,Wu,imp.03706@acme-corp.com,Finance,Analyst,L1,DE,2018-05-17,116155,EUR
IMP-03707,Ana,Joshi,imp.03707@acme-corp.com,Sales,Analyst,L1,US,2016-01-04,86459,USD
IMP-03708,David,Mehta,imp.03708@acme-corp.com,Sales,Analyst,L2,US,2018-05-04,107235,USD
IMP-03709,Mei,Anderson,imp.03709@acme-corp.com,Sales,Analyst,L5,US,2016-01-25,117654,USD
IMP-03710,Ibrahim,Thompson,imp.03710@acme-corp.com,Sales,Analyst,L3,NL,2021-04-12,62438,EUR
IMP-03711,Chen,Fischer,imp.03711@acme-corp.com,Engineering,Engineer,L6,NL,2023-11-23,66715,EUR
IMP-03712,Zara,Simon,imp.03712@acme-corp.com,Operations,Manager,L1,CA,2018-06-17,87975,CAD
IMP-03713,Liu,Müller,imp.03713@acme-corp.com,Engineering,Engineer,L2,NL,2016-06-17,141612,EUR
IMP-03714,Jennifer,Kang,imp.03714@acme-corp.com,Sales,Analyst,L4,AU,2020-06-14,160861,AUD
IMP-03715,Carlos,Jackson,imp.03715@acme-corp.com,HR,Manager,L2,FR,2017-07-02,117741,EUR
IMP-03716,Akiko,Moreau,imp.03716@acme-corp.com,Engineering,Engineer,L4,HK,2021-03-26,873223,HKD
IMP-03717,Charles,Davis,imp.03717@acme-corp.com,Engineering,Engineer,L4,JP,2016-12-19,8913623,JPY
IMP-03718,Nancy,Jones,imp.03718@acme-corp.com,Operations,Manager,L5,MX,2024-02-06,1061014,MXN
IMP-03719,Wei,Kang,imp.03719@acme-corp.com,Finance,Analyst,L3,AE,2024-11-27,325606,AED
IMP-03720,Sarah,Sharma,imp.03720@acme-corp.com,Operations,Manager,L3,DE,2018-11-13,101973,EUR
IMP-03721,Thomas,Wilson,imp.03721@acme-corp.com,Design,Designer,L3,JP,2021-08-17,7180460,JPY
IMP-03722,Sarah,Dupont,imp.03722@acme-corp.com,Engineering,Engineer,L4,US,2016-11-21,76466,USD
IMP-03723,Maria,Park,imp.03723@acme-corp.com,Engineering,Engineer,L3,GB,2016-01-24,116367,GBP
IMP-03724,Zara,Zhang,imp.03724@acme-corp.com,Finance,Analyst,L1,US,2021-07-05,70369,USD
IMP-03725,Omar,Schulz,imp.03725@acme-corp.com,Engineering,Engineer,L5,IN,2021-05-14,1807815,INR
IMP-03726,Liu,Anderson,imp.03726@acme-corp.com,Sales,Analyst,L3,JP,2015-05-02,12473317,JPY
IMP-03727,Luis,Thomas,imp.03727@acme-corp.com,Engineering,Engineer,L6,CH,2018-07-20,160899,CHF
IMP-03728,Jennifer,Braun,imp.03728@acme-corp.com,Sales,Analyst,L5,MX,2021-01-18,1124492,MXN
IMP-03729,Thomas,Hernandez,imp.03729@acme-corp.com,Engineering,Engineer,L3,JP,2020-08-11,11023697,JPY
IMP-03730,Sakura,Anderson,imp.03730@acme-corp.com,Operations,Manager,L5,US,2016-09-05,94225,USD
IMP-03731,Linda,Hoffmann,imp.03731@acme-corp.com,Engineering,Engineer,L5,ES,2016-05-22,79216,EUR
IMP-03732,William,Müller,imp.03732@acme-corp.com,Finance,Analyst,L1,CA,2020-05-04,151411,CAD
IMP-03733,Ahmed,Fischer,imp.03733@acme-corp.com,Design,Designer,L2,SE,2015-05-14,1133210,SEK
IMP-03734,Fatima,Dupont,imp.03734@acme-corp.com,Sales,Analyst,L3,IE,2017-05-08,100638,EUR
IMP-03735,Charles,Patel,imp.03735@acme-corp.com,Sales,Analyst,L2,NO,2022-07-28,854671,NOK
IMP-03736,Robert,Zhou,imp.03736@acme-corp.com,Engineering,Engineer,L5,US,2020-01-02,88813,USD
IMP-03737,Layla,Wilson,imp.03737@acme-corp.com,Engineering,Engineer,L1,AU,2022-08-29,170630,AUD
IMP-03738,Karen,Dupont,imp.03738@acme-corp.com,Engineering,Engineer,L1,CH,2019-12-15,122747,CHF
IMP-03739,Takeshi,Bernard,imp.03739@acme-corp.com,Operations,Manager,L3,IN,2015-11-01,2701424,INR
IMP-03740,Yuki,Park,imp.03740@acme-corp.com,Engineering,Engineer,L2,US,2015-11-14,191041,USD
IMP-03741,Charles,Dupont,imp.03741@acme-corp.com,Engineering,Engineer,L4,SE,2016-03-01,728035,SEK
IMP-03742,Pedro,Jackson,imp.03742@acme-corp.com,Finance,Analyst,L5,AU,2020-02-09,130378,AUD
IMP-03743,Sakura,Reddy,imp.03743@acme-corp.com,Sales,Analyst,L5,US,2023-04-17,78866,USD
IMP-03744,Charles,Kumar,imp.03744@acme-corp.com,Engineering,Engineer,L4,NL,2018-02-14,83237,EUR
IMP-03745,Ananya,Kang,imp.03745@acme-corp.com,Engineering,Engineer,L1,AE,2022-03-23,423346,AED
IMP-03746,Min,Jones,imp.03746@acme-corp.com,Sales,Analyst,L5,FR,2023-02-18,53951,EUR
IMP-03747,Elizabeth,White,imp.03747@acme-corp.com,Sales,Analyst,L3,NO,2018-05-24,760453,NOK
IMP-03748,Wei,Nair,imp.03748@acme-corp.com,Finance,Analyst,L1,US,2021-09-21,81692,USD
IMP-03749,Yusuf,Zhou,imp.03749@acme-corp.com,Engineering,Engineer,L6,US,2023-02-20,212714,USD
IMP-03750,Aisha,Schmidt,imp.03750@acme-corp.com,Sales,Analyst,L1,GB,2023-06-14,141866,GBP
IMP-03751,Ji-young,Braun,imp.03751@acme-corp.com,HR,Manager,L6,TW,2017-02-10,1456767,TWD
IMP-03752,Priya,Johnson,imp.03752@acme-corp.com,Sales,Analyst,L6,AU,2017-03-26,144074,AUD
IMP-03753,Carlos,Li,imp.03753@acme-corp.com,Engineering,Engineer,L2,ZA,2018-12-12,664967,ZAR
IMP-03754,David,Taylor,imp.03754@acme-corp.com,Finance,Analyst,L2,US,2020-04-08,98013,USD
IMP-03755,Pedro,Jung,imp.03755@acme-corp.com,Operations,Manager,L2,JP,2016-05-29,5128622,JPY
IMP-03756,Zara,Laurent,imp.03756@acme-corp.com,Engineering,Engineer,L1,DE,2022-10-28,103211,EUR
IMP-03757,Thomas,Fischer,imp.03757@acme-corp.com,Engineering,Engineer,L6,NO,2015-07-29,761352,NOK
IMP-03758,Thomas,Laurent,imp.03758@acme-corp.com,Sales,Analyst,L1,GB,2019-05-08,108086,GBP
IMP-03759,Carlos,Yoon,imp.03759@acme-corp.com,Engineering,Engineer,L6,DE,2023-01-01,84646,EUR
IMP-03760,Maria,Patel,imp.03760@acme-corp.com,Operations,Manager,L3,TW,2020-03-22,2526566,TWD
IMP-03761,Fatima,Smith,imp.03761@acme-corp.com,Sales,Analyst,L2,IN,2019-02-10,1137123,INR
IMP-03762,Isabel,Weber,imp.03762@acme-corp.com,HR,Manager,L6,US,2023-06-15,135457,USD
IMP-03763,Charles,Liu,imp.03763@acme-corp.com,Finance,Analyst,L5,HK,2016-02-03,903652,HKD
IMP-03764,Akiko,Kim,imp.03764@acme-corp.com,Finance,Analyst,L1,CH,2017-10-15,110059,CHF
IMP-03765,Isabel,Huang,imp.03765@acme-corp.com,HR,Manager,L3,AE,2023-07-21,485898,AED
IMP-03766,Jose,Moore,imp.03766@acme-corp.com,Engineering,Engineer,L5,US,2016-04-04,196318,USD
IMP-03767,Layla,Singh,imp.03767@acme-corp.com,HR,Manager,L6,PL,2024-05-03,174593,PLN
IMP-03768,Richard,Laurent,imp.03768@acme-corp.com,Engineering,Engineer,L6,NL,2020-09-14,103599,EUR
IMP-03769,Fatima,Kang,imp.03769@acme-corp.com,Engineering,Engineer,L1,GB,2021-08-18,59960,GBP
IMP-03770,Robert,Jackson,imp.03770@acme-corp.com,Engineering,Engineer,L4,US,2021-02-17,150327,USD
IMP-03771,Chen,Martin,imp.03771@acme-corp.com,Operations,Manager,L4,AU,2023-11-07,121835,AUD
IMP-03772,Linda,Hoffmann,imp.03772@acme-corp.com,Sales,Analyst,L4,TW,2021-04-13,2681462,TWD
IMP-03773,Karen,Mehta,imp.03773@acme-corp.com,Engineering,Engineer,L6,DK,2021-02-22,946617,DKK
IMP-03774,Jose,Gupta,imp.03774@acme-corp.com,Operations,Manager,L4,NL,2015-06-14,78078,EUR
IMP-03775,Kenji,Hernandez,imp.03775@acme-corp.com,Finance,Analyst,L1,IE,2016-05-10,97197,EUR
IMP-03776,Patricia,Kim,imp.03776@acme-corp.com,Engineering,Engineer,L6,US,2016-11-13,186417,USD
IMP-03777,Nancy,Garcia,imp.03777@acme-corp.com,Sales,Analyst,L4,GB,2015-03-20,125209,GBP
IMP-03778,Yuki,Joshi,imp.03778@acme-corp.com,Engineering,Engineer,L3,KR,2016-10-14,117351090,KRW
IMP-03779,Robert,Zhou,imp.03779@acme-corp.com,Finance,Analyst,L5,DE,2024-05-27,103050,EUR
IMP-03780,Ibrahim,Jackson,imp.03780@acme-corp.com,Engineering,Engineer,L4,FR,2024-12-16,75953,EUR
IMP-03781,Fatima,Fischer,imp.03781@acme-corp.com,Design,Designer,L6,ES,2022-10-29,142625,EUR
IMP-03782,Chen,Song,imp.03782@acme-corp.com,Operations,Manager,L2,SG,2019-11-05,179175,SGD
IMP-03783,Charles,Michel,imp.03783@acme-corp.com,Engineering,Engineer,L6,ZA,2020-12-04,1237956,ZAR
IMP-03784,Omar,Kumar,imp.03784@acme-corp.com,Sales,Analyst,L1,CH,2022-10-05,134480,CHF
IMP-03785,Sung-min,David,imp.03785@acme-corp.com,Operations,Manager,L2,US,2024-04-19,125267,USD
IMP-03786,Jessica,Martin,imp.03786@acme-corp.com,Operations,Manager,L6,US,2016-02-08,99935,USD
IMP-03787,Kenji,Garcia,imp.03787@acme-corp.com,Engineering,Engineer,L3,MX,2017-01-12,1191506,MXN
IMP-03788,Kenji,Sharma,imp.03788@acme-corp.com,Engineering,Engineer,L1,ZA,2017-01-02,434108,ZAR
IMP-03789,Kenji,Davis,imp.03789@acme-corp.com,Finance,Analyst,L6,AU,2020-09-13,180968,AUD
IMP-03790,Hassan,Lee,imp.03790@acme-corp.com,Engineering,Engineer,L5,SE,2018-09-29,995956,SEK
IMP-03791,Karen,Fischer,imp.03791@acme-corp.com,Engineering,Engineer,L4,IN,2021-02-06,1686007,INR
IMP-03792,Pedro,Lim,imp.03792@acme-corp.com,Engineering,Engineer,L3,PL,2024-10-22,99512,PLN
IMP-03793,Mary,Kumar,imp.03793@acme-corp.com,Sales,Analyst,L4,GB,2024-11-16,115694,GBP
IMP-03794,Patricia,Garcia,imp.03794@acme-corp.com,Operations,Manager,L1,DE,2019-07-30,78503,EUR
IMP-03795,Arjun,Williams,imp.03795@acme-corp.com,Operations,Manager,L4,JP,2015-11-30,15859925,JPY
IMP-03796,Linda,Martin,imp.03796@acme-corp.com,Engineering,Engineer,L3,NO,2024-06-27,1158170,NOK
IMP-03797,Ibrahim,Moore,imp.03797@acme-corp.com,Engineering,Engineer,L4,HK,2016-01-17,551351,HKD
IMP-03798,Omar,Martin,imp.03798@acme-corp.com,Finance,Analyst,L6,JP,2015-03-02,13475047,JPY
IMP-03799,Aisha,Thomas,imp.03799@acme-corp.com,Sales,Analyst,L4,FR,2016-08-25,50014,EUR
IMP-03800,Yuna,Braun,imp.03800@acme-corp.com,Engineering,Engineer,L6,PL,2024-03-23,65945,PLN
IMP-03801,Omar,Xu,imp.03801@acme-corp.com,Engineering,Engineer,L1,AE,2019-01-27,539940,AED
IMP-03802,Michael,Martin,imp.03802@acme-corp.com,Sales,Analyst,L1,IE,2018-09-09,143018,EUR
IMP-03803,Zara,Roux,imp.03803@acme-corp.com,Engineering,Engineer,L1,US,2018-11-13,135073,USD
IMP-03804,Ahmed,Xu,imp.03804@acme-corp.com,HR,Manager,L4,US,2024-05-06,149252,USD
IMP-03805,Carlos,Davis,imp.03805@acme-corp.com,Engineering,Engineer,L3,SG,2016-03-20,93545,SGD
IMP-03806,Ana,Yang,imp.03806@acme-corp.com,Engineering,Engineer,L2,IE,2016-07-25,129864,EUR
IMP-03807,Sakura,Garcia,imp.03807@acme-corp.com,Finance,Analyst,L4,US,2017-11-22,185146,USD
IMP-03808,Jae-won,Garcia,imp.03808@acme-corp.com,Sales,Analyst,L6,KR,2018-08-27,95712452,KRW
IMP-03809,Takeshi,Wang,imp.03809@acme-corp.com,Engineering,Engineer,L1,IN,2020-09-25,3228663,INR
IMP-03810,William,David,imp.03810@acme-corp.com,Engineering,Engineer,L6,FR,2016-10-11,83173,EUR
IMP-03811,Yuki,Wang,imp.03811@acme-corp.com,Engineering,Engineer,L5,IE,2016-04-21,132036,EUR
IMP-03812,David,Dupont,imp.03812@acme-corp.com,Operations,Manager,L2,DE,2019-04-15,107845,EUR
IMP-03813,Zhang,Anderson,imp.03813@acme-corp.com,Engineering,Engineer,L3,NL,2019-01-25,91805,EUR
IMP-03814,Rosa,Bernard,imp.03814@acme-corp.com,Engineering,Engineer,L4,ES,2017-04-23,118640,EUR
IMP-03815,Sung-min,Richter,imp.03815@acme-corp.com,Engineering,Engineer,L3,JP,2017-12-24,14654690,JPY
IMP-03816,Susan,Garcia,imp.03816@acme-corp.com,Engineering,Engineer,L1,DE,2015-03-10,96293,EUR
IMP-03817,Hassan,Wang,imp.03817@acme-corp.com,Operations,Manager,L1,AU,2018-06-11,96058,AUD
IMP-03818,Robert,Wang,imp.03818@acme-corp.com,Engineering,Engineer,L5,AE,2019-05-18,485381,AED
IMP-03819,Zhang,Laurent,imp.03819@acme-corp.com,Sales,Analyst,L3,SE,2024-10-25,667822,SEK
IMP-03820,Carlos,Martin,imp.03820@acme-corp.com,Design,Designer,L3,US,2022-05-29,192089,USD
IMP-03821,Ananya,Davis,imp.03821@acme-corp.com,Engineering,Engineer,L1,CA,2023-07-23,97305,CAD
IMP-03822,Priya,Wilson,imp.03822@acme-corp.com,Finance,Analyst,L6,CA,2019-09-09,127514,CAD
IMP-03823,Arjun,Jackson,imp.03823@acme-corp.com,HR,Manager,L4,SG,2024-09-25,135320,SGD
IMP-03824,Hassan,Patel,imp.03824@acme-corp.com,Finance,Analyst,L1,SE,2018-07-26,725709,SEK
IMP-03825,James,Miller,imp.03825@acme-corp.com,Finance,Analyst,L4,DE,2022-02-03,113640,EUR
IMP-03826,Elizabeth,Jones,imp.03826@acme-corp.com,Engineering,Engineer,L4,IE,2023-07-24,73454,EUR
IMP-03827,Jennifer,Pillai,imp.03827@acme-corp.com,Engineering,Engineer,L1,TW,2017-08-02,2681329,TWD
IMP-03828,Yuki,Kim,imp.03828@acme-corp.com,Finance,Analyst,L1,HK,2024-03-09,1096198,HKD
IMP-03829,Sakura,Weber,imp.03829@acme-corp.com,Engineering,Engineer,L5,KR,2020-03-28,53908090,KRW
IMP-03830,Sung-min,Davis,imp.03830@acme-corp.com,Engineering,Engineer,L6,AU,2023-04-22,171448,AUD
IMP-03831,Sakura,Yang,imp.03831@acme-corp.com,Engineering,Engineer,L5,AE,2017-10-06,515921,AED
IMP-03832,Elizabeth,Zhang,imp.03832@acme-corp.com,Sales,Analyst,L5,CA,2022-04-17,108116,CAD
IMP-03833,Min,Michel,imp.03833@acme-corp.com,Operations,Manager,L6,CA,2019-01-02,77773,CAD
IMP-03834,Akiko,Kang,imp.03834@acme-corp.com,Finance,Analyst,L4,ZA,2015-07-04,1259508,ZAR
IMP-03835,Carlos,Jones,imp.03835@acme-corp.com,Operations,Manager,L1,DE,2017-05-12,89159,EUR
IMP-03836,Wei,Patel,imp.03836@acme-corp.com,Finance,Analyst,L2,US,2023-09-18,60815,USD
IMP-03837,Wei,Roux,imp.03837@acme-corp.com,Finance,Analyst,L3,GB,2021-02-28,129868,GBP
IMP-03838,Priya,Martin,imp.03838@acme-corp.com,Engineering,Engineer,L4,FR,2015-01-11,128278,EUR
IMP-03839,Maria,Moore,imp.03839@acme-corp.com,Design,Designer,L5,CA,2015-10-05,143615,CAD
IMP-03840,Zara,Martin,imp.03840@acme-corp.com,Design,Designer,L3,DE,2019-11-23,129441,EUR
IMP-03841,Rahul,Yang,imp.03841@acme-corp.com,HR,Manager,L5,MX,2022-04-13,1044162,MXN
IMP-03842,Yusuf,Anderson,imp.03842@acme-corp.com,Sales,Analyst,L1,DE,2020-08-17,115797,EUR
IMP-03843,Charles,Lim,imp.03843@acme-corp.com,Design,Designer,L5,US,2015-11-30,98485,USD
IMP-03844,Fatima,Martinez,imp.03844@acme-corp.com,Design,Designer,L3,AE,2023-01-14,200909,AED
IMP-03845,Takeshi,Reddy,imp.03845@acme-corp.com,HR,Manager,L1,NO,2020-02-06,719632,NOK
IMP-03846,Elizabeth,Lim,imp.03846@acme-corp.com,HR,Manager,L4,NL,2022-03-12,50562,EUR
IMP-03847,Liu,Thomas,imp.03847@acme-corp.com,Engineering,Engineer,L6,DK,2024-05-09,894670,DKK
IMP-03848,Maria,Wu,imp.03848@acme-corp.com,Operations,Manager,L2,US,2023-10-28,69296,USD
IMP-03849,Maria,Moore,imp.03849@acme-corp.com,Design,Designer,L1,CH,2018-09-22,114394,CHF
IMP-03850,Rahul,Park,imp.03850@acme-corp.com,Sales,Analyst,L1,AU,2023-12-13,161804,AUD
IMP-03851,Sung-min,Reddy,imp.03851@acme-corp.com,Finance,Analyst,L5,CA,2018-11-06,162631,CAD
IMP-03852,Chen,Han,imp.03852@acme-corp.com,Finance,Analyst,L4,AE,2022-09-18,167495,AED
IMP-03853,Omar,Mehta,imp.03853@acme-corp.com,Engineering,Engineer,L3,DK,2017-02-06,419615,DKK
IMP-03854,Michael,Klein,imp.03854@acme-corp.com,Operations,Manager,L5,FR,2016-03-06,131550,EUR
IMP-03855,Rosa,Zhou,imp.03855@acme-corp.com,Operations,Manager,L1,IN,2023-04-18,1186302,INR
IMP-03856,Sakura,Schulz,imp.03856@acme-corp.com,Operations,Manager,L3,AU,2022-12-31,108170,AUD
IMP-03857,Mary,Hernandez,imp.03857@acme-corp.com,HR,Manager,L5,AE,2016-08-25,524451,AED
IMP-03858,Ibrahim,Johnson,imp.03858@acme-corp.com,Operations,Manager,L3,US,2018-08-28,182924,USD
IMP-03859,Ahmed,Xu,imp.03859@acme-corp.com,Engineering,Engineer,L6,SG,2018-05-27,131947,SGD
IMP-03860,Luis,Garcia,imp.03860@acme-corp.com,Engineering,Engineer,L2,GB,2015-11-18,95040,GBP
IMP-03861,Pedro,Brown,imp.03861@acme-corp.com,Operations,Manager,L5,US,2022-08-10,185314,USD
IMP-03862,Mary,Schmidt,imp.03862@acme-corp.com,Sales,Analyst,L1,AU,2020-05-10,146401,AUD
IMP-03863,Mary,Miller,imp.03863@acme-corp.com,Finance,Analyst,L1,MX,2018-02-16,335074,MXN
IMP-03864,Michael,Song,imp.03864@acme-corp.com,HR,Manager,L5,AU,2016-09-23,130236,AUD
IMP-03865,Chen,Garcia,imp.03865@acme-corp.com,Engineering,Engineer,L5,GB,2022-02-21,85963,GBP
IMP-03866,Susan,Garcia,imp.03866@acme-corp.com,Finance,Analyst,L6,JP,2016-10-01,15317480,JPY
IMP-03867,Yusuf,Yang,imp.03867@acme-corp.com,Finance,Analyst,L2,DE,2023-04-21,120336,EUR
IMP-03868,Ji-young,Laurent,imp.03868@acme-corp.com,Sales,Analyst,L1,FR,2018-07-03,117944,EUR
IMP-03869,Luis,Pillai,imp.03869@acme-corp.com,Design,Designer,L5,MX,2015-01-14,1101973,MXN
IMP-03870,Zhang,White,imp.03870@acme-corp.com,Operations,Manager,L3,IE,2016-07-27,100025,EUR
IMP-03871,Francisco,Huang,imp.03871@acme-corp.com,Engineering,Engineer,L4,AU,2020-09-04,113883,AUD
IMP-03872,Linda,Weber,imp.03872@acme-corp.com,Sales,Analyst,L5,IN,2023-11-19,1228697,INR
IMP-03873,Ananya,Miller,imp.03873@acme-corp.com,Finance,Analyst,L1,DE,2018-11-23,111347,EUR
IMP-03874,Ibrahim,Wang,imp.03874@acme-corp.com,Finance,Analyst,L1,NL,2018-05-27,116341,EUR
IMP-03875,Charles,Kumar,imp.03875@acme-corp.com,Design,Designer,L4,IE,2016-11-16,89672,EUR
IMP-03876,Joseph,Jackson,imp.03876@acme-corp.com,HR,Manager,L4,PL,2016-06-18,93967,PLN
IMP-03877,Jose,Smith,imp.03877@acme-corp.com,Sales,Analyst,L5,AE,2020-09-17,278254,AED
IMP-03878,Ji-young,Roux,imp.03878@acme-corp.com,Sales,Analyst,L1,IE,2017-04-30,119647,EUR
IMP-03879,Linda,Simon,imp.03879@acme-corp.com,Engineering,Engineer,L4,CH,2016-04-04,171252,CHF
IMP-03880,Hiroshi,Becker,imp.03880@acme-corp.com,Sales,Analyst,L3,KR,2022-05-26,58973608,KRW
IMP-03881,Thomas,Anderson,imp.03881@acme-corp.com,HR,Manager,L4,DE,2021-02-16,148288,EUR
IMP-03882,Isabel,Song,imp.03882@acme-corp.com,Engineering,Engineer,L6,DE,2024-06-08,72725,EUR
IMP-03883,Luis,Braun,imp.03883@acme-corp.com,Engineering,Engineer,L4,SE,2020-08-16,681555,SEK
IMP-03884,Takeshi,Jackson,imp.03884@acme-corp.com,Engineering,Engineer,L1,AU,2022-03-20,147014,AUD
IMP-03885,Jose,Taylor,imp.03885@acme-corp.com,Design,Designer,L3,DK,2024-06-04,608895,DKK
IMP-03886,Pedro,Mehta,imp.03886@acme-corp.com,Operations,Manager,L2,IE,2018-06-20,111014,EUR
IMP-03887,Liu,David,imp.03887@acme-corp.com,Design,Designer,L1,SE,2020-11-12,1098450,SEK
IMP-03888,Mei,Braun,imp.03888@acme-corp.com,Finance,Analyst,L6,DE,2016-06-18,52280,EUR
IMP-03889,Nancy,Taylor,imp.03889@acme-corp.com,Sales,Analyst,L2,JP,2023-07-17,4502037,JPY
IMP-03890,Jessica,Xu,imp.03890@acme-corp.com,Operations,Manager,L6,CA,2022-12-24,172610,CAD
IMP-03891,Zara,Joshi,imp.03891@acme-corp.com,Finance,Analyst,L3,MX,2021-05-19,650500,MXN
IMP-03892,Jae-won,Klein,imp.03892@acme-corp.com,Operations,Manager,L3,JP,2018-04-01,11003132,JPY
IMP-03893,Carlos,Choi,imp.03893@acme-corp.com,Engineering,Engineer,L2,US,2018-05-26,135298,USD
IMP-03894,Susan,Fischer,imp.03894@acme-corp.com,Operations,Manager,L5,GB,2020-02-01,84914,GBP
IMP-03895,Linda,Lee,imp.03895@acme-corp.com,Operations,Manager,L4,GB,2020-11-12,56668,GBP
IMP-03896,Ananya,Williams,imp.03896@acme-corp.com,Sales,Analyst,L1,CA,2023-02-11,106068,CAD
IMP-03897,Ahmed,Williams,imp.03897@acme-corp.com,Engineering,Engineer,L3,US,2024-02-24,62344,USD
IMP-03898,Hiroshi,Patel,imp.03898@acme-corp.com,Operations,Manager,L3,SE,2018-12-06,939625,SEK
IMP-03899,Ahmed,Schmidt,imp.03899@acme-corp.com,Sales,Analyst,L2,NL,2018-11-13,107689,EUR
IMP-03900,Wei,Mehta,imp.03900@acme-corp.com,HR,Manager,L5,GB,2021-07-19,54195,GBP
IMP-03901,Mei,Wu,imp.03901@acme-corp.com,HR,Manager,L2,IN,2024-03-16,2842057,INR
IMP-03902,Fatima,Roux,imp.03902@acme-corp.com,Sales,Analyst,L6,IN,2016-06-07,2670535,INR
IMP-03903,Omar,Martinez,imp.03903@acme-corp.com,Engineering,Engineer,L1,FR,2015-06-29,123246,EUR
IMP-03904,Mary,Jones,imp.03904@acme-corp.com,HR,Manager,L6,DE,2024-05-06,90678,EUR
IMP-03905,Zara,Lee,imp.03905@acme-corp.com,Engineering,Engineer,L3,IE,2015-04-17,115922,EUR
IMP-03906,Takeshi,Anderson,imp.03906@acme-corp.com,Operations,Manager,L3,CH,2018-12-05,124140,CHF
IMP-03907,Carmen,Martin,imp.03907@acme-corp.com,HR,Manager,L6,US,2018-06-23,115446,USD
IMP-03908,David,Bernard,imp.03908@acme-corp.com,Sales,Analyst,L5,NO,2017-04-29,869760,NOK
IMP-03909,Omar,Pillai,imp.03909@acme-corp.com,HR,Manager,L4,DE,2016-05-13,147289,EUR
IMP-03910,Jae-won,White,imp.03910@acme-corp.com,Finance,Analyst,L2,CA,2019-05-28,87879,CAD
IMP-03911,Ananya,Hernandez,imp.03911@acme-corp.com,Operations,Manager,L1,DK,2017-03-18,981948,DKK
IMP-03912,Karen,Chen,imp.03912@acme-corp.com,Sales,Analyst,L6,US,2016-12-14,214118,USD
IMP-03913,Rosa,Lee,imp.03913@acme-corp.com,Engineering,Engineer,L2,TW,2023-12-19,2685489,TWD
IMP-03914,Michael,Wang,imp.03914@acme-corp.com,Sales,Analyst,L4,DE,2015-06-27,110243,EUR
IMP-03915,Ji-young,Garcia,imp.03915@acme-corp.com,Finance,Analyst,L1,TW,2021-05-05,2609377,TWD
IMP-03916,Rosa,Patel,imp.03916@acme-corp.com,Sales,Analyst,L5,GB,2015-09-01,157145,GBP
IMP-03917,Rahul,Zhang,imp.03917@acme-corp.com,Operations,Manager,L5,US,2016-01-31,98475,USD
IMP-03918,Yusuf,Lee,imp.03918@acme-corp.com,Finance,Analyst,L1,MX,2024-10-09,879069,MXN
IMP-03919,Omar,Fischer,imp.03919@acme-corp.com,Sales,Analyst,L2,IN,2019-02-03,3484462,INR
IMP-03920,Luis,Garcia,imp.03920@acme-corp.com,Sales,Analyst,L2,DK,2015-04-04,444402,DKK
IMP-03921,Zhang,Thomas,imp.03921@acme-corp.com,Design,Designer,L4,GB,2020-08-26,146126,GBP
IMP-03922,Maria,Pillai,imp.03922@acme-corp.com,Operations,Manager,L3,AU,2015-05-09,166541,AUD
IMP-03923,Ananya,Wu,imp.03923@acme-corp.com,Sales,Analyst,L5,NL,2017-05-21,134910,EUR
IMP-03924,Mary,Kumar,imp.03924@acme-corp.com,Engineering,Engineer,L3,CA,2024-09-23,96180,CAD
IMP-03925,Rahul,Sharma,imp.03925@acme-corp.com,Operations,Manager,L1,AU,2024-07-25,114420,AUD
IMP-03926,Maria,Wang,imp.03926@acme-corp.com,Engineering,Engineer,L5,KR,2020-03-17,63102312,KRW
IMP-03927,Richard,Sharma,imp.03927@acme-corp.com,Engineering,Engineer,L6,US,2017-08-20,74573,USD
IMP-03928,Linda,Klein,imp.03928@acme-corp.com,Finance,Analyst,L6,IN,2019-04-08,1207363,INR
IMP-03929,Ji-young,Chen,imp.03929@acme-corp.com,Operations,Manager,L1,CA,2015-03-20,157499,CAD
IMP-03930,Maria,Yang,imp.03930@acme-corp.com,Finance,Analyst,L4,DE,2015-03-22,93151,EUR
IMP-03931,Pedro,Thomas,imp.03931@acme-corp.com,HR,Manager,L6,IN,2022-05-08,2589739,INR
IMP-03932,Jessica,Dupont,imp.03932@acme-corp.com,Sales,Analyst,L5,CH,2017-12-06,109586,CHF
IMP-03933,Ahmed,Hoffmann,imp.03933@acme-corp.com,Finance,Analyst,L2,AU,2016-06-26,167661,AUD
IMP-03934,Richard,Hoffmann,imp.03934@acme-corp.com,Finance,Analyst,L4,IN,2017-11-30,836104,INR
IMP-03935,Patricia,Gupta,imp.03935@acme-corp.com,Sales,Analyst,L2,PL,2017-07-27,130974,PLN
IMP-03936,Linda,Lee,imp.03936@acme-corp.com,HR,Manager,L6,IN,2018-08-27,2832299,INR
IMP-03937,William,Bernard,imp.03937@acme-corp.com,Engineering,Engineer,L3,US,2018-11-15,171465,USD
IMP-03938,David,Davis,imp.03938@acme-corp.com,Engineering,Engineer,L5,CH,2023-05-23,151018,CHF
IMP-03939,Rahul,Moore,imp.03939@acme-corp.com,Sales,Analyst,L3,JP,2017-06-05,17376438,JPY
IMP-03940,Isabel,Patel,imp.03940@acme-corp.com,Engineering,Engineer,L1,FR,2017-06-14,64494,EUR
IMP-03941,Patricia,Sharma,imp.03941@acme-corp.com,Sales,Analyst,L4,TW,2017-10-29,1145204,TWD
IMP-03942,Barbara,Jackson,imp.03942@acme-corp.com,Sales,Analyst,L6,KR,2023-08-25,73163948,KRW
IMP-03943,Charles,Zhang,imp.03943@acme-corp.com,Sales,Analyst,L1,AE,2015-09-07,276988,AED
IMP-03944,Francisco,Singh,imp.03944@acme-corp.com,Finance,Analyst,L1,SE,2021-05-01,543522,SEK
IMP-03945,Isabel,Klein,imp.03945@acme-corp.com,Sales,Analyst,L4,DE,2020-02-04,95464,EUR
IMP-03946,Layla,Brown,imp.03946@acme-corp.com,Sales,Analyst,L4,IN,2020-02-11,4305048,INR
IMP-03947,Chen,Choi,imp.03947@acme-corp.com,Engineering,Engineer,L3,GB,2019-04-01,110660,GBP
IMP-03948,Nancy,Liu,imp.03948@acme-corp.com,Operations,Manager,L5,IN,2018-11-22,2059739,INR
IMP-03949,Yuki,Kim,imp.03949@acme-corp.com,Engineering,Engineer,L5,ES,2024-06-15,72027,EUR
IMP-03950,Jose,White,imp.03950@acme-corp.com,Sales,Analyst,L1,IE,2019-12-24,103680,EUR
IMP-03951,Isabel,Michel,imp.03951@acme-corp.com,Sales,Analyst,L5,IN,2022-07-19,960025,INR
IMP-03952,Jae-won,Johnson,imp.03952@acme-corp.com,Sales,Analyst,L1,AE,2016-06-08,291626,AED
IMP-03953,Liu,Garcia,imp.03953@acme-corp.com,Operations,Manager,L5,IN,2018-02-09,1901250,INR
IMP-03954,Jose,Jung,imp.03954@acme-corp.com,Engineering,Engineer,L1,ES,2022-02-05,140076,EUR
IMP-03955,Min,Kim,imp.03955@acme-corp.com,Engineering,Engineer,L3,GB,2015-10-11,127107,GBP
IMP-03956,Mei,Li,imp.03956@acme-corp.com,Engineering,Engineer,L2,GB,2022-09-30,126785,GBP
IMP-03957,Zhang,Wilson,imp.03957@acme-corp.com,Finance,Analyst,L2,FR,2020-12-06,148512,EUR
IMP-03958,Rosa,Kang,imp.03958@acme-corp.com,Engineering,Engineer,L3,PL,2017-05-30,159523,PLN
IMP-03959,Nancy,Simon,imp.03959@acme-corp.com,Design,Designer,L5,DE,2018-08-18,121524,EUR
IMP-03960,Ji-young,Brown,imp.03960@acme-corp.com,Sales,Analyst,L6,ES,2017-08-28,136757,EUR
IMP-03961,Akiko,Lee,imp.03961@acme-corp.com,HR,Manager,L6,GB,2018-02-05,123943,GBP
IMP-03962,Joseph,Becker,imp.03962@acme-corp.com,Sales,Analyst,L3,GB,2016-07-24,126062,GBP
IMP-03963,Patricia,Martinez,imp.03963@acme-corp.com,Sales,Analyst,L5,NO,2019-07-22,1268242,NOK
IMP-03964,Min,Gupta,imp.03964@acme-corp.com,HR,Manager,L3,KR,2021-12-04,102106750,KRW
IMP-03965,Fatima,Kang,imp.03965@acme-corp.com,HR,Manager,L4,AE,2015-01-31,216890,AED
IMP-03966,Yuki,Huang,imp.03966@acme-corp.com,Engineering,Engineer,L6,DK,2018-09-01,650047,DKK
IMP-03967,Mary,Sharma,imp.03967@acme-corp.com,HR,Manager,L3,DK,2016-07-01,922543,DKK
IMP-03968,Ji-young,David,imp.03968@acme-corp.com,Sales,Analyst,L5,NL,2018-02-05,104226,EUR
IMP-03969,James,Kim,imp.03969@acme-corp.com,Design,Designer,L5,SG,2017-05-16,127891,SGD
IMP-03970,Michael,Jackson,imp.03970@acme-corp.com,Engineering,Engineer,L5,DE,2024-09-20,96691,EUR
IMP-03971,William,Song,imp.03971@acme-corp.com,Finance,Analyst,L1,PL,2015-11-06,205480,PLN
IMP-03972,Akiko,Thomas,imp.03972@acme-corp.com,Sales,Analyst,L2,AE,2016-01-01,206630,AED
IMP-03973,Ananya,Yang,imp.03973@acme-corp.com,Operations,Manager,L6,ZA,2018-11-28,1010462,ZAR
IMP-03974,Arjun,Wang,imp.03974@acme-corp.com,Engineering,Engineer,L5,US,2024-05-25,171582,USD
IMP-03975,James,Yang,imp.03975@acme-corp.com,Finance,Analyst,L4,AU,2015-04-15,94180,AUD
IMP-03976,Omar,Martin,imp.03976@acme-corp.com,Engineering,Engineer,L2,AE,2022-08-30,425032,AED
IMP-03977,Robert,Roux,imp.03977@acme-corp.com,Engineering,Engineer,L5,NO,2018-06-06,1129453,NOK
IMP-03978,Omar,Thomas,imp.03978@acme-corp.com,Engineering,Engineer,L2,JP,2017-06-24,11353623,JPY
IMP-03979,Karen,Johnson,imp.03979@acme-corp.com,Operations,Manager,L2,US,2017-11-25,86463,USD
IMP-03980,Ahmed,Martin,imp.03980@acme-corp.com,HR,Manager,L5,NO,2016-06-18,1212750,NOK
IMP-03981,Ibrahim,Anderson,imp.03981@acme-corp.com,Finance,Analyst,L1,GB,2019-12-20,80194,GBP
IMP-03982,Jessica,Dupont,imp.03982@acme-corp.com,Sales,Analyst,L3,FR,2019-05-25,82169,EUR
IMP-03983,Michael,Roux,imp.03983@acme-corp.com,Design,Designer,L3,ZA,2022-04-21,738817,ZAR
IMP-03984,Charles,Wang,imp.03984@acme-corp.com,Finance,Analyst,L1,IN,2024-09-03,2662628,INR
IMP-03985,Michael,Schulz,imp.03985@acme-corp.com,Finance,Analyst,L4,AU,2017-11-13,164288,AUD
IMP-03986,Aisha,Choi,imp.03986@acme-corp.com,Engineering,Engineer,L3,DE,2020-09-18,108778,EUR
IMP-03987,Elizabeth,Song,imp.03987@acme-corp.com,Engineering,Engineer,L6,KR,2019-07-28,94194657,KRW
IMP-03988,Aisha,Michel,imp.03988@acme-corp.com,Engineering,Engineer,L5,GB,2022-05-18,47318,GBP
IMP-03989,Sakura,Garcia,imp.03989@acme-corp.com,Engineering,Engineer,L4,US,2020-08-03,193541,USD
IMP-03990,Ahmed,Nair,imp.03990@acme-corp.com,Engineering,Engineer,L1,KR,2020-04-05,69464060,KRW
IMP-03991,Chen,Nair,imp.03991@acme-corp.com,Finance,Analyst,L5,FR,2024-10-26,148939,EUR
IMP-03992,Thomas,Li,imp.03992@acme-corp.com,HR,Manager,L6,US,2017-04-23,126118,USD
IMP-03993,Ibrahim,David,imp.03993@acme-corp.com,Engineering,Engineer,L5,GB,2018-04-13,97112,GBP
IMP-03994,Yuna,Gupta,imp.03994@acme-corp.com,Operations,Manager,L6,IE,2022-09-17,50238,EUR
IMP-03995,Susan,Smith,imp.03995@acme-corp.com,HR,Manager,L5,US,2015-12-10,78125,USD
IMP-03996,Rahul,Martinez,imp.03996@acme-corp.com,Finance,Analyst,L6,US,2018-11-29,177266,USD
IMP-03997,Ji-young,Zhou,imp.03997@acme-corp.com,Operations,Manager,L3,NO,2015-09-27,655599,NOK
IMP-03998,Richard,Smith,imp.03998@acme-corp.com,Operations,Manager,L5,DE,2019-07-23,141410,EUR
IMP-03999,Barbara,Brown,imp.03999@acme-corp.com,Sales,Analyst,L6,SE,2016-10-04,431068,SEK
IMP-04000,Mei,Klein,imp.04000@acme-corp.com,Sales,Analyst,L3,MX,2021-04-08,1131527,MXN
IMP-04001,Fatima,Park,imp.04001@acme-corp.com,Sales,Analyst,L3,KR,2020-03-30,117450387,KRW
IMP-04002,Yuna,Liu,imp.04002@acme-corp.com,HR,Manager,L2,GB,2020-04-06,109476,GBP
IMP-04003,James,Müller,imp.04003@acme-corp.com,Engineering,Engineer,L3,GB,2019-01-26,111422,GBP
IMP-04004,Rosa,Huang,imp.04004@acme-corp.com,Finance,Analyst,L1,JP,2016-04-24,17312528,JPY
IMP-04005,Wei,Moore,imp.04005@acme-corp.com,Sales,Analyst,L4,AE,2017-07-20,510025,AED
IMP-04006,Sarah,David,imp.04006@acme-corp.com,HR,Manager,L3,GB,2018-01-21,118698,GBP
IMP-04007,Carmen,Dupont,imp.04007@acme-corp.com,Design,Designer,L3,US,2015-01-19,81005,USD
IMP-04008,Zhang,Garcia,imp.04008@acme-corp.com,HR,Manager,L1,KR,2020-03-01,57739221,KRW
IMP-04009,Min,Mehta,imp.04009@acme-corp.com,Finance,Analyst,L1,FR,2021-04-03,101147,EUR
IMP-04010,Ananya,Lee,imp.04010@acme-corp.com,Sales,Analyst,L1,DE,2023-04-13,129590,EUR
IMP-04011,Chen,Jung,imp.04011@acme-corp.com,Sales,Analyst,L1,MX,2019-05-10,524271,MXN
IMP-04012,Ahmed,Joshi,imp.04012@acme-corp.com,Design,Designer,L3,FR,2016-01-17,78680,EUR
IMP-04013,Thomas,Bernard,imp.04013@acme-corp.com,Finance,Analyst,L2,US,2016-07-11,68027,USD
IMP-04014,Joseph,Gupta,imp.04014@acme-corp.com,Engineering,Engineer,L2,SE,2023-09-03,553495,SEK
IMP-04015,William,Moore,imp.04015@acme-corp.com,Engineering,Engineer,L3,IN,2024-12-05,2103345,INR
IMP-04016,Liu,Chen,imp.04016@acme-corp.com,Engineering,Engineer,L3,AU,2020-07-31,136102,AUD
IMP-04017,Layla,Song,imp.04017@acme-corp.com,Design,Designer,L3,DE,2024-11-03,140310,EUR
IMP-04018,Zhang,Johnson,imp.04018@acme-corp.com,Engineering,Engineer,L3,US,2020-07-03,95910,USD
IMP-04019,Akiko,Johnson,imp.04019@acme-corp.com,Sales,Analyst,L5,IE,2021-02-03,91754,EUR
IMP-04020,Aisha,Kim,imp.04020@acme-corp.com,Engineering,Engineer,L2,AU,2024-04-29,163024,AUD
IMP-04021,Yuki,Sharma,imp.04021@acme-corp.com,HR,Manager,L4,IE,2021-06-03,101628,EUR
IMP-04022,Francisco,Garcia,imp.04022@acme-corp.com,Engineering,Engineer,L6,IE,2018-07-11,129681,EUR
IMP-04023,Rahul,Reddy,imp.04023@acme-corp.com,Engineering,Engineer,L1,DK,2022-02-22,545621,DKK
IMP-04024,Joseph,Schulz,imp.04024@acme-corp.com,Engineering,Engineer,L2,SG,2023-11-17,169569,SGD
IMP-04025,Yuki,Wu,imp.04025@acme-corp.com,Operations,Manager,L6,AU,2018-01-21,158710,AUD
IMP-04026,Yuna,Huang,imp.04026@acme-corp.com,HR,Manager,L1,PL,2017-04-07,154457,PLN
IMP-04027,Yusuf,Lee,imp.04027@acme-corp.com,Operations,Manager,L3,SE,2023-09-01,437798,SEK
IMP-04028,Linda,Roux,imp.04028@acme-corp.com,Sales,Analyst,L2,CA,2016-08-11,84524,CAD
IMP-04029,Zara,Schmidt,imp.04029@acme-corp.com,Operations,Manager,L5,JP,2023-09-29,17219466,JPY
IMP-04030,Mary,Chen,imp.04030@acme-corp.com,Engineering,Engineer,L2,US,2016-06-21,150374,USD
IMP-04031,Francisco,Michel,imp.04031@acme-corp.com,Engineering,Engineer,L4,SE,2020-11-08,547109,SEK
IMP-04032,Ahmed,Pillai,imp.04032@acme-corp.com,Sales,Analyst,L5,IN,2023-10-22,3269629,INR
IMP-04033,Rosa,Jackson,imp.04033@acme-corp.com,Engineering,Engineer,L5,IN,2018-06-15,3603918,INR
IMP-04034,Arjun,Thomas,imp.04034@acme-corp.com,Engineering,Engineer,L5,NL,2018-08-18,118028,EUR
IMP-04035,Yusuf,Braun,imp.04035@acme-corp.com,Engineering,Engineer,L2,GB,2020-03-06,54723,GBP
IMP-04036,Ji-young,Reddy,imp.04036@acme-corp.com,Engineering,Engineer,L1,US,2022-07-01,76614,USD
IMP-04037,Mary,Lee,imp.04037@acme-corp.com,Engineering,Engineer,L4,DE,2019-12-12,61269,EUR
IMP-04038,Ji-young,Pillai,imp.04038@acme-corp.com,Engineering,Engineer,L3,JP,2016-11-07,12029194,JPY
IMP-04039,Hassan,Garcia,imp.04039@acme-corp.com,Engineering,Engineer,L2,GB,2020-02-02,121948,GBP
IMP-04040,Francisco,Braun,imp.04040@acme-corp.com,Finance,Analyst,L4,PL,2017-09-30,220017,PLN
IMP-04041,Maria,Thompson,imp.04041@acme-corp.com,Sales,Analyst,L2,GB,2023-10-20,154698,GBP
IMP-04042,Sarah,Williams,imp.04042@acme-corp.com,Operations,Manager,L5,CH,2020-06-11,150794,CHF
IMP-04043,Ibrahim,Bernard,imp.04043@acme-corp.com,Engineering,Engineer,L5,GB,2024-05-08,112939,GBP
IMP-04044,Layla,Kim,imp.04044@acme-corp.com,Sales,Analyst,L3,CA,2023-10-28,128274,CAD
IMP-04045,Zara,Wu,imp.04045@acme-corp.com,Operations,Manager,L5,US,2020-02-01,160815,USD
IMP-04046,Zhang,Song,imp.04046@acme-corp.com,Finance,Analyst,L2,AE,2017-10-30,374616,AED
IMP-04047,Jennifer,Roux,imp.04047@acme-corp.com,Engineering,Engineer,L3,CH,2016-09-25,193446,CHF
IMP-04048,Omar,Chen,imp.04048@acme-corp.com,Design,Designer,L1,ES,2021-10-07,148119,EUR
IMP-04049,Rahul,Taylor,imp.04049@acme-corp.com,Finance,Analyst,L1,GB,2018-04-19,74455,GBP
IMP-04050,Yuna,Anderson,imp.04050@acme-corp.com,Sales,Analyst,L6,DK,2021-12-15,821919,DKK
IMP-04051,Patricia,Martin,imp.04051@acme-corp.com,Engineering,Engineer,L4,AE,2016-04-18,453648,AED
IMP-04052,Ananya,Pillai,imp.04052@acme-corp.com,Engineering,Engineer,L6,NO,2018-03-21,695760,NOK
IMP-04053,Yusuf,Schulz,imp.04053@acme-corp.com,Engineering,Engineer,L5,TW,2020-02-14,1031701,TWD
IMP-04054,Susan,Lee,imp.04054@acme-corp.com,Engineering,Engineer,L3,AU,2016-02-18,94254,AUD
IMP-04055,Jose,Taylor,imp.04055@acme-corp.com,Operations,Manager,L3,US,2019-04-09,184324,USD
IMP-04056,Mei,Schulz,imp.04056@acme-corp.com,Finance,Analyst,L1,US,2017-10-27,216685,USD
IMP-04057,Yusuf,Singh,imp.04057@acme-corp.com,Engineering,Engineer,L4,US,2022-07-08,189150,USD
IMP-04058,Chen,Nair,imp.04058@acme-corp.com,Sales,Analyst,L1,HK,2021-03-09,1065716,HKD
IMP-04059,Mary,Yang,imp.04059@acme-corp.com,Sales,Analyst,L5,DK,2015-05-21,753860,DKK
IMP-04060,Yuki,Yoon,imp.04060@acme-corp.com,Operations,Manager,L6,NL,2016-08-25,116264,EUR
IMP-04061,Hassan,Thompson,imp.04061@acme-corp.com,Engineering,Engineer,L3,IN,2022-01-22,1795783,INR
IMP-04062,Mary,Pillai,imp.04062@acme-corp.com,Engineering,Engineer,L2,IN,2021-08-22,4403371,INR
IMP-04063,Sarah,Anderson,imp.04063@acme-corp.com,Engineering,Engineer,L3,US,2024-10-22,172668,USD
IMP-04064,Jose,Taylor,imp.04064@acme-corp.com,Engineering,Engineer,L1,AU,2021-01-21,167879,AUD
IMP-04065,Patricia,Zhou,imp.04065@acme-corp.com,Finance,Analyst,L5,US,2019-04-26,215573,USD
IMP-04066,Maria,Huang,imp.04066@acme-corp.com,Operations,Manager,L6,IN,2017-06-13,2531952,INR
IMP-04067,Susan,Kim,imp.04067@acme-corp.com,Sales,Analyst,L4,KR,2021-07-03,64133096,KRW
IMP-04068,David,Richter,imp.04068@acme-corp.com,Operations,Manager,L6,ES,2024-02-23,78380,EUR
IMP-04069,Akiko,Klein,imp.04069@acme-corp.com,Engineering,Engineer,L3,IE,2022-08-02,143134,EUR
IMP-04070,Jessica,Moreau,imp.04070@acme-corp.com,Engineering,Engineer,L3,GB,2018-10-08,74472,GBP
IMP-04071,Charles,Kim,imp.04071@acme-corp.com,Engineering,Engineer,L1,ES,2016-06-05,69143,EUR
IMP-04072,Priya,Wang,imp.04072@acme-corp.com,Engineering,Engineer,L4,SG,2019-10-14,112139,SGD
IMP-04073,Arjun,Lee,imp.04073@acme-corp.com,Design,Designer,L3,HK,2019-01-23,643628,HKD
IMP-04074,Linda,Patel,imp.04074@acme-corp.com,Engineering,Engineer,L6,AE,2015-03-17,278907,AED
IMP-04075,Robert,Pillai,imp.04075@acme-corp.com,Sales,Analyst,L5,DE,2021-04-17,139557,EUR
IMP-04076,Ahmed,Johnson,imp.04076@acme-corp.com,HR,Manager,L6,ZA,2024-03-22,415846,ZAR
IMP-04077,Susan,Pillai,imp.04077@acme-corp.com,Design,Designer,L2,SE,2016-12-19,978827,SEK
IMP-04078,Yuna,Joshi,imp.04078@acme-corp.com,Operations,Manager,L1,GB,2016-01-25,65525,GBP
IMP-04079,Wei,Huang,imp.04079@acme-corp.com,Engineering,Engineer,L6,SG,2015-05-16,133547,SGD
IMP-04080,Nancy,Jung,imp.04080@acme-corp.com,Sales,Analyst,L6,HK,2018-04-01,509098,HKD
IMP-04081,Priya,Martin,imp.04081@acme-corp.com,Engineering,Engineer,L2,ES,2024-07-13,56398,EUR
IMP-04082,Francisco,Taylor,imp.04082@acme-corp.com,HR,Manager,L4,US,2019-10-15,167685,USD
IMP-04083,Ibrahim,Mehta,imp.04083@acme-corp.com,Sales,Analyst,L5,KR,2024-08-08,56958492,KRW
IMP-04084,Robert,Nair,imp.04084@acme-corp.com,Sales,Analyst,L2,US,2023-11-24,95392,USD
IMP-04085,Yuna,Smith,imp.04085@acme-corp.com,Engineering,Engineer,L4,AE,2018-08-28,432016,AED
IMP-04086,Rosa,Garcia,imp.04086@acme-corp.com,Finance,Analyst,L1,DK,2020-02-27,491346,DKK
IMP-04087,Sakura,Anderson,imp.04087@acme-corp.com,Finance,Analyst,L2,CH,2019-06-05,110631,CHF
IMP-04088,Ananya,Kim,imp.04088@acme-corp.com,Sales,Analyst,L1,US,2023-11-08,214818,USD
IMP-04089,Maria,Chen,imp.04089@acme-corp.com,Engineering,Engineer,L6,AE,2024-07-15,513365,AED
IMP-04090,James,Yoon,imp.04090@acme-corp.com,Engineering,Engineer,L5,ZA,2021-06-16,549903,ZAR
IMP-04091,Rosa,Singh,imp.04091@acme-corp.com,HR,Manager,L5,DE,2017-05-13,144886,EUR
IMP-04092,Mary,Wilson,imp.04092@acme-corp.com,Finance,Analyst,L1,FR,2017-01-24,137354,EUR
IMP-04093,Aisha,Martin,imp.04093@acme-corp.com,Sales,Analyst,L1,AE,2016-06-16,404976,AED
IMP-04094,Karen,Kang,imp.04094@acme-corp.com,Sales,Analyst,L4,HK,2024-10-02,430572,HKD
IMP-04095,Robert,Johnson,imp.04095@acme-corp.com,Finance,Analyst,L4,CH,2021-11-11,182488,CHF
IMP-04096,Ana,Mehta,imp.04096@acme-corp.com,Engineering,Engineer,L1,US,2016-12-25,161688,USD
IMP-04097,Hassan,Kim,imp.04097@acme-corp.com,Operations,Manager,L4,PL,2017-09-07,125083,PLN
IMP-04098,David,Martin,imp.04098@acme-corp.com,Operations,Manager,L4,DE,2019-09-02,65374,EUR
IMP-04099,Priya,Joshi,imp.04099@acme-corp.com,Sales,Analyst,L6,JP,2018-03-05,8831055,JPY
IMP-04100,David,Anderson,imp.04100@acme-corp.com,Finance,Analyst,L5,SE,2017-06-20,1087383,SEK
IMP-04101,Sung-min,Miller,imp.04101@acme-corp.com,Engineering,Engineer,L2,DE,2024-01-22,98871,EUR
IMP-04102,Zara,Smith,imp.04102@acme-corp.com,Operations,Manager,L4,IN,2024-06-11,3773639,INR
IMP-04103,Ahmed,Moore,imp.04103@acme-corp.com,Operations,Manager,L4,JP,2021-05-31,13512005,JPY
IMP-04104,Isabel,Yoon,imp.04104@acme-corp.com,Finance,Analyst,L1,FR,2021-11-22,90080,EUR
IMP-04105,Carlos,Singh,imp.04105@acme-corp.com,Finance,Analyst,L6,HK,2015-01-11,837550,HKD
IMP-04106,Yuki,Zhang,imp.04106@acme-corp.com,Finance,Analyst,L2,DE,2019-06-16,78285,EUR
IMP-04107,Susan,Wang,imp.04107@acme-corp.com,Finance,Analyst,L3,NO,2017-05-25,1154030,NOK
IMP-04108,Karen,Williams,imp.04108@acme-corp.com,HR,Manager,L1,JP,2017-01-06,13231150,JPY
IMP-04109,Arjun,Singh,imp.04109@acme-corp.com,Operations,Manager,L3,IN,2020-03-12,1776444,INR
IMP-04110,Karen,Pillai,imp.04110@acme-corp.com,Sales,Analyst,L3,US,2023-06-16,73944,USD
IMP-04111,Aisha,Sharma,imp.04111@acme-corp.com,Operations,Manager,L1,DE,2023-03-07,110902,EUR
IMP-04112,Jose,Williams,imp.04112@acme-corp.com,Sales,Analyst,L2,HK,2022-02-16,525986,HKD
IMP-04113,Mary,Kang,imp.04113@acme-corp.com,Operations,Manager,L5,TW,2023-08-02,1111495,TWD
IMP-04114,Jae-won,Bernard,imp.04114@acme-corp.com,Operations,Manager,L4,US,2019-09-08,219899,USD
IMP-04115,Jessica,Hoffmann,imp.04115@acme-corp.com,Operations,Manager,L3,CA,2017-08-22,140878,CAD
IMP-04116,Zara,Song,imp.04116@acme-corp.com,HR,Manager,L4,FR,2018-05-06,88540,EUR
IMP-04117,Priya,Kim,imp.04117@acme-corp.com,Engineering,Engineer,L6,CA,2022-10-02,128079,CAD
IMP-04118,Elizabeth,Müller,imp.04118@acme-corp.com,Finance,Analyst,L4,KR,2021-11-09,76022229,KRW
IMP-04119,Isabel,Braun,imp.04119@acme-corp.com,Engineering,Engineer,L3,SG,2017-04-23,121137,SGD
IMP-04120,Yuki,Li,imp.04120@acme-corp.com,HR,Manager,L2,US,2018-03-17,213975,USD
IMP-04121,Aisha,Nair,imp.04121@acme-corp.com,HR,Manager,L5,FR,2016-03-11,89675,EUR
IMP-04122,Wei,Fischer,imp.04122@acme-corp.com,Operations,Manager,L3,ZA,2020-10-15,1281332,ZAR
IMP-04123,Jose,Zhou,imp.04123@acme-corp.com,HR,Manager,L1,US,2024-03-21,207296,USD
IMP-04124,Patricia,Hoffmann,imp.04124@acme-corp.com,Engineering,Engineer,L6,AU,2024-11-03,100471,AUD
IMP-04125,Barbara,Michel,imp.04125@acme-corp.com,Finance,Analyst,L5,CA,2017-10-23,80095,CAD
IMP-04126,Michael,Smith,imp.04126@acme-corp.com,Sales,Analyst,L2,AU,2024-11-02,185085,AUD
IMP-04127,Nancy,Williams,imp.04127@acme-corp.com,Sales,Analyst,L2,AE,2024-04-19,359807,AED
IMP-04128,Arjun,Hernandez,imp.04128@acme-corp.com,Operations,Manager,L5,SG,2016-04-04,73225,SGD
IMP-04129,Arjun,Hernandez,imp.04129@acme-corp.com,Engineering,Engineer,L4,IN,2023-06-15,3327100,INR
IMP-04130,Ji-young,Lee,imp.04130@acme-corp.com,Engineering,Engineer,L4,FR,2015-12-01,144701,EUR
IMP-04131,Liu,Weber,imp.04131@acme-corp.com,Sales,Analyst,L2,DK,2020-06-10,413218,DKK
IMP-04132,Thomas,Moore,imp.04132@acme-corp.com,Engineering,Engineer,L1,HK,2017-05-09,1034085,HKD
IMP-04133,Sung-min,Miller,imp.04133@acme-corp.com,Engineering,Engineer,L2,GB,2020-12-13,96052,GBP
IMP-04134,Karen,Laurent,imp.04134@acme-corp.com,Finance,Analyst,L5,SG,2017-02-16,199681,SGD
IMP-04135,Jessica,Lee,imp.04135@acme-corp.com,Design,Designer,L6,ZA,2020-07-17,1132458,ZAR
IMP-04136,Carmen,Klein,imp.04136@acme-corp.com,Finance,Analyst,L3,IN,2016-11-07,1789820,INR
IMP-04137,Joseph,Li,imp.04137@acme-corp.com,Engineering,Engineer,L1,CH,2019-04-16,129347,CHF
IMP-04138,Rosa,Anderson,imp.04138@acme-corp.com,Operations,Manager,L2,DE,2021-07-28,102877,EUR
IMP-04139,Fatima,David,imp.04139@acme-corp.com,Engineering,Engineer,L6,AU,2023-10-02,131846,AUD
IMP-04140,Jennifer,Müller,imp.04140@acme-corp.com,Sales,Analyst,L4,US,2022-01-26,200186,USD
IMP-04141,Chen,Jung,imp.04141@acme-corp.com,Engineering,Engineer,L1,NL,2023-06-24,57365,EUR
IMP-04142,Jennifer,Huang,imp.04142@acme-corp.com,Engineering,Engineer,L5,US,2015-12-13,66250,USD
IMP-04143,Wei,Pillai,imp.04143@acme-corp.com,Finance,Analyst,L5,NL,2017-11-19,56235,EUR
IMP-04144,Jae-won,Moreau,imp.04144@acme-corp.com,Finance,Analyst,L2,GB,2017-05-26,86004,GBP
IMP-04145,Mei,Liu,imp.04145@acme-corp.com,Operations,Manager,L4,FR,2017-01-10,61627,EUR
IMP-04146,Maria,Singh,imp.04146@acme-corp.com,Operations,Manager,L6,AE,2022-07-04,483329,AED
IMP-04147,Linda,Singh,imp.04147@acme-corp.com,Engineering,Engineer,L2,GB,2023-04-17,109178,GBP
IMP-04148,Elizabeth,Simon,imp.04148@acme-corp.com,Sales,Analyst,L2,US,2015-03-27,150171,USD
IMP-04149,Liu,Wang,imp.04149@acme-corp.com,Operations,Manager,L4,GB,2018-11-14,73145,GBP
IMP-04150,David,Singh,imp.04150@acme-corp.com,Sales,Analyst,L5,IN,2020-08-02,3827052,INR
IMP-04151,Layla,Thomas,imp.04151@acme-corp.com,Sales,Analyst,L3,US,2020-11-29,150343,USD
IMP-04152,Priya,Liu,imp.04152@acme-corp.com,HR,Manager,L4,KR,2019-12-31,66136012,KRW
IMP-04153,Sakura,Brown,imp.04153@acme-corp.com,Design,Designer,L3,DE,2019-01-31,123589,EUR
IMP-04154,Luis,Kim,imp.04154@acme-corp.com,Design,Designer,L1,NL,2015-08-25,118060,EUR
IMP-04155,Takeshi,Zhou,imp.04155@acme-corp.com,Operations,Manager,L1,NL,2024-03-20,145181,EUR
IMP-04156,Min,Hernandez,imp.04156@acme-corp.com,Design,Designer,L2,DE,2015-12-04,126827,EUR
IMP-04157,Arjun,Jackson,imp.04157@acme-corp.com,HR,Manager,L1,GB,2016-10-13,86500,GBP
IMP-04158,Karen,Pillai,imp.04158@acme-corp.com,HR,Manager,L6,SG,2020-11-30,74805,SGD
IMP-04159,Michael,Yang,imp.04159@acme-corp.com,HR,Manager,L4,TW,2021-06-29,1648876,TWD
IMP-04160,Yuna,Schmidt,imp.04160@acme-corp.com,Engineering,Engineer,L5,SE,2017-03-20,619956,SEK
IMP-04161,Jennifer,Simon,imp.04161@acme-corp.com,HR,Manager,L5,HK,2021-09-03,341649,HKD
IMP-04162,Richard,Hoffmann,imp.04162@acme-corp.com,Sales,Analyst,L2,TW,2023-02-05,2494201,TWD
IMP-04163,Hassan,Garcia,imp.04163@acme-corp.com,Engineering,Engineer,L4,JP,2021-05-04,13012101,JPY
IMP-04164,Yusuf,Yoon,imp.04164@acme-corp.com,Finance,Analyst,L6,HK,2019-12-13,1147408,HKD
IMP-04165,Richard,Sharma,imp.04165@acme-corp.com,Sales,Analyst,L2,KR,2023-04-09,42737095,KRW
IMP-04166,Robert,Zhou,imp.04166@acme-corp.com,HR,Manager,L2,DK,2017-12-21,975456,DKK
IMP-04167,Rosa,Sharma,imp.04167@acme-corp.com,Engineering,Engineer,L1,GB,2016-04-24,157181,GBP
IMP-04168,Liu,Martinez,imp.04168@acme-corp.com,HR,Manager,L4,SE,2018-11-15,953043,SEK
IMP-04169,Rahul,Patel,imp.04169@acme-corp.com,Engineering,Engineer,L6,IN,2023-03-14,2608869,INR
IMP-04170,Maria,Mehta,imp.04170@acme-corp.com,HR,Manager,L4,DK,2023-11-02,698280,DKK
IMP-04171,Pedro,Choi,imp.04171@acme-corp.com,Engineering,Engineer,L4,CA,2020-01-05,171867,CAD
IMP-04172,Akiko,Garcia,imp.04172@acme-corp.com,Engineering,Engineer,L2,FR,2017-08-10,86001,EUR
IMP-04173,Kenji,Garcia,imp.04173@acme-corp.com,HR,Manager,L1,AE,2016-08-05,478190,AED
IMP-04174,Patricia,Martinez,imp.04174@acme-corp.com,Engineering,Engineer,L2,ZA,2016-11-21,1056211,ZAR
IMP-04175,Kenji,Jones,imp.04175@acme-corp.com,Operations,Manager,L2,CH,2016-10-13,159265,CHF
IMP-04176,David,Michel,imp.04176@acme-corp.com,Design,Designer,L1,US,2016-06-14,215170,USD
IMP-04177,Sung-min,Hernandez,imp.04177@acme-corp.com,Engineering,Engineer,L1,DK,2021-09-15,596105,DKK
IMP-04178,Ana,Simon,imp.04178@acme-corp.com,HR,Manager,L1,ZA,2022-11-11,650028,ZAR
IMP-04179,Luis,David,imp.04179@acme-corp.com,Engineering,Engineer,L3,GB,2022-06-11,144363,GBP
IMP-04180,Linda,Huang,imp.04180@acme-corp.com,Sales,Analyst,L3,SG,2023-03-19,162098,SGD
IMP-04181,Sung-min,Dupont,imp.04181@acme-corp.com,Finance,Analyst,L6,HK,2022-06-22,824757,HKD
IMP-04182,Ji-young,Martinez,imp.04182@acme-corp.com,Operations,Manager,L5,GB,2024-07-13,124655,GBP
IMP-04183,Ananya,Xu,imp.04183@acme-corp.com,Operations,Manager,L6,US,2020-08-22,167175,USD
IMP-04184,Susan,Chen,imp.04184@acme-corp.com,Operations,Manager,L4,KR,2024-10-03,45103062,KRW
IMP-04185,Linda,Huang,imp.04185@acme-corp.com,Design,Designer,L5,GB,2017-01-03,97289,GBP
IMP-04186,Fatima,Smith,imp.04186@acme-corp.com,Sales,Analyst,L3,JP,2024-04-15,17593683,JPY
IMP-04187,Pedro,Michel,imp.04187@acme-corp.com,Finance,Analyst,L2,PL,2016-08-29,115696,PLN
IMP-04188,Charles,Nair,imp.04188@acme-corp.com,Sales,Analyst,L2,IE,2021-03-15,93636,EUR
IMP-04189,Sakura,Moreau,imp.04189@acme-corp.com,Finance,Analyst,L1,PL,2022-12-29,157845,PLN
IMP-04190,Michael,Richter,imp.04190@acme-corp.com,Engineering,Engineer,L1,NL,2024-04-19,60565,EUR
IMP-04191,Zhang,Hernandez,imp.04191@acme-corp.com,HR,Manager,L2,FR,2020-08-03,66785,EUR
IMP-04192,Maria,Zhang,imp.04192@acme-corp.com,Sales,Analyst,L3,GB,2015-09-05,148620,GBP
IMP-04193,Michael,Moore,imp.04193@acme-corp.com,Finance,Analyst,L6,IE,2015-01-07,63275,EUR
IMP-04194,Maria,Liu,imp.04194@acme-corp.com,Engineering,Engineer,L2,NL,2021-02-09,130910,EUR
IMP-04195,Wei,Lee,imp.04195@acme-corp.com,Engineering,Engineer,L4,CA,2016-04-03,135758,CAD
IMP-04196,Pedro,Chen,imp.04196@acme-corp.com,HR,Manager,L1,ZA,2022-08-18,773410,ZAR
IMP-04197,Jessica,Laurent,imp.04197@acme-corp.com,HR,Manager,L3,TW,2020-08-27,1598267,TWD
IMP-04198,Susan,Thomas,imp.04198@acme-corp.com,Engineering,Engineer,L3,GB,2024-02-19,118785,GBP
IMP-04199,Sakura,Martinez,imp.04199@acme-corp.com,Engineering,Engineer,L4,CA,2023-02-27,67398,CAD
IMP-04200,Rosa,Li,imp.04200@acme-corp.com,Operations,Manager,L6,GB,2018-07-18,80612,GBP
IMP-04201,Karen,Laurent,imp.04201@acme-corp.com,Finance,Analyst,L1,US,2015-01-28,215133,USD
IMP-04202,Sarah,Huang,imp.04202@acme-corp.com,Sales,Analyst,L6,JP,2024-05-08,16395107,JPY
IMP-04203,Akiko,Braun,imp.04203@acme-corp.com,Sales,Analyst,L5,NL,2016-05-31,127835,EUR
IMP-04204,Layla,Schulz,imp.04204@acme-corp.com,Finance,Analyst,L4,US,2022-04-27,126731,USD
IMP-04205,Hassan,Wilson,imp.04205@acme-corp.com,Operations,Manager,L2,US,2016-06-17,117685,USD
IMP-04206,Wei,Moreau,imp.04206@acme-corp.com,Operations,Manager,L3,SE,2016-07-19,771687,SEK
IMP-04207,Maria,Schulz,imp.04207@acme-corp.com,Finance,Analyst,L2,US,2021-05-12,213947,USD
IMP-04208,Jennifer,Müller,imp.04208@acme-corp.com,Engineering,Engineer,L6,US,2016-06-17,171802,USD
IMP-04209,Barbara,Moore,imp.04209@acme-corp.com,Finance,Analyst,L3,CH,2015-06-03,133508,CHF
IMP-04210,Mei,Richter,imp.04210@acme-corp.com,HR,Manager,L2,AE,2016-05-29,121085,AED
IMP-04211,Ibrahim,Xu,imp.04211@acme-corp.com,Sales,Analyst,L6,AE,2019-01-06,233013,AED
IMP-04212,Jose,Reddy,imp.04212@acme-corp.com,Engineering,Engineer,L3,IE,2019-09-26,100625,EUR
IMP-04213,Robert,Choi,imp.04213@acme-corp.com,Finance,Analyst,L5,PL,2017-06-29,212813,PLN
IMP-04214,Ana,Bernard,imp.04214@acme-corp.com,Engineering,Engineer,L2,US,2015-01-06,116326,USD
IMP-04215,Rosa,Choi,imp.04215@acme-corp.com,Engineering,Engineer,L1,PL,2015-08-21,108861,PLN
IMP-04216,Mei,Hernandez,imp.04216@acme-corp.com,HR,Manager,L2,US,2020-10-04,157853,USD
IMP-04217,Elizabeth,Laurent,imp.04217@acme-corp.com,Sales,Analyst,L6,DE,2024-07-18,122846,EUR
IMP-04218,Mei,Taylor,imp.04218@acme-corp.com,Operations,Manager,L1,IN,2023-02-18,4071226,INR
IMP-04219,Elizabeth,Choi,imp.04219@acme-corp.com,Finance,Analyst,L2,US,2023-06-15,109520,USD
IMP-04220,Mary,Brown,imp.04220@acme-corp.com,Sales,Analyst,L4,CA,2024-03-09,141145,CAD
IMP-04221,William,Thomas,imp.04221@acme-corp.com,Sales,Analyst,L5,DK,2022-11-29,1046551,DKK
IMP-04222,Arjun,Huang,imp.04222@acme-corp.com,Sales,Analyst,L6,DE,2023-03-09,133672,EUR
IMP-04223,Linda,Müller,imp.04223@acme-corp.com,HR,Manager,L1,US,2016-04-05,218923,USD
IMP-04224,Takeshi,Wang,imp.04224@acme-corp.com,Sales,Analyst,L4,SG,2019-02-15,92236,SGD
IMP-04225,James,Zhou,imp.04225@acme-corp.com,Finance,Analyst,L5,JP,2020-01-02,17059360,JPY
IMP-04226,Karen,Dupont,imp.04226@acme-corp.com,Sales,Analyst,L4,NO,2015-08-20,1229554,NOK
IMP-04227,Layla,Schmidt,imp.04227@acme-corp.com,Engineering,Engineer,L4,US,2016-02-05,189079,USD
IMP-04228,Ananya,Weber,imp.04228@acme-corp.com,Finance,Analyst,L4,AU,2017-11-11,160966,AUD
IMP-04229,Jessica,Park,imp.04229@acme-corp.com,Engineering,Engineer,L4,DE,2019-11-12,114136,EUR
IMP-04230,Jose,Martinez,imp.04230@acme-corp.com,Engineering,Engineer,L4,CA,2018-09-09,97949,CAD
IMP-04231,Sakura,Michel,imp.04231@acme-corp.com,Operations,Manager,L5,AE,2024-04-09,360453,AED
IMP-04232,Carlos,Kumar,imp.04232@acme-corp.com,Operations,Manager,L4,JP,2018-12-24,16810870,JPY
IMP-04233,Richard,Lim,imp.04233@acme-corp.com,Engineering,Engineer,L3,IN,2017-05-14,3250464,INR
IMP-04234,Luis,Hernandez,imp.04234@acme-corp.com,Operations,Manager,L1,AE,2016-08-25,235069,AED
IMP-04235,Fatima,Yoon,imp.04235@acme-corp.com,Sales,Analyst,L4,NO,2017-05-13,984517,NOK
IMP-04236,Susan,Liu,imp.04236@acme-corp.com,Engineering,Engineer,L5,PL,2019-06-20,71650,PLN
IMP-04237,David,Wang,imp.04237@acme-corp.com,HR,Manager,L4,US,2017-07-15,72037,USD
IMP-04238,Linda,Martin,imp.04238@acme-corp.com,Sales,Analyst,L6,US,2023-01-06,112147,USD
IMP-04239,Min,Moore,imp.04239@acme-corp.com,Engineering,Engineer,L3,SE,2021-12-05,995526,SEK
IMP-04240,Elizabeth,Smith,imp.04240@acme-corp.com,Sales,Analyst,L1,IE,2016-08-16,122273,EUR
IMP-04241,Barbara,Kumar,imp.04241@acme-corp.com,Engineering,Engineer,L3,KR,2017-02-23,122081798,KRW
IMP-04242,Robert,Hernandez,imp.04242@acme-corp.com,Engineering,Engineer,L5,SG,2024-02-07,199268,SGD
IMP-04243,Rosa,Hoffmann,imp.04243@acme-corp.com,Design,Designer,L4,KR,2017-11-09,108836539,KRW
IMP-04244,Min,Patel,imp.04244@acme-corp.com,Finance,Analyst,L4,SG,2023-01-26,115498,SGD
IMP-04245,Ahmed,Thompson,imp.04245@acme-corp.com,Sales,Analyst,L4,IN,2019-06-12,2277161,INR
IMP-04246,Michael,Brown,imp.04246@acme-corp.com,Operations,Manager,L3,CA,2015-12-19,77329,CAD
IMP-04247,Michael,Becker,imp.04247@acme-corp.com,Engineering,Engineer,L1,US,2015-09-15,99134,USD
IMP-04248,Ji-young,Fischer,imp.04248@acme-corp.com,Engineering,Engineer,L2,TW,2022-03-17,3425833,TWD
IMP-04249,Kenji,Singh,imp.04249@acme-corp.com,Design,Designer,L1,IN,2015-02-12,3247037,INR
IMP-04250,Ibrahim,White,imp.04250@acme-corp.com,Finance,Analyst,L4,NO,2022-03-08,501488,NOK
IMP-04251,Elizabeth,Park,imp.04251@acme-corp.com,Design,Designer,L1,US,2021-03-13,205063,USD
IMP-04252,Chen,Reddy,imp.04252@acme-corp.com,Finance,Analyst,L3,KR,2019-10-05,105041433,KRW
IMP-04253,Ahmed,Jung,imp.04253@acme-corp.com,HR,Manager,L6,ES,2017-08-21,57769,EUR
IMP-04254,Chen,Singh,imp.04254@acme-corp.com,Sales,Analyst,L2,ZA,2021-06-05,674550,ZAR
IMP-04255,Rahul,Garcia,imp.04255@acme-corp.com,Design,Designer,L5,MX,2018-07-02,475948,MXN
IMP-04256,Jae-won,Schulz,imp.04256@acme-corp.com,HR,Manager,L2,DE,2024-05-03,116997,EUR
IMP-04257,Ibrahim,Li,imp.04257@acme-corp.com,Engineering,Engineer,L5,CA,2020-10-13,67878,CAD
IMP-04258,Aisha,Song,imp.04258@acme-corp.com,Operations,Manager,L1,FR,2021-02-22,136675,EUR
IMP-04259,Arjun,Liu,imp.04259@acme-corp.com,Sales,Analyst,L4,US,2017-08-08,145779,USD
IMP-04260,Priya,David,imp.04260@acme-corp.com,Engineering,Engineer,L1,NO,2020-06-24,914128,NOK
IMP-04261,Liu,Zhang,imp.04261@acme-corp.com,Sales,Analyst,L6,US,2017-12-11,213191,USD
IMP-04262,Wei,Jackson,imp.04262@acme-corp.com,Engineering,Engineer,L2,HK,2018-04-07,692323,HKD
IMP-04263,Rosa,Simon,imp.04263@acme-corp.com,Engineering,Engineer,L6,PL,2016-10-02,135457,PLN
IMP-04264,Patricia,Roux,imp.04264@acme-corp.com,Operations,Manager,L6,IE,2023-02-19,80926,EUR
IMP-04265,Sung-min,Mehta,imp.04265@acme-corp.com,Engineering,Engineer,L6,US,2019-05-15,205010,USD
IMP-04266,Min,Huang,imp.04266@acme-corp.com,Finance,Analyst,L2,IN,2017-12-08,854824,INR
IMP-04267,Ananya,Becker,imp.04267@acme-corp.com,Operations,Manager,L1,ES,2018-05-08,136579,EUR
IMP-04268,Michael,Garcia,imp.04268@acme-corp.com,Finance,Analyst,L5,SE,2018-12-11,1038411,SEK
IMP-04269,Francisco,Han,imp.04269@acme-corp.com,HR,Manager,L1,US,2016-06-04,139269,USD
IMP-04270,Thomas,Müller,imp.04270@acme-corp.com,Engineering,Engineer,L2,JP,2018-07-30,11994990,JPY
IMP-04271,Kenji,Schulz,imp.04271@acme-corp.com,Finance,Analyst,L6,NO,2015-11-11,1012314,NOK
IMP-04272,Hassan,Dupont,imp.04272@acme-corp.com,Finance,Analyst,L5,AE,2015-04-23,492888,AED
IMP-04273,Zara,Pillai,imp.04273@acme-corp.com,Operations,Manager,L2,IN,2019-05-05,3218634,INR
IMP-04274,Jose,Han,imp.04274@acme-corp.com,Design,Designer,L1,FR,2015-05-08,66772,EUR
IMP-04275,Jennifer,Müller,imp.04275@acme-corp.com,Design,Designer,L4,FR,2023-12-11,100234,EUR
IMP-04276,Zhang,Kim,imp.04276@acme-corp.com,Engineering,Engineer,L6,NL,2019-08-26,117317,EUR
IMP-04277,Thomas,Gupta,imp.04277@acme-corp.com,Finance,Analyst,L6,HK,2020-09-13,749097,HKD
IMP-04278,Aisha,Thompson,imp.04278@acme-corp.com,Engineering,Engineer,L2,JP,2021-05-11,16220054,JPY
IMP-04279,Thomas,Jung,imp.04279@acme-corp.com,Operations,Manager,L2,US,2021-02-20,174272,USD
IMP-04280,Yuki,Jackson,imp.04280@acme-corp.com,Engineering,Engineer,L2,MX,2017-07-06,909858,MXN
IMP-04281,Layla,Joshi,imp.04281@acme-corp.com,Engineering,Engineer,L1,PL,2021-06-22,164147,PLN
IMP-04282,Kenji,Weber,imp.04282@acme-corp.com,Finance,Analyst,L4,IE,2017-01-22,118686,EUR
IMP-04283,Karen,Martinez,imp.04283@acme-corp.com,Engineering,Engineer,L3,FR,2016-06-29,106893,EUR
IMP-04284,James,Simon,imp.04284@acme-corp.com,Design,Designer,L1,CA,2021-03-27,95294,CAD
IMP-04285,Sakura,Joshi,imp.04285@acme-corp.com,Engineering,Engineer,L4,AU,2015-09-26,154661,AUD
IMP-04286,Karen,Dupont,imp.04286@acme-corp.com,Operations,Manager,L6,US,2023-06-04,144274,USD
IMP-04287,Liu,Martin,imp.04287@acme-corp.com,Sales,Analyst,L2,JP,2017-12-31,13969384,JPY
IMP-04288,Karen,Williams,imp.04288@acme-corp.com,Design,Designer,L4,GB,2017-11-18,83084,GBP
IMP-04289,Isabel,Wu,imp.04289@acme-corp.com,Sales,Analyst,L3,TW,2016-08-24,1466146,TWD
IMP-04290,Maria,Laurent,imp.04290@acme-corp.com,Engineering,Engineer,L1,NL,2024-12-08,111536,EUR
IMP-04291,Jose,Jung,imp.04291@acme-corp.com,HR,Manager,L3,HK,2015-02-11,443345,HKD
IMP-04292,Karen,Gupta,imp.04292@acme-corp.com,Finance,Analyst,L5,TW,2017-06-15,831645,TWD
IMP-04293,Isabel,David,imp.04293@acme-corp.com,Operations,Manager,L5,ZA,2021-09-14,958252,ZAR
IMP-04294,Hiroshi,Patel,imp.04294@acme-corp.com,Sales,Analyst,L1,IN,2018-10-06,3926703,INR
IMP-04295,Mary,Lee,imp.04295@acme-corp.com,Operations,Manager,L4,TW,2022-09-02,1487348,TWD
IMP-04296,Ananya,Lee,imp.04296@acme-corp.com,Engineering,Engineer,L3,IN,2024-12-19,1566499,INR
IMP-04297,Zhang,Park,imp.04297@acme-corp.com,Engineering,Engineer,L2,PL,2021-01-31,116972,PLN
IMP-04298,Zhang,Li,imp.04298@acme-corp.com,Engineering,Engineer,L2,IE,2015-10-13,106813,EUR
IMP-04299,Chen,Choi,imp.04299@acme-corp.com,Engineering,Engineer,L6,IN,2021-12-21,1941126,INR
IMP-04300,Arjun,Reddy,imp.04300@acme-corp.com,Design,Designer,L3,US,2015-03-03,154902,USD
IMP-04301,Robert,Williams,imp.04301@acme-corp.com,Engineering,Engineer,L1,DE,2017-11-01,125230,EUR
IMP-04302,Zhang,Davis,imp.04302@acme-corp.com,Operations,Manager,L2,US,2018-03-04,141339,USD
IMP-04303,Yuki,Anderson,imp.04303@acme-corp.com,Engineering,Engineer,L3,IN,2016-01-25,3461462,INR
IMP-04304,Takeshi,Zhou,imp.04304@acme-corp.com,Sales,Analyst,L2,AE,2023-11-07,435122,AED
IMP-04305,Jennifer,Thompson,imp.04305@acme-corp.com,Engineering,Engineer,L1,JP,2024-06-11,4760160,JPY
IMP-04306,Joseph,Miller,imp.04306@acme-corp.com,Engineering,Engineer,L6,HK,2018-04-11,718933,HKD
IMP-04307,Yuki,Williams,imp.04307@acme-corp.com,Sales,Analyst,L4,US,2021-03-20,146479,USD
IMP-04308,Liu,Becker,imp.04308@acme-corp.com,Sales,Analyst,L6,NO,2020-01-18,707922,NOK
IMP-04309,Mei,Brown,imp.04309@acme-corp.com,Engineering,Engineer,L4,GB,2021-09-14,87530,GBP
IMP-04310,Elizabeth,Schmidt,imp.04310@acme-corp.com,Engineering,Engineer,L3,FR,2020-10-31,99682,EUR
IMP-04311,Joseph,Braun,imp.04311@acme-corp.com,Finance,Analyst,L5,DE,2020-06-30,117160,EUR
IMP-04312,Jennifer,Garcia,imp.04312@acme-corp.com,Engineering,Engineer,L6,US,2022-09-17,126712,USD
IMP-04313,Aisha,Jackson,imp.04313@acme-corp.com,HR,Manager,L6,US,2021-02-20,173590,USD
IMP-04314,Carmen,Moreau,imp.04314@acme-corp.com,Finance,Analyst,L1,IE,2020-07-24,144896,EUR
IMP-04315,Francisco,Thomas,imp.04315@acme-corp.com,Engineering,Engineer,L4,GB,2018-05-24,107545,GBP
IMP-04316,David,Garcia,imp.04316@acme-corp.com,Finance,Analyst,L2,ES,2023-03-15,113017,EUR
IMP-04317,Sarah,Hoffmann,imp.04317@acme-corp.com,Engineering,Engineer,L1,DE,2019-10-18,70794,EUR
IMP-04318,Wei,Klein,imp.04318@acme-corp.com,Engineering,Engineer,L6,SG,2018-09-06,173571,SGD
IMP-04319,Ji-young,Roux,imp.04319@acme-corp.com,Engineering,Engineer,L3,SE,2022-04-22,576821,SEK
IMP-04320,Joseph,Garcia,imp.04320@acme-corp.com,Engineering,Engineer,L4,DE,2020-09-14,51797,EUR
IMP-04321,Arjun,Thompson,imp.04321@acme-corp.com,Operations,Manager,L6,AU,2024-04-03,159595,AUD
IMP-04322,Luis,Schmidt,imp.04322@acme-corp.com,Engineering,Engineer,L2,IN,2022-05-14,4302936,INR
IMP-04323,Isabel,Miller,imp.04323@acme-corp.com,Sales,Analyst,L4,SE,2015-06-05,872229,SEK
IMP-04324,Liu,Wu,imp.04324@acme-corp.com,HR,Manager,L5,US,2018-05-25,164967,USD
IMP-04325,Mary,Roux,imp.04325@acme-corp.com,Engineering,Engineer,L6,IN,2023-12-26,1027561,INR
IMP-04326,Takeshi,Michel,imp.04326@acme-corp.com,Engineering,Engineer,L1,DK,2018-09-09,493133,DKK
IMP-04327,Sarah,Reddy,imp.04327@acme-corp.com,Sales,Analyst,L6,AU,2022-01-23,95285,AUD
IMP-04328,Aisha,Hernandez,imp.04328@acme-corp.com,Sales,Analyst,L1,SG,2021-08-27,147878,SGD
IMP-04329,Arjun,Smith,imp.04329@acme-corp.com,HR,Manager,L1,ES,2022-01-31,126981,EUR
IMP-04330,Jae-won,Roux,imp.04330@acme-corp.com,Operations,Manager,L1,ES,2019-07-04,146292,EUR
IMP-04331,Barbara,Martinez,imp.04331@acme-corp.com,Engineering,Engineer,L2,US,2021-05-25,167477,USD
IMP-04332,Joseph,Fischer,imp.04332@acme-corp.com,Engineering,Engineer,L4,US,2016-08-28,70959,USD
IMP-04333,Linda,Dupont,imp.04333@acme-corp.com,Sales,Analyst,L2,SE,2016-03-30,1073643,SEK
IMP-04334,Ana,David,imp.04334@acme-corp.com,Engineering,Engineer,L4,DK,2019-05-26,929202,DKK
IMP-04335,Takeshi,Xu,imp.04335@acme-corp.com,Sales,Analyst,L3,US,2023-11-17,122747,USD
IMP-04336,Rahul,Joshi,imp.04336@acme-corp.com,Engineering,Engineer,L4,FR,2020-01-07,63894,EUR
IMP-04337,Arjun,Lim,imp.04337@acme-corp.com,Engineering,Engineer,L3,NL,2021-10-02,84132,EUR
IMP-04338,Ji-young,Becker,imp.04338@acme-corp.com,Engineering,Engineer,L3,DK,2019-03-05,1101760,DKK
IMP-04339,Kenji,Park,imp.04339@acme-corp.com,Operations,Manager,L5,IE,2015-10-06,78738,EUR
IMP-04340,Kenji,Schulz,imp.04340@acme-corp.com,Engineering,Engineer,L4,IE,2024-11-10,77765,EUR
IMP-04341,Priya,Zhang,imp.04341@acme-corp.com,Finance,Analyst,L4,AE,2015-08-30,441108,AED
IMP-04342,Takeshi,Brown,imp.04342@acme-corp.com,Engineering,Engineer,L3,GB,2017-02-11,84015,GBP
IMP-04343,Luis,Davis,imp.04343@acme-corp.com,Engineering,Engineer,L2,NO,2022-03-21,1291338,NOK
IMP-04344,Joseph,Richter,imp.04344@acme-corp.com,Engineering,Engineer,L3,JP,2015-03-18,11348879,JPY
IMP-04345,Carmen,Michel,imp.04345@acme-corp.com,Sales,Analyst,L4,IE,2016-09-07,73892,EUR
IMP-04346,Min,Pillai,imp.04346@acme-corp.com,Sales,Analyst,L1,AU,2018-11-28,168751,AUD
IMP-04347,Zhang,Lee,imp.04347@acme-corp.com,Finance,Analyst,L3,CA,2016-06-22,151333,CAD
IMP-04348,Ana,David,imp.04348@acme-corp.com,Operations,Manager,L3,AE,2018-04-19,267846,AED
IMP-04349,Patricia,Johnson,imp.04349@acme-corp.com,Engineering,Engineer,L6,AE,2024-12-26,249311,AED
IMP-04350,Thomas,Lim,imp.04350@acme-corp.com,Sales,Analyst,L3,FR,2015-09-28,71073,EUR
IMP-04351,Ibrahim,Moore,imp.04351@acme-corp.com,Engineering,Engineer,L2,JP,2024-07-04,6571117,JPY
IMP-04352,Ji-young,Taylor,imp.04352@acme-corp.com,Sales,Analyst,L6,FR,2015-07-15,116148,EUR
IMP-04353,Linda,Singh,imp.04353@acme-corp.com,Sales,Analyst,L6,DK,2024-11-05,970061,DKK
IMP-04354,Francisco,Schmidt,imp.04354@acme-corp.com,Operations,Manager,L6,US,2015-09-13,128927,USD
IMP-04355,Sung-min,Song,imp.04355@acme-corp.com,Engineering,Engineer,L4,MX,2019-10-22,664110,MXN
IMP-04356,Carmen,Nair,imp.04356@acme-corp.com,HR,Manager,L5,ZA,2016-08-18,955348,ZAR
IMP-04357,Wei,Michel,imp.04357@acme-corp.com,Engineering,Engineer,L6,NO,2021-09-21,507137,NOK
IMP-04358,Pedro,Martin,imp.04358@acme-corp.com,Sales,Analyst,L6,GB,2018-12-02,108612,GBP
IMP-04359,Sung-min,Moreau,imp.04359@acme-corp.com,Engineering,Engineer,L3,NL,2017-09-22,92665,EUR
IMP-04360,Susan,Lee,imp.04360@acme-corp.com,Sales,Analyst,L1,US,2024-04-05,65194,USD
IMP-04361,Kenji,Williams,imp.04361@acme-corp.com,Engineering,Engineer,L6,NL,2019-06-04,138559,EUR
IMP-04362,James,Han,imp.04362@acme-corp.com,Operations,Manager,L3,US,2017-12-29,106871,USD
IMP-04363,Akiko,Hernandez,imp.04363@acme-corp.com,Finance,Analyst,L2,GB,2018-03-17,62051,GBP
IMP-04364,Luis,Nair,imp.04364@acme-corp.com,Engineering,Engineer,L1,GB,2016-12-25,69102,GBP
IMP-04365,Liu,Kang,imp.04365@acme-corp.com,Sales,Analyst,L4,US,2019-04-04,164309,USD
IMP-04366,Karen,Taylor,imp.04366@acme-corp.com,Sales,Analyst,L4,ES,2016-06-01,59252,EUR
IMP-04367,Yusuf,Martin,imp.04367@acme-corp.com,Sales,Analyst,L3,IN,2023-06-23,3640624,INR
IMP-04368,Linda,Schulz,imp.04368@acme-corp.com,Operations,Manager,L5,CA,2019-07-09,95737,CAD
IMP-04369,Zara,Martin,imp.04369@acme-corp.com,Finance,Analyst,L5,US,2017-06-21,215871,USD
IMP-04370,Ananya,Moreau,imp.04370@acme-corp.com,Engineering,Engineer,L5,JP,2024-10-18,11448199,JPY
IMP-04371,Francisco,Pillai,imp.04371@acme-corp.com,Sales,Analyst,L4,FR,2016-12-12,105889,EUR
IMP-04372,Ibrahim,Huang,imp.04372@acme-corp.com,Engineering,Engineer,L5,DE,2017-02-08,113845,EUR
IMP-04373,Thomas,Simon,imp.04373@acme-corp.com,Engineering,Engineer,L4,CA,2023-01-18,70705,CAD
IMP-04374,Sung-min,Yang,imp.04374@acme-corp.com,Sales,Analyst,L1,NO,2019-10-03,1038453,NOK
IMP-04375,Sakura,Zhang,imp.04375@acme-corp.com,Engineering,Engineer,L3,DE,2023-03-24,105106,EUR
IMP-04376,Mei,Mehta,imp.04376@acme-corp.com,Engineering,Engineer,L5,CA,2019-07-20,161062,CAD
IMP-04377,Barbara,Roux,imp.04377@acme-corp.com,Sales,Analyst,L2,ZA,2017-12-26,1391799,ZAR
IMP-04378,Carlos,Chen,imp.04378@acme-corp.com,Sales,Analyst,L4,KR,2023-07-30,85266968,KRW
IMP-04379,Mei,Yoon,imp.04379@acme-corp.com,Design,Designer,L5,US,2020-12-21,212762,USD
IMP-04380,Susan,Thomas,imp.04380@acme-corp.com,Design,Designer,L3,TW,2020-04-06,2195894,TWD
IMP-04381,Charles,Williams,imp.04381@acme-corp.com,Design,Designer,L1,HK,2024-06-23,306391,HKD
IMP-04382,William,Thompson,imp.04382@acme-corp.com,Sales,Analyst,L5,ES,2019-04-09,143905,EUR
IMP-04383,Barbara,Huang,imp.04383@acme-corp.com,Engineering,Engineer,L4,NO,2024-03-22,777215,NOK
IMP-04384,Michael,Martinez,imp.04384@acme-corp.com,Engineering,Engineer,L1,KR,2022-10-01,113806881,KRW
IMP-04385,Sakura,Schulz,imp.04385@acme-corp.com,Sales,Analyst,L2,CA,2016-09-04,143398,CAD
IMP-04386,Mei,Hernandez,imp.04386@acme-corp.com,Sales,Analyst,L5,KR,2015-09-13,73913995,KRW
IMP-04387,Thomas,Richter,imp.04387@acme-corp.com,Operations,Manager,L1,AU,2021-10-04,179483,AUD
IMP-04388,Patricia,Wu,imp.04388@acme-corp.com,Design,Designer,L1,DE,2015-03-06,142131,EUR
IMP-04389,Joseph,Joshi,imp.04389@acme-corp.com,Design,Designer,L5,GB,2015-11-03,96750,GBP
IMP-04390,Richard,White,imp.04390@acme-corp.com,Engineering,Engineer,L3,US,2018-06-21,65285,USD
IMP-04391,Hassan,Davis,imp.04391@acme-corp.com,Design,Designer,L5,MX,2017-11-28,376705,MXN
IMP-04392,Wei,Roux,imp.04392@acme-corp.com,Operations,Manager,L3,KR,2024-11-28,40549734,KRW
IMP-04393,Francisco,Choi,imp.04393@acme-corp.com,Engineering,Engineer,L3,FR,2022-07-12,96871,EUR
IMP-04394,Aisha,Garcia,imp.04394@acme-corp.com,Engineering,Engineer,L1,AU,2020-04-21,111235,AUD
IMP-04395,Pedro,Taylor,imp.04395@acme-corp.com,Sales,Analyst,L2,IN,2018-09-16,2942057,INR
IMP-04396,Sarah,Kim,imp.04396@acme-corp.com,Finance,Analyst,L2,SE,2021-07-23,425829,SEK
IMP-04397,Linda,White,imp.04397@acme-corp.com,Engineering,Engineer,L6,TW,2019-12-20,2909720,TWD
IMP-04398,Chen,Gupta,imp.04398@acme-corp.com,Finance,Analyst,L2,US,2024-01-07,60505,USD
IMP-04399,Luis,Kumar,imp.04399@acme-corp.com,Finance,Analyst,L2,IE,2017-07-16,75107,EUR
IMP-04400,Mei,Martin,imp.04400@acme-corp.com,Engineering,Engineer,L3,US,2021-08-02,179461,USD
IMP-04401,Ibrahim,Martin,imp.04401@acme-corp.com,Operations,Manager,L3,AE,2015-09-27,175836,AED
IMP-04402,Chen,Schmidt,imp.04402@acme-corp.com,Sales,Analyst,L2,DE,2016-12-22,133261,EUR
IMP-04403,Susan,Müller,imp.04403@acme-corp.com,Operations,Manager,L1,AE,2020-06-21,289237,AED
IMP-04404,Mei,Simon,imp.04404@acme-corp.com,Sales,Analyst,L2,DE,2020-09-07,98936,EUR
IMP-04405,Hiroshi,Chen,imp.04405@acme-corp.com,Finance,Analyst,L4,DE,2017-09-03,140124,EUR
IMP-04406,Susan,Moore,imp.04406@acme-corp.com,Design,Designer,L5,TW,2019-10-09,1507228,TWD
IMP-04407,Susan,Thomas,imp.04407@acme-corp.com,Finance,Analyst,L1,US,2024-01-30,138593,USD
IMP-04408,Takeshi,Nair,imp.04408@acme-corp.com,Operations,Manager,L3,DE,2017-10-25,118810,EUR
IMP-04409,Ananya,Laurent,imp.04409@acme-corp.com,Sales,Analyst,L5,US,2022-11-30,185509,USD
IMP-04410,Ibrahim,Hernandez,imp.04410@acme-corp.com,Sales,Analyst,L1,GB,2016-12-06,150157,GBP
IMP-04411,Mei,Joshi,imp.04411@acme-corp.com,Operations,Manager,L3,US,2024-02-26,145409,USD
IMP-04412,Yuna,Becker,imp.04412@acme-corp.com,Engineering,Engineer,L6,KR,2017-02-24,88309924,KRW
IMP-04413,Jose,Schmidt,imp.04413@acme-corp.com,Engineering,Engineer,L5,FR,2017-11-23,142342,EUR
IMP-04414,Arjun,Williams,imp.04414@acme-corp.com,Engineering,Engineer,L5,NL,2018-11-17,105120,EUR
IMP-04415,Charles,Xu,imp.04415@acme-corp.com,Operations,Manager,L2,PL,2021-02-05,183813,PLN
IMP-04416,Francisco,Schulz,imp.04416@acme-corp.com,Engineering,Engineer,L5,SE,2022-05-01,625493,SEK
IMP-04417,Aisha,Michel,imp.04417@acme-corp.com,Engineering,Engineer,L3,FR,2016-09-24,116716,EUR
IMP-04418,Mei,Simon,imp.04418@acme-corp.com,Engineering,Engineer,L2,AU,2022-02-27,143107,AUD
IMP-04419,Takeshi,Kim,imp.04419@acme-corp.com,Engineering,Engineer,L4,IE,2016-06-03,102829,EUR
IMP-04420,Yusuf,Jackson,imp.04420@acme-corp.com,Engineering,Engineer,L2,SG,2019-01-09,86259,SGD
IMP-04421,Jae-won,Jung,imp.04421@acme-corp.com,Engineering,Engineer,L1,DE,2022-04-21,97201,EUR
IMP-04422,Pedro,Kang,imp.04422@acme-corp.com,Engineering,Engineer,L5,ES,2023-05-18,119453,EUR
IMP-04423,Zara,Patel,imp.04423@acme-corp.com,Sales,Analyst,L5,SE,2024-05-11,838301,SEK
IMP-04424,Jose,Chen,imp.04424@acme-corp.com,Design,Designer,L2,US,2021-01-10,64010,USD
IMP-04425,Joseph,Johnson,imp.04425@acme-corp.com,Sales,Analyst,L2,DE,2020-07-08,125628,EUR
IMP-04426,Zara,Wilson,imp.04426@acme-corp.com,Operations,Manager,L4,IN,2017-11-13,1400901,INR
IMP-04427,Yusuf,Wu,imp.04427@acme-corp.com,Engineering,Engineer,L2,US,2019-05-07,97696,USD
IMP-04428,Arjun,Moreau,imp.04428@acme-corp.com,Finance,Analyst,L2,HK,2015-09-07,862083,HKD
IMP-04429,Ji-young,Martin,imp.04429@acme-corp.com,Sales,Analyst,L4,AU,2019-11-23,98624,AUD
IMP-04430,Jessica,Martin,imp.04430@acme-corp.com,Sales,Analyst,L3,AU,2020-11-13,129501,AUD
IMP-04431,Hiroshi,Müller,imp.04431@acme-corp.com,Finance,Analyst,L5,AU,2015-07-02,189215,AUD
IMP-04432,Jennifer,Richter,imp.04432@acme-corp.com,Finance,Analyst,L6,DE,2024-05-23,74564,EUR
IMP-04433,Ahmed,Martin,imp.04433@acme-corp.com,Engineering,Engineer,L1,GB,2021-11-20,145538,GBP
IMP-04434,Layla,Sharma,imp.04434@acme-corp.com,Engineering,Engineer,L3,SG,2024-10-26,80617,SGD
IMP-04435,Isabel,Li,imp.04435@acme-corp.com,Finance,Analyst,L3,CH,2018-12-14,184674,CHF
IMP-04436,Charles,Klein,imp.04436@acme-corp.com,Finance,Analyst,L4,MX,2023-08-21,915970,MXN
IMP-04437,David,Garcia,imp.04437@acme-corp.com,Engineering,Engineer,L2,DE,2024-10-15,117782,EUR
IMP-04438,Rahul,Chen,imp.04438@acme-corp.com,Finance,Analyst,L5,KR,2021-08-14,59435181,KRW
IMP-04439,Takeshi,Wu,imp.04439@acme-corp.com,Finance,Analyst,L5,US,2019-10-05,85208,USD
IMP-04440,Hiroshi,Martin,imp.04440@acme-corp.com,Operations,Manager,L1,KR,2019-04-28,49363743,KRW
IMP-04441,Linda,Fischer,imp.04441@acme-corp.com,Sales,Analyst,L1,SG,2022-02-13,112962,SGD
IMP-04442,Maria,Wu,imp.04442@acme-corp.com,Engineering,Engineer,L3,US,2020-09-02,197648,USD
IMP-04443,Hassan,Anderson,imp.04443@acme-corp.com,Sales,Analyst,L5,SG,2015-06-06,90089,SGD
IMP-04444,Liu,Jackson,imp.04444@acme-corp.com,Operations,Manager,L2,SG,2019-02-01,160573,SGD
IMP-04445,Liu,Becker,imp.04445@acme-corp.com,Finance,Analyst,L6,US,2018-03-28,184171,USD
IMP-04446,Arjun,Davis,imp.04446@acme-corp.com,Sales,Analyst,L2,FR,2021-01-26,136098,EUR
IMP-04447,Yuki,Anderson,imp.04447@acme-corp.com,Finance,Analyst,L1,IN,2022-12-26,3783518,INR
IMP-04448,Ananya,Mehta,imp.04448@acme-corp.com,Finance,Analyst,L3,US,2016-02-26,169236,USD
IMP-04449,Layla,Choi,imp.04449@acme-corp.com,Engineering,Engineer,L6,DK,2024-03-31,484095,DKK
IMP-04450,Charles,Wu,imp.04450@acme-corp.com,HR,Manager,L4,DE,2021-03-10,121529,EUR
IMP-04451,Kenji,Fischer,imp.04451@acme-corp.com,Engineering,Engineer,L2,TW,2023-11-20,3163611,TWD
IMP-04452,Priya,Wilson,imp.04452@acme-corp.com,Engineering,Engineer,L1,US,2023-10-22,138513,USD
IMP-04453,Ananya,Choi,imp.04453@acme-corp.com,Operations,Manager,L3,US,2021-12-19,67719,USD
IMP-04454,David,Han,imp.04454@acme-corp.com,Sales,Analyst,L6,FR,2018-09-13,126068,EUR
IMP-04455,Linda,Wilson,imp.04455@acme-corp.com,Engineering,Engineer,L4,DE,2022-08-09,99361,EUR
IMP-04456,Maria,Schulz,imp.04456@acme-corp.com,HR,Manager,L5,US,2017-04-01,127850,USD
IMP-04457,Isabel,Lee,imp.04457@acme-corp.com,Sales,Analyst,L2,US,2021-10-27,161924,USD
IMP-04458,Luis,Yang,imp.04458@acme-corp.com,Engineering,Engineer,L1,HK,2016-12-19,408055,HKD
IMP-04459,Layla,Zhang,imp.04459@acme-corp.com,HR,Manager,L4,DE,2023-05-19,61048,EUR
IMP-04460,Patricia,Mehta,imp.04460@acme-corp.com,Operations,Manager,L5,US,2021-02-15,110586,USD
IMP-04461,David,Liu,imp.04461@acme-corp.com,Finance,Analyst,L5,GB,2015-11-23,151907,GBP
IMP-04462,Ana,Klein,imp.04462@acme-corp.com,Sales,Analyst,L1,NL,2022-10-11,96197,EUR
IMP-04463,Yusuf,Lee,imp.04463@acme-corp.com,Operations,Manager,L4,US,2016-12-28,93749,USD
IMP-04464,Jae-won,Williams,imp.04464@acme-corp.com,Design,Designer,L3,PL,2023-03-31,100697,PLN
IMP-04465,Maria,Simon,imp.04465@acme-corp.com,Engineering,Engineer,L6,US,2017-11-01,189129,USD
IMP-04466,Rosa,Zhou,imp.04466@acme-corp.com,Sales,Analyst,L2,GB,2020-02-14,156842,GBP
IMP-04467,Zhang,Moore,imp.04467@acme-corp.com,Sales,Analyst,L5,NL,2024-07-07,74043,EUR
IMP-04468,Arjun,Martin,imp.04468@acme-corp.com,Engineering,Engineer,L3,CH,2023-09-04,105745,CHF
IMP-04469,Barbara,Jones,imp.04469@acme-corp.com,Sales,Analyst,L2,JP,2021-07-20,9218497,JPY
IMP-04470,Barbara,Brown,imp.04470@acme-corp.com,Engineering,Engineer,L4,NL,2022-07-14,92161,EUR
IMP-04471,Yuna,Kumar,imp.04471@acme-corp.com,Engineering,Engineer,L4,IN,2015-02-04,2339537,INR
IMP-04472,Susan,Sharma,imp.04472@acme-corp.com,Sales,Analyst,L3,AU,2021-09-22,132280,AUD
IMP-04473,Isabel,Martin,imp.04473@acme-corp.com,Design,Designer,L4,AE,2023-08-12,537480,AED
IMP-04474,Carmen,Anderson,imp.04474@acme-corp.com,Sales,Analyst,L6,US,2024-04-28,103716,USD
IMP-04475,Joseph,Gupta,imp.04475@acme-corp.com,Engineering,Engineer,L1,US,2022-02-04,62267,USD
IMP-04476,Mei,Bernard,imp.04476@acme-corp.com,HR,Manager,L6,KR,2020-06-04,85392721,KRW
IMP-04477,Patricia,Michel,imp.04477@acme-corp.com,Finance,Analyst,L3,HK,2024-06-02,456056,HKD
IMP-04478,Sarah,Chen,imp.04478@acme-corp.com,Operations,Manager,L3,GB,2018-06-17,147287,GBP
IMP-04479,David,Mehta,imp.04479@acme-corp.com,Engineering,Engineer,L4,AE,2024-04-27,133237,AED
IMP-04480,Zhang,Patel,imp.04480@acme-corp.com,HR,Manager,L6,DE,2015-03-14,52939,EUR
IMP-04481,Francisco,Martin,imp.04481@acme-corp.com,Sales,Analyst,L5,TW,2021-03-27,2684210,TWD
IMP-04482,Omar,Taylor,imp.04482@acme-corp.com,Finance,Analyst,L2,US,2020-09-28,69536,USD
IMP-04483,Rahul,Kang,imp.04483@acme-corp.com,Engineering,Engineer,L3,KR,2023-07-29,127913142,KRW
IMP-04484,Ji-young,Martinez,imp.04484@acme-corp.com,HR,Manager,L5,DK,2017-12-28,734483,DKK
IMP-04485,Hassan,Schulz,imp.04485@acme-corp.com,Engineering,Engineer,L6,SE,2024-10-06,1022598,SEK
IMP-04486,Jessica,Patel,imp.04486@acme-corp.com,Engineering,Engineer,L6,FR,2021-03-16,59192,EUR
IMP-04487,Priya,Becker,imp.04487@acme-corp.com,Sales,Analyst,L5,DE,2017-12-11,74001,EUR
IMP-04488,Luis,Kang,imp.04488@acme-corp.com,Design,Designer,L4,SG,2018-12-30,92050,SGD
IMP-04489,Ananya,Roux,imp.04489@acme-corp.com,Engineering,Engineer,L6,US,2020-03-14,161418,USD
IMP-04490,Priya,Garcia,imp.04490@acme-corp.com,Engineering,Engineer,L1,PL,2023-03-15,184770,PLN
IMP-04491,Jose,Martin,imp.04491@acme-corp.com,HR,Manager,L1,ES,2016-04-29,126939,EUR
IMP-04492,Jose,Laurent,imp.04492@acme-corp.com,Engineering,Engineer,L3,NL,2024-03-09,54345,EUR
IMP-04493,Michael,Joshi,imp.04493@acme-corp.com,Finance,Analyst,L4,PL,2021-12-10,142146,PLN
IMP-04494,Kenji,Moreau,imp.04494@acme-corp.com,Operations,Manager,L6,NO,2016-07-12,863334,NOK
IMP-04495,Charles,Zhang,imp.04495@acme-corp.com,Engineering,Engineer,L2,NL,2018-06-02,112406,EUR
IMP-04496,Jose,Garcia,imp.04496@acme-corp.com,Operations,Manager,L1,US,2023-02-01,92714,USD
IMP-04497,Hiroshi,Braun,imp.04497@acme-corp.com,Engineering,Engineer,L2,NL,2024-04-29,77844,EUR
IMP-04498,Sung-min,Li,imp.04498@acme-corp.com,Sales,Analyst,L4,GB,2018-05-21,159388,GBP
IMP-04499,Ji-young,Liu,imp.04499@acme-corp.com,Engineering,Engineer,L6,ZA,2018-07-06,971004,ZAR
IMP-04500,Wei,Pillai,imp.04500@acme-corp.com,Operations,Manager,L1,DE,2024-07-08,70651,EUR
IMP-04501,Ji-young,Lee,imp.04501@acme-corp.com,Engineering,Engineer,L5,ZA,2016-05-24,1029124,ZAR
IMP-04502,Yusuf,Johnson,imp.04502@acme-corp.com,Sales,Analyst,L6,NO,2018-04-09,936192,NOK
IMP-04503,Min,Pillai,imp.04503@acme-corp.com,Sales,Analyst,L1,DE,2023-03-12,53009,EUR
IMP-04504,Maria,Singh,imp.04504@acme-corp.com,Sales,Analyst,L3,GB,2018-01-19,146150,GBP
IMP-04505,Hassan,Singh,imp.04505@acme-corp.com,Sales,Analyst,L3,SG,2021-12-23,195447,SGD
IMP-04506,Barbara,Zhang,imp.04506@acme-corp.com,Operations,Manager,L4,ES,2019-12-12,85171,EUR
IMP-04507,Patricia,Dupont,imp.04507@acme-corp.com,Sales,Analyst,L3,JP,2016-05-26,8324597,JPY
IMP-04508,Priya,Williams,imp.04508@acme-corp.com,Engineering,Engineer,L2,DK,2020-08-08,888976,DKK
IMP-04509,Mei,Kim,imp.04509@acme-corp.com,HR,Manager,L6,US,2023-01-01,217888,USD
IMP-04510,Elizabeth,Laurent,imp.04510@acme-corp.com,Finance,Analyst,L6,US,2023-02-01,207043,USD
IMP-04511,Min,Patel,imp.04511@acme-corp.com,Sales,Analyst,L2,US,2015-12-20,144249,USD
IMP-04512,Hassan,Lee,imp.04512@acme-corp.com,Engineering,Engineer,L6,CH,2018-02-19,165411,CHF
IMP-04513,Omar,Xu,imp.04513@acme-corp.com,Design,Designer,L3,CH,2017-12-14,161554,CHF
IMP-04514,Kenji,Moreau,imp.04514@acme-corp.com,Operations,Manager,L5,PL,2021-03-29,209514,PLN
IMP-04515,Richard,Garcia,imp.04515@acme-corp.com,Finance,Analyst,L2,IN,2021-08-04,3466743,INR
IMP-04516,Sakura,Jones,imp.04516@acme-corp.com,Engineering,Engineer,L1,TW,2019-11-15,1821199,TWD
IMP-04517,Priya,Roux,imp.04517@acme-corp.com,HR,Manager,L6,ES,2021-07-19,68748,EUR
IMP-04518,Jae-won,Kim,imp.04518@acme-corp.com,Sales,Analyst,L2,GB,2019-06-05,140084,GBP
IMP-04519,Barbara,Thompson,imp.04519@acme-corp.com,Sales,Analyst,L6,MX,2020-06-24,986191,MXN
IMP-04520,Akiko,Anderson,imp.04520@acme-corp.com,Engineering,Engineer,L4,US,2015-03-27,174567,USD
IMP-04521,Elizabeth,Moreau,imp.04521@acme-corp.com,HR,Manager,L4,IE,2019-03-11,95939,EUR
IMP-04522,Maria,Müller,imp.04522@acme-corp.com,HR,Manager,L4,JP,2022-12-31,17592723,JPY
IMP-04523,Robert,Xu,imp.04523@acme-corp.com,Finance,Analyst,L4,SG,2021-05-09,105750,SGD
IMP-04524,William,White,imp.04524@acme-corp.com,Operations,Manager,L5,DE,2018-11-16,69863,EUR
IMP-04525,Mei,Choi,imp.04525@acme-corp.com,Engineering,Engineer,L4,PL,2017-04-16,238842,PLN
IMP-04526,Rosa,Bernard,imp.04526@acme-corp.com,Finance,Analyst,L5,TW,2023-06-22,2527993,TWD
IMP-04527,Jose,Yoon,imp.04527@acme-corp.com,Engineering,Engineer,L5,JP,2018-11-07,15775271,JPY
IMP-04528,Layla,Singh,imp.04528@acme-corp.com,Engineering,Engineer,L3,ZA,2017-03-08,918633,ZAR
IMP-04529,Ji-young,Michel,imp.04529@acme-corp.com,Operations,Manager,L3,ZA,2024-09-16,519734,ZAR
IMP-04530,Jessica,Moreau,imp.04530@acme-corp.com,Sales,Analyst,L2,CH,2020-11-07,171367,CHF
IMP-04531,Joseph,Han,imp.04531@acme-corp.com,Engineering,Engineer,L3,NO,2017-09-04,495752,NOK
IMP-04532,Jose,Martin,imp.04532@acme-corp.com,HR,Manager,L3,DE,2017-09-08,90343,EUR
IMP-04533,Hiroshi,Zhou,imp.04533@acme-corp.com,Operations,Manager,L3,FR,2015-10-21,113705,EUR
IMP-04534,Liu,Park,imp.04534@acme-corp.com,Finance,Analyst,L5,GB,2024-02-18,115269,GBP
IMP-04535,David,Patel,imp.04535@acme-corp.com,Operations,Manager,L2,NO,2018-08-12,1005117,NOK
IMP-04536,Isabel,Dupont,imp.04536@acme-corp.com,Operations,Manager,L5,KR,2021-01-01,92020111,KRW
IMP-04537,Omar,Schmidt,imp.04537@acme-corp.com,Finance,Analyst,L3,CH,2016-07-26,160118,CHF
IMP-04538,Kenji,Garcia,imp.04538@acme-corp.com,Finance,Analyst,L2,DE,2020-08-24,58679,EUR
IMP-04539,Liu,Michel,imp.04539@acme-corp.com,Engineering,Engineer,L1,IN,2024-05-31,1484622,INR
IMP-04540,Jae-won,Weber,imp.04540@acme-corp.com,Operations,Manager,L2,MX,2019-10-03,814524,MXN
IMP-04541,Ibrahim,Davis,imp.04541@acme-corp.com,Engineering,Engineer,L3,IN,2018-05-27,2531472,INR
IMP-04542,Priya,Roux,imp.04542@acme-corp.com,Engineering,Engineer,L4,AU,2018-05-27,160625,AUD
IMP-04543,Omar,Kang,imp.04543@acme-corp.com,Engineering,Engineer,L1,NO,2018-01-18,463677,NOK
IMP-04544,Joseph,Garcia,imp.04544@acme-corp.com,Sales,Analyst,L4,IN,2019-06-30,4220317,INR
IMP-04545,David,Moore,imp.04545@acme-corp.com,Engineering,Engineer,L5,NO,2017-05-21,1380681,NOK
IMP-04546,Akiko,Schulz,imp.04546@acme-corp.com,Engineering,Engineer,L6,AE,2018-08-18,438260,AED
IMP-04547,Hassan,Jung,imp.04547@acme-corp.com,Engineering,Engineer,L4,CA,2015-11-28,93021,CAD
IMP-04548,Rahul,Zhou,imp.04548@acme-corp.com,Finance,Analyst,L1,GB,2023-07-29,131262,GBP
IMP-04549,Kenji,Kim,imp.04549@acme-corp.com,Engineering,Engineer,L3,CH,2017-01-24,181640,CHF
IMP-04550,David,Martin,imp.04550@acme-corp.com,Engineering,Engineer,L5,IN,2020-10-08,3290138,INR
IMP-04551,Barbara,Anderson,imp.04551@acme-corp.com,Operations,Manager,L1,FR,2017-08-12,72389,EUR
IMP-04552,Luis,Wilson,imp.04552@acme-corp.com,Finance,Analyst,L3,IE,2024-06-28,122056,EUR
IMP-04553,Susan,Smith,imp.04553@acme-corp.com,HR,Manager,L4,DE,2018-10-17,50402,EUR
IMP-04554,Ananya,Singh,imp.04554@acme-corp.com,Engineering,Engineer,L5,MX,2024-08-01,646233,MXN
IMP-04555,Chen,Mehta,imp.04555@acme-corp.com,HR,Manager,L1,ZA,2018-01-23,321184,ZAR
IMP-04556,Patricia,Choi,imp.04556@acme-corp.com,HR,Manager,L5,CA,2023-12-06,150526,CAD
IMP-04557,Carmen,Johnson,imp.04557@acme-corp.com,Engineering,Engineer,L3,US,2018-11-11,132037,USD
IMP-04558,Carmen,Hoffmann,imp.04558@acme-corp.com,Operations,Manager,L2,SE,2016-05-05,869253,SEK
IMP-04559,Akiko,Pillai,imp.04559@acme-corp.com,Finance,Analyst,L1,GB,2019-02-22,154837,GBP
IMP-04560,Liu,Patel,imp.04560@acme-corp.com,Sales,Analyst,L6,DK,2015-11-07,1080613,DKK
IMP-04561,Jessica,Wilson,imp.04561@acme-corp.com,Engineering,Engineer,L5,MX,2022-04-28,701239,MXN
IMP-04562,Yuki,Klein,imp.04562@acme-corp.com,Sales,Analyst,L3,DK,2017-01-07,804015,DKK
IMP-04563,Ana,Michel,imp.04563@acme-corp.com,Engineering,Engineer,L3,SE,2015-10-07,953160,SEK
IMP-04564,Jennifer,Zhang,imp.04564@acme-corp.com,HR,Manager,L1,DK,2016-03-17,763934,DKK
IMP-04565,Charles,Roux,imp.04565@acme-corp.com,Finance,Analyst,L1,US,2024-03-02,182585,USD
IMP-04566,Francisco,Joshi,imp.04566@acme-corp.com,Sales,Analyst,L3,FR,2016-02-07,92080,EUR
IMP-04567,Francisco,Bernard,imp.04567@acme-corp.com,HR,Manager,L3,US,2017-06-16,120645,USD
IMP-04568,Charles,Klein,imp.04568@acme-corp.com,Operations,Manager,L2,IN,2021-04-30,2022067,INR
IMP-04569,Jennifer,Smith,imp.04569@acme-corp.com,Sales,Analyst,L1,MX,2020-01-25,326415,MXN
IMP-04570,Sung-min,Jones,imp.04570@acme-corp.com,Operations,Manager,L2,AU,2019-04-07,177632,AUD
IMP-04571,David,Jung,imp.04571@acme-corp.com,Design,Designer,L6,DE,2018-08-19,54095,EUR
IMP-04572,Michael,Choi,imp.04572@acme-corp.com,Finance,Analyst,L4,GB,2019-03-27,48929,GBP
IMP-04573,Patricia,Lee,imp.04573@acme-corp.com,Sales,Analyst,L5,IE,2018-01-23,145288,EUR
IMP-04574,William,Richter,imp.04574@acme-corp.com,Engineering,Engineer,L3,AE,2021-05-17,526218,AED
IMP-04575,Liu,Sharma,imp.04575@acme-corp.com,HR,Manager,L4,MX,2017-10-24,1182245,MXN
IMP-04576,Sarah,Moore,imp.04576@acme-corp.com,Engineering,Engineer,L4,DE,2015-06-29,55932,EUR
IMP-04577,Mei,Martinez,imp.04577@acme-corp.com,Operations,Manager,L3,US,2017-06-19,111312,USD
IMP-04578,Jessica,Nair,imp.04578@acme-corp.com,Sales,Analyst,L3,NO,2024-12-11,886536,NOK
IMP-04579,Fatima,White,imp.04579@acme-corp.com,Sales,Analyst,L3,SE,2024-05-03,640068,SEK
IMP-04580,Ahmed,Schmidt,imp.04580@acme-corp.com,Engineering,Engineer,L5,GB,2022-04-06,87122,GBP
IMP-04581,Elizabeth,Michel,imp.04581@acme-corp.com,HR,Manager,L3,GB,2019-01-13,128208,GBP
IMP-04582,Jose,Hernandez,imp.04582@acme-corp.com,Finance,Analyst,L3,IN,2015-06-30,3768287,INR
IMP-04583,Ibrahim,Mehta,imp.04583@acme-corp.com,Engineering,Engineer,L3,FR,2023-08-24,123277,EUR
IMP-04584,Sakura,Wang,imp.04584@acme-corp.com,Operations,Manager,L5,US,2020-03-29,119188,USD
IMP-04585,Ahmed,Lee,imp.04585@acme-corp.com,Engineering,Engineer,L4,CH,2018-01-18,193788,CHF
IMP-04586,Rosa,Park,imp.04586@acme-corp.com,Finance,Analyst,L3,CA,2015-09-15,172404,CAD
IMP-04587,Elizabeth,Reddy,imp.04587@acme-corp.com,Sales,Analyst,L3,TW,2018-04-06,2716593,TWD
IMP-04588,David,Xu,imp.04588@acme-corp.com,Design,Designer,L3,ES,2016-02-02,65321,EUR
IMP-04589,Ana,Pillai,imp.04589@acme-corp.com,Design,Designer,L5,SE,2021-11-27,872141,SEK
IMP-04590,Maria,Nair,imp.04590@acme-corp.com,Sales,Analyst,L4,GB,2019-05-13,125644,GBP
IMP-04591,Hiroshi,Jung,imp.04591@acme-corp.com,HR,Manager,L1,GB,2017-03-24,106263,GBP
IMP-04592,James,Roux,imp.04592@acme-corp.com,Sales,Analyst,L5,CA,2018-10-02,166521,CAD
IMP-04593,Zara,Nair,imp.04593@acme-corp.com,Engineering,Engineer,L5,US,2023-05-30,83730,USD
IMP-04594,Akiko,Martin,imp.04594@acme-corp.com,HR,Manager,L6,CA,2015-02-20,129718,CAD
IMP-04595,Karen,Sharma,imp.04595@acme-corp.com,Engineering,Engineer,L4,AE,2024-06-06,466864,AED
IMP-04596,Charles,Weber,imp.04596@acme-corp.com,Finance,Analyst,L6,IN,2021-08-19,873905,INR
IMP-04597,Liu,Garcia,imp.04597@acme-corp.com,Engineering,Engineer,L1,MX,2022-06-06,546125,MXN
IMP-04598,Michael,Mehta,imp.04598@acme-corp.com,Operations,Manager,L4,CH,2021-09-01,108732,CHF
IMP-04599,Jennifer,Singh,imp.04599@acme-corp.com,Engineering,Engineer,L1,DK,2020-10-02,950989,DKK
IMP-04600,Ana,Anderson,imp.04600@acme-corp.com,Finance,Analyst,L1,DK,2023-05-08,700396,DKK
IMP-04601,Karen,Patel,imp.04601@acme-corp.com,Finance,Analyst,L6,US,2021-02-11,188181,USD
IMP-04602,Francisco,Sharma,imp.04602@acme-corp.com,Design,Designer,L6,DK,2022-06-10,439022,DKK
IMP-04603,Min,Bernard,imp.04603@acme-corp.com,Operations,Manager,L2,GB,2017-03-21,136263,GBP
IMP-04604,Elizabeth,Hoffmann,imp.04604@acme-corp.com,Finance,Analyst,L4,SG,2017-02-25,124375,SGD
IMP-04605,Charles,Zhou,imp.04605@acme-corp.com,Operations,Manager,L1,FR,2024-06-28,134043,EUR
IMP-04606,Layla,Park,imp.04606@acme-corp.com,Engineering,Engineer,L2,ES,2015-12-16,52992,EUR
IMP-04607,Linda,Lim,imp.04607@acme-corp.com,Engineering,Engineer,L5,IN,2022-09-08,3008069,INR
IMP-04608,Zhang,Bernard,imp.04608@acme-corp.com,Engineering,Engineer,L4,HK,2016-06-22,368252,HKD
IMP-04609,Mei,Braun,imp.04609@acme-corp.com,Sales,Analyst,L3,MX,2020-01-01,403271,MXN
IMP-04610,Rosa,Yang,imp.04610@acme-corp.com,Engineering,Engineer,L1,GB,2018-12-11,135597,GBP
IMP-04611,Sung-min,Zhang,imp.04611@acme-corp.com,Engineering,Engineer,L4,JP,2024-08-25,5272830,JPY
IMP-04612,Karen,Zhang,imp.04612@acme-corp.com,Sales,Analyst,L3,US,2015-02-03,198815,USD
IMP-04613,Mei,Anderson,imp.04613@acme-corp.com,HR,Manager,L3,US,2020-05-14,206946,USD
IMP-04614,Nancy,Miller,imp.04614@acme-corp.com,Engineering,Engineer,L6,GB,2020-04-04,98665,GBP
IMP-04615,Rahul,Brown,imp.04615@acme-corp.com,Sales,Analyst,L6,DK,2017-10-06,765776,DKK
IMP-04616,Rosa,Chen,imp.04616@acme-corp.com,Operations,Manager,L5,NO,2019-11-21,1214111,NOK
IMP-04617,Kenji,Jung,imp.04617@acme-corp.com,Sales,Analyst,L5,KR,2023-11-18,88140709,KRW
IMP-04618,Sakura,Jones,imp.04618@acme-corp.com,Engineering,Engineer,L4,AE,2017-03-13,416596,AED
IMP-04619,Yuna,Park,imp.04619@acme-corp.com,HR,Manager,L3,NL,2020-10-27,83906,EUR
IMP-04620,Fatima,Han,imp.04620@acme-corp.com,Finance,Analyst,L5,AU,2024-09-18,104026,AUD
IMP-04621,Hassan,Mehta,imp.04621@acme-corp.com,Engineering,Engineer,L1,NO,2024-01-03,600027,NOK
IMP-04622,Carlos,Han,imp.04622@acme-corp.com,Engineering,Engineer,L5,DE,2021-05-19,52856,EUR
IMP-04623,Layla,Thompson,imp.04623@acme-corp.com,HR,Manager,L4,SE,2020-05-14,650894,SEK
IMP-04624,Min,Yang,imp.04624@acme-corp.com,Sales,Analyst,L5,ES,2023-02-09,65803,EUR
IMP-04625,Elizabeth,Song,imp.04625@acme-corp.com,Finance,Analyst,L4,US,2019-01-12,199916,USD
IMP-04626,Elizabeth,Lee,imp.04626@acme-corp.com,Engineering,Engineer,L4,US,2022-02-22,179956,USD
IMP-04627,Luis,Patel,imp.04627@acme-corp.com,Finance,Analyst,L6,US,2023-09-27,127849,USD
IMP-04628,Kenji,Singh,imp.04628@acme-corp.com,Sales,Analyst,L4,DE,2015-11-19,144058,EUR
IMP-04629,Jae-won,Lee,imp.04629@acme-corp.com,Sales,Analyst,L4,NL,2019-06-03,64324,EUR
IMP-04630,Ji-young,Davis,imp.04630@acme-corp.com,Operations,Manager,L1,MX,2021-03-21,304350,MXN
IMP-04631,Patricia,Pillai,imp.04631@acme-corp.com,Finance,Analyst,L6,NL,2024-07-03,52202,EUR
IMP-04632,Ibrahim,Gupta,imp.04632@acme-corp.com,Finance,Analyst,L5,ES,2015-03-25,73901,EUR
IMP-04633,James,Li,imp.04633@acme-corp.com,Engineering,Engineer,L1,US,2019-08-25,65720,USD
IMP-04634,Yuna,Kumar,imp.04634@acme-corp.com,Engineering,Engineer,L6,DE,2021-09-11,50923,EUR
IMP-04635,Ana,Song,imp.04635@acme-corp.com,Engineering,Engineer,L1,ES,2018-07-21,104320,EUR
IMP-04636,David,Liu,imp.04636@acme-corp.com,Engineering,Engineer,L4,US,2015-09-13,206573,USD
IMP-04637,Joseph,Wang,imp.04637@acme-corp.com,Engineering,Engineer,L1,IN,2019-04-28,3471203,INR
IMP-04638,Liu,Martinez,imp.04638@acme-corp.com,HR,Manager,L6,GB,2020-12-26,137771,GBP
IMP-04639,David,Song,imp.04639@acme-corp.com,HR,Manager,L1,DE,2024-05-04,133570,EUR
IMP-04640,Priya,Choi,imp.04640@acme-corp.com,Engineering,Engineer,L6,US,2022-06-30,122197,USD
IMP-04641,Isabel,Laurent,imp.04641@acme-corp.com,Finance,Analyst,L5,GB,2018-04-05,128377,GBP
IMP-04642,Fatima,Yang,imp.04642@acme-corp.com,Operations,Manager,L5,HK,2015-10-13,348663,HKD
IMP-04643,Aisha,Yang,imp.04643@acme-corp.com,Sales,Analyst,L3,ZA,2022-02-11,629338,ZAR
IMP-04644,Barbara,Klein,imp.04644@acme-corp.com,Operations,Manager,L3,NO,2016-05-31,689081,NOK
IMP-04645,Carmen,David,imp.04645@acme-corp.com,Sales,Analyst,L1,NL,2020-05-02,147243,EUR
IMP-04646,Hassan,Taylor,imp.04646@acme-corp.com,Engineering,Engineer,L5,FR,2021-01-11,116517,EUR
IMP-04647,Aisha,Jones,imp.04647@acme-corp.com,Finance,Analyst,L2,AU,2022-07-10,108159,AUD
IMP-04648,Carmen,Wu,imp.04648@acme-corp.com,Engineering,Engineer,L6,GB,2022-10-29,79014,GBP
IMP-04649,Zhang,Kumar,imp.04649@acme-corp.com,Sales,Analyst,L2,NL,2015-03-25,59810,EUR
IMP-04650,Charles,Patel,imp.04650@acme-corp.com,Design,Designer,L2,FR,2020-10-05,58828,EUR
IMP-04651,Min,Michel,imp.04651@acme-corp.com,Operations,Manager,L6,HK,2016-02-01,1152122,HKD
IMP-04652,Kenji,Jones,imp.04652@acme-corp.com,Sales,Analyst,L6,ZA,2016-03-13,1476284,ZAR
IMP-04653,David,Zhou,imp.04653@acme-corp.com,Engineering,Engineer,L6,AE,2022-09-05,485014,AED
IMP-04654,Carlos,Thomas,imp.04654@acme-corp.com,HR,Manager,L4,ZA,2019-04-06,848356,ZAR
IMP-04655,Akiko,Kim,imp.04655@acme-corp.com,HR,Manager,L4,SG,2015-11-25,158292,SGD
IMP-04656,Pedro,Kumar,imp.04656@acme-corp.com,Finance,Analyst,L3,TW,2016-12-08,1141927,TWD
IMP-04657,Charles,Braun,imp.04657@acme-corp.com,Sales,Analyst,L1,DK,2024-02-02,731004,DKK
IMP-04658,Linda,Klein,imp.04658@acme-corp.com,Finance,Analyst,L4,GB,2021-01-21,85635,GBP
IMP-04659,Arjun,Choi,imp.04659@acme-corp.com,Sales,Analyst,L4,DK,2024-07-03,889328,DKK
IMP-04660,Takeshi,Becker,imp.04660@acme-corp.com,Engineering,Engineer,L4,PL,2018-07-31,246002,PLN
IMP-04661,Mary,Müller,imp.04661@acme-corp.com,Sales,Analyst,L1,HK,2023-05-31,813565,HKD
IMP-04662,Maria,Schmidt,imp.04662@acme-corp.com,Sales,Analyst,L6,NL,2015-04-18,80217,EUR
IMP-04663,Ahmed,Zhang,imp.04663@acme-corp.com,Operations,Manager,L2,CH,2018-08-16,140610,CHF
IMP-04664,Ana,Reddy,imp.04664@acme-corp.com,HR,Manager,L1,ES,2021-04-22,106935,EUR
IMP-04665,Rahul,Huang,imp.04665@acme-corp.com,Engineering,Engineer,L3,US,2018-07-04,118831,USD
IMP-04666,Maria,Jackson,imp.04666@acme-corp.com,Finance,Analyst,L1,HK,2017-01-19,809689,HKD
IMP-04667,Susan,Mehta,imp.04667@acme-corp.com,Finance,Analyst,L6,SG,2017-08-16,106136,SGD
IMP-04668,David,Weber,imp.04668@acme-corp.com,HR,Manager,L2,GB,2015-06-26,76063,GBP
IMP-04669,Zara,Weber,imp.04669@acme-corp.com,Operations,Manager,L4,CA,2015-05-16,74221,CAD
IMP-04670,Kenji,Han,imp.04670@acme-corp.com,Engineering,Engineer,L6,FR,2017-08-21,65660,EUR
IMP-04671,Fatima,Liu,imp.04671@acme-corp.com,Sales,Analyst,L5,NO,2020-01-08,1318613,NOK
IMP-04672,Linda,Zhou,imp.04672@acme-corp.com,Finance,Analyst,L3,IN,2019-09-04,3228944,INR
IMP-04673,Karen,Becker,imp.04673@acme-corp.com,Finance,Analyst,L3,CA,2015-04-12,95524,CAD
IMP-04674,Rahul,Song,imp.04674@acme-corp.com,Operations,Manager,L1,DE,2016-06-20,132333,EUR
IMP-04675,Jessica,Song,imp.04675@acme-corp.com,Engineering,Engineer,L3,NL,2017-04-26,88893,EUR
IMP-04676,Thomas,Martinez,imp.04676@acme-corp.com,Engineering,Engineer,L6,SG,2015-07-27,147353,SGD
IMP-04677,Yuna,Kang,imp.04677@acme-corp.com,Engineering,Engineer,L5,IE,2023-09-25,63055,EUR
IMP-04678,William,Zhang,imp.04678@acme-corp.com,Engineering,Engineer,L3,PL,2019-07-12,105174,PLN
IMP-04679,Yuki,Johnson,imp.04679@acme-corp.com,Design,Designer,L3,JP,2022-12-21,10657058,JPY
IMP-04680,Takeshi,Song,imp.04680@acme-corp.com,Sales,Analyst,L6,NL,2019-07-31,85974,EUR
IMP-04681,Elizabeth,Jones,imp.04681@acme-corp.com,HR,Manager,L1,US,2022-03-03,218774,USD
IMP-04682,Zara,Martin,imp.04682@acme-corp.com,Engineering,Engineer,L4,US,2022-01-19,81581,USD
IMP-04683,Arjun,Martinez,imp.04683@acme-corp.com,Operations,Manager,L6,DK,2016-07-27,1075882,DKK
IMP-04684,Akiko,Sharma,imp.04684@acme-corp.com,Engineering,Engineer,L2,IN,2024-07-22,4286505,INR
IMP-04685,Nancy,Song,imp.04685@acme-corp.com,Sales,Analyst,L5,AU,2023-03-01,146322,AUD
IMP-04686,Yuki,Smith,imp.04686@acme-corp.com,Operations,Manager,L3,CA,2017-07-28,134575,CAD
IMP-04687,James,Gupta,imp.04687@acme-corp.com,Finance,Analyst,L4,ZA,2017-05-23,1214940,ZAR
IMP-04688,Zara,Lee,imp.04688@acme-corp.com,Engineering,Engineer,L4,NO,2016-09-08,1351336,NOK
IMP-04689,Chen,David,imp.04689@acme-corp.com,Operations,Manager,L6,US,2024-03-23,215328,USD
IMP-04690,Priya,Moore,imp.04690@acme-corp.com,Engineering,Engineer,L1,SE,2015-10-10,413518,SEK
IMP-04691,Elizabeth,Wang,imp.04691@acme-corp.com,Engineering,Engineer,L5,NO,2021-04-10,874368,NOK
IMP-04692,Luis,Braun,imp.04692@acme-corp.com,HR,Manager,L1,DE,2015-01-11,98305,EUR
IMP-04693,Layla,Reddy,imp.04693@acme-corp.com,Sales,Analyst,L5,CA,2022-02-12,90486,CAD
IMP-04694,Yuki,Zhou,imp.04694@acme-corp.com,Operations,Manager,L1,DK,2018-07-06,796880,DKK
IMP-04695,Rosa,Reddy,imp.04695@acme-corp.com,HR,Manager,L3,US,2018-08-01,98775,USD
IMP-04696,Jennifer,Hernandez,imp.04696@acme-corp.com,Sales,Analyst,L5,NL,2015-03-13,76768,EUR
IMP-04697,Omar,Song,imp.04697@acme-corp.com,Design,Designer,L1,DE,2022-09-20,79119,EUR
IMP-04698,Yuki,Zhou,imp.04698@acme-corp.com,Finance,Analyst,L2,ZA,2021-02-01,1421545,ZAR
IMP-04699,Joseph,Miller,imp.04699@acme-corp.com,Engineering,Engineer,L6,ES,2017-03-10,64277,EUR
IMP-04700,Barbara,Yang,imp.04700@acme-corp.com,Operations,Manager,L5,JP,2015-06-09,8166981,JPY
IMP-04701,Yuna,Garcia,imp.04701@acme-corp.com,Sales,Analyst,L3,KR,2022-02-20,65106794,KRW
IMP-04702,Sakura,Schulz,imp.04702@acme-corp.com,Engineering,Engineer,L4,HK,2018-07-28,1005443,HKD
IMP-04703,Takeshi,Thompson,imp.04703@acme-corp.com,Sales,Analyst,L6,SG,2023-01-08,135720,SGD
IMP-04704,Zara,Hernandez,imp.04704@acme-corp.com,Operations,Manager,L1,GB,2021-12-05,67119,GBP
IMP-04705,Michael,Xu,imp.04705@acme-corp.com,Engineering,Engineer,L1,ES,2024-06-13,65176,EUR
IMP-04706,Carmen,Davis,imp.04706@acme-corp.com,Finance,Analyst,L1,ES,2021-02-20,143730,EUR
IMP-04707,Sarah,Sharma,imp.04707@acme-corp.com,HR,Manager,L5,AU,2017-04-27,151210,AUD
IMP-04708,Karen,Song,imp.04708@acme-corp.com,Design,Designer,L5,JP,2016-03-06,15293324,JPY
IMP-04709,Hassan,Brown,imp.04709@acme-corp.com,Engineering,Engineer,L3,US,2018-05-25,88829,USD
IMP-04710,Chen,Davis,imp.04710@acme-corp.com,Finance,Analyst,L5,IE,2022-06-23,127275,EUR
IMP-04711,Zhang,Zhou,imp.04711@acme-corp.com,Finance,Analyst,L5,MX,2023-06-30,990906,MXN
IMP-04712,Yusuf,David,imp.04712@acme-corp.com,Sales,Analyst,L3,DK,2022-05-16,803244,DKK
IMP-04713,Sarah,Mehta,imp.04713@acme-corp.com,Sales,Analyst,L5,US,2018-08-21,107185,USD
IMP-04714,Zhang,Simon,imp.04714@acme-corp.com,Operations,Manager,L6,TW,2022-07-26,2976578,TWD
IMP-04715,Nancy,Jackson,imp.04715@acme-corp.com,Engineering,Engineer,L3,MX,2019-11-27,966096,MXN
IMP-04716,Omar,Martinez,imp.04716@acme-corp.com,Finance,Analyst,L6,IN,2015-12-03,1568025,INR
IMP-04717,Michael,Schmidt,imp.04717@acme-corp.com,Finance,Analyst,L5,GB,2023-06-13,110988,GBP
IMP-04718,Hassan,Johnson,imp.04718@acme-corp.com,Engineering,Engineer,L4,ZA,2022-07-13,498600,ZAR
IMP-04719,Omar,Zhou,imp.04719@acme-corp.com,Engineering,Engineer,L5,KR,2023-06-06,122930222,KRW
IMP-04720,James,Gupta,imp.04720@acme-corp.com,Operations,Manager,L1,IN,2018-04-25,2192941,INR
IMP-04721,Hassan,Yang,imp.04721@acme-corp.com,HR,Manager,L1,IN,2019-03-31,4344202,INR
IMP-04722,Charles,Reddy,imp.04722@acme-corp.com,Engineering,Engineer,L4,PL,2021-05-31,109630,PLN
IMP-04723,Sakura,Klein,imp.04723@acme-corp.com,Engineering,Engineer,L4,US,2018-09-22,105923,USD
IMP-04724,Fatima,Nair,imp.04724@acme-corp.com,Operations,Manager,L1,PL,2015-04-27,67140,PLN
IMP-04725,William,Sharma,imp.04725@acme-corp.com,HR,Manager,L6,US,2021-08-31,72510,USD
IMP-04726,Priya,David,imp.04726@acme-corp.com,Engineering,Engineer,L3,MX,2018-02-12,945618,MXN
IMP-04727,William,Lim,imp.04727@acme-corp.com,HR,Manager,L2,TW,2018-05-16,2604491,TWD
IMP-04728,Mei,Bernard,imp.04728@acme-corp.com,Sales,Analyst,L6,DK,2020-09-24,860179,DKK
IMP-04729,Takeshi,Jackson,imp.04729@acme-corp.com,Engineering,Engineer,L1,CH,2021-06-06,96112,CHF
IMP-04730,Min,White,imp.04730@acme-corp.com,Finance,Analyst,L6,HK,2021-11-05,1055809,HKD
IMP-04731,Arjun,Yoon,imp.04731@acme-corp.com,Engineering,Engineer,L4,US,2020-05-29,71953,USD
IMP-04732,Linda,Wilson,imp.04732@acme-corp.com,Engineering,Engineer,L3,US,2018-09-04,168049,USD
IMP-04733,Omar,Lee,imp.04733@acme-corp.com,Operations,Manager,L6,CA,2018-03-24,114103,CAD
IMP-04734,Mei,Thomas,imp.04734@acme-corp.com,Finance,Analyst,L1,DK,2015-01-04,848469,DKK
IMP-04735,Charles,Lee,imp.04735@acme-corp.com,Operations,Manager,L2,GB,2015-08-06,59976,GBP
IMP-04736,Maria,Pillai,imp.04736@acme-corp.com,Operations,Manager,L2,HK,2023-07-20,978044,HKD
IMP-04737,Robert,Klein,imp.04737@acme-corp.com,Finance,Analyst,L5,DK,2017-08-25,607063,DKK
IMP-04738,Ji-young,Song,imp.04738@acme-corp.com,Sales,Analyst,L5,NL,2017-01-08,126802,EUR
IMP-04739,Elizabeth,Joshi,imp.04739@acme-corp.com,Operations,Manager,L3,PL,2023-12-15,207860,PLN
IMP-04740,Carmen,Richter,imp.04740@acme-corp.com,Operations,Manager,L1,US,2021-03-31,180762,USD
IMP-04741,Jennifer,Sharma,imp.04741@acme-corp.com,Finance,Analyst,L6,IN,2017-04-18,1373513,INR
IMP-04742,Patricia,Klein,imp.04742@acme-corp.com,Engineering,Engineer,L3,FR,2018-06-26,120925,EUR
IMP-04743,Yuna,Wu,imp.04743@acme-corp.com,Finance,Analyst,L4,FR,2020-11-25,60356,EUR
IMP-04744,Min,Becker,imp.04744@acme-corp.com,HR,Manager,L4,US,2019-10-03,169324,USD
IMP-04745,Francisco,Michel,imp.04745@acme-corp.com,Sales,Analyst,L5,ES,2015-08-12,97389,EUR
IMP-04746,Patricia,Brown,imp.04746@acme-corp.com,Finance,Analyst,L5,HK,2021-12-09,468782,HKD
IMP-04747,Elizabeth,Patel,imp.04747@acme-corp.com,Sales,Analyst,L1,HK,2022-09-10,493070,HKD
IMP-04748,Layla,Hernandez,imp.04748@acme-corp.com,Operations,Manager,L6,IN,2023-02-05,2485332,INR
IMP-04749,Mei,Thomas,imp.04749@acme-corp.com,Operations,Manager,L4,ES,2018-05-27,98858,EUR
IMP-04750,Charles,Simon,imp.04750@acme-corp.com,HR,Manager,L3,MX,2019-07-31,1136099,MXN
IMP-04751,Aisha,Nair,imp.04751@acme-corp.com,Engineering,Engineer,L4,GB,2016-08-25,50410,GBP
IMP-04752,Linda,Reddy,imp.04752@acme-corp.com,HR,Manager,L2,TW,2017-06-19,2489622,TWD
IMP-04753,Omar,Kang,imp.04753@acme-corp.com,Engineering,Engineer,L4,NL,2016-11-09,97845,EUR
IMP-04754,Zhang,Hoffmann,imp.04754@acme-corp.com,Finance,Analyst,L5,CH,2021-05-16,168129,CHF
IMP-04755,Rahul,Kumar,imp.04755@acme-corp.com,Engineering,Engineer,L6,IE,2019-07-01,87561,EUR
IMP-04756,Michael,Jones,imp.04756@acme-corp.com,HR,Manager,L6,MX,2024-02-09,1157809,MXN
IMP-04757,Pedro,Hernandez,imp.04757@acme-corp.com,Sales,Analyst,L1,IE,2018-04-27,99518,EUR
IMP-04758,William,Jung,imp.04758@acme-corp.com,Engineering,Engineer,L4,SG,2023-05-25,110642,SGD
IMP-04759,Ibrahim,Lee,imp.04759@acme-corp.com,Engineering,Engineer,L4,IN,2015-11-20,952252,INR
IMP-04760,Min,Miller,imp.04760@acme-corp.com,Finance,Analyst,L5,HK,2021-12-19,827544,HKD
IMP-04761,Elizabeth,Wu,imp.04761@acme-corp.com,Sales,Analyst,L1,AE,2024-11-03,125188,AED
IMP-04762,Barbara,Gupta,imp.04762@acme-corp.com,Engineering,Engineer,L5,CH,2022-07-03,95902,CHF
IMP-04763,Carmen,Patel,imp.04763@acme-corp.com,Sales,Analyst,L6,DE,2022-10-12,145794,EUR
IMP-04764,Nancy,Kang,imp.04764@acme-corp.com,Engineering,Engineer,L6,HK,2016-02-14,1029300,HKD
IMP-04765,Min,White,imp.04765@acme-corp.com,HR,Manager,L5,DE,2016-10-03,63344,EUR
IMP-04766,Hiroshi,Martin,imp.04766@acme-corp.com,Engineering,Engineer,L2,DE,2024-09-13,79966,EUR
IMP-04767,Pedro,Becker,imp.04767@acme-corp.com,Engineering,Engineer,L1,GB,2016-05-20,55649,GBP
IMP-04768,Ananya,Jung,imp.04768@acme-corp.com,Finance,Analyst,L1,US,2016-02-10,193420,USD
IMP-04769,Jennifer,Wu,imp.04769@acme-corp.com,Sales,Analyst,L3,US,2024-04-19,195871,USD
IMP-04770,Thomas,Sharma,imp.04770@acme-corp.com,Engineering,Engineer,L3,SG,2021-07-17,150517,SGD
IMP-04771,Luis,Song,imp.04771@acme-corp.com,Engineering,Engineer,L6,AU,2015-08-24,104470,AUD
IMP-04772,Ana,Gupta,imp.04772@acme-corp.com,Engineering,Engineer,L5,US,2019-10-16,158617,USD
IMP-04773,Jessica,Miller,imp.04773@acme-corp.com,Sales,Analyst,L6,CA,2017-03-15,95990,CAD
IMP-04774,Priya,Thompson,imp.04774@acme-corp.com,Design,Designer,L6,HK,2022-11-30,1164559,HKD
IMP-04775,Pedro,Gupta,imp.04775@acme-corp.com,Engineering,Engineer,L3,IN,2019-10-21,1568087,INR
IMP-04776,Robert,Richter,imp.04776@acme-corp.com,Engineering,Engineer,L1,DE,2023-03-13,109699,EUR
IMP-04777,Zhang,Chen,imp.04777@acme-corp.com,Engineering,Engineer,L6,US,2017-02-11,121225,USD
IMP-04778,Wei,Garcia,imp.04778@acme-corp.com,Sales,Analyst,L1,JP,2019-02-05,17783434,JPY
IMP-04779,Ananya,Yang,imp.04779@acme-corp.com,Sales,Analyst,L1,US,2022-01-10,143395,USD
IMP-04780,Wei,Hernandez,imp.04780@acme-corp.com,Engineering,Engineer,L6,CH,2018-03-05,158077,CHF
IMP-04781,Priya,Liu,imp.04781@acme-corp.com,Finance,Analyst,L2,DE,2020-04-10,105857,EUR
IMP-04782,Aisha,Xu,imp.04782@acme-corp.com,Operations,Manager,L4,AE,2024-04-01,372858,AED
IMP-04783,Sung-min,Anderson,imp.04783@acme-corp.com,Engineering,Engineer,L6,CA,2022-03-15,104190,CAD
IMP-04784,Aisha,Singh,imp.04784@acme-corp.com,Finance,Analyst,L4,CH,2018-07-15,198164,CHF
IMP-04785,Carlos,Hoffmann,imp.04785@acme-corp.com,Sales,Analyst,L2,US,2017-01-04,99143,USD
IMP-04786,Liu,Choi,imp.04786@acme-corp.com,Finance,Analyst,L6,ES,2022-08-03,139817,EUR
IMP-04787,Ananya,Richter,imp.04787@acme-corp.com,Engineering,Engineer,L2,SE,2018-08-07,822674,SEK
IMP-04788,Nancy,Martin,imp.04788@acme-corp.com,Finance,Analyst,L3,US,2018-08-20,65262,USD
IMP-04789,Luis,White,imp.04789@acme-corp.com,Engineering,Engineer,L1,FR,2022-02-21,96891,EUR
IMP-04790,Yuki,Müller,imp.04790@acme-corp.com,Finance,Analyst,L1,ES,2021-05-02,69108,EUR
IMP-04791,Mary,Garcia,imp.04791@acme-corp.com,Sales,Analyst,L6,US,2021-12-01,143163,USD
IMP-04792,Ananya,Miller,imp.04792@acme-corp.com,Operations,Manager,L1,ES,2015-06-15,58526,EUR
IMP-04793,Yuki,Lee,imp.04793@acme-corp.com,Engineering,Engineer,L5,IN,2023-01-31,837463,INR
IMP-04794,Sakura,Martin,imp.04794@acme-corp.com,Finance,Analyst,L5,AE,2015-09-15,349483,AED
IMP-04795,Michael,Liu,imp.04795@acme-corp.com,Finance,Analyst,L6,US,2016-11-16,125936,USD
IMP-04796,Karen,Jung,imp.04796@acme-corp.com,Operations,Manager,L6,KR,2020-06-21,52779699,KRW
IMP-04797,Richard,Hoffmann,imp.04797@acme-corp.com,Operations,Manager,L5,US,2018-12-13,136622,USD
IMP-04798,Hassan,Song,imp.04798@acme-corp.com,Engineering,Engineer,L3,SE,2016-03-20,509622,SEK
IMP-04799,Carmen,Müller,imp.04799@acme-corp.com,Finance,Analyst,L6,IE,2020-05-11,92550,EUR
IMP-04800,Ahmed,Martin,imp.04800@acme-corp.com,Engineering,Engineer,L5,ES,2023-01-08,145493,EUR
IMP-04801,Chen,Jackson,imp.04801@acme-corp.com,Engineering,Engineer,L1,DE,2021-06-03,106423,EUR
IMP-04802,Richard,Joshi,imp.04802@acme-corp.com,Sales,Analyst,L2,GB,2021-11-23,138680,GBP
IMP-04803,Ahmed,Schulz,imp.04803@acme-corp.com,Engineering,Engineer,L1,US,2022-09-16,170378,USD
IMP-04804,Ahmed,Moreau,imp.04804@acme-corp.com,Finance,Analyst,L1,DE,2018-12-13,52286,EUR
IMP-04805,Zara,Dupont,imp.04805@acme-corp.com,Operations,Manager,L4,ZA,2017-08-22,1289290,ZAR
IMP-04806,Chen,Lee,imp.04806@acme-corp.com,HR,Manager,L4,AU,2024-08-14,120536,AUD
IMP-04807,Jae-won,Johnson,imp.04807@acme-corp.com,Finance,Analyst,L4,ZA,2022-07-11,1039235,ZAR
IMP-04808,Omar,Dupont,imp.04808@acme-corp.com,Engineering,Engineer,L5,NL,2017-04-18,73716,EUR
IMP-04809,Elizabeth,Kim,imp.04809@acme-corp.com,Sales,Analyst,L4,GB,2020-10-26,149439,GBP
IMP-04810,Yuki,Michel,imp.04810@acme-corp.com,Engineering,Engineer,L5,KR,2018-04-23,100271547,KRW
IMP-04811,Mary,Hernandez,imp.04811@acme-corp.com,Engineering,Engineer,L2,SG,2016-02-27,120912,SGD
IMP-04812,Jennifer,Zhou,imp.04812@acme-corp.com,Sales,Analyst,L3,CH,2015-08-29,175433,CHF
IMP-04813,Nancy,Wu,imp.04813@acme-corp.com,HR,Manager,L1,GB,2015-01-25,86933,GBP
IMP-04814,Joseph,Zhou,imp.04814@acme-corp.com,HR,Manager,L5,GB,2020-08-26,108302,GBP
IMP-04815,Barbara,Zhou,imp.04815@acme-corp.com,Engineering,Engineer,L4,US,2021-10-22,85342,USD
IMP-04816,Mary,Taylor,imp.04816@acme-corp.com,HR,Manager,L5,IN,2015-02-10,1302414,INR
IMP-04817,Mei,Schulz,imp.04817@acme-corp.com,Finance,Analyst,L1,DK,2023-05-28,1188138,DKK
IMP-04818,Kenji,Jones,imp.04818@acme-corp.com,Sales,Analyst,L2,US,2024-11-22,116209,USD
IMP-04819,Arjun,Moreau,imp.04819@acme-corp.com,HR,Manager,L4,PL,2015-08-26,111094,PLN
IMP-04820,Layla,Zhou,imp.04820@acme-corp.com,Sales,Analyst,L3,TW,2018-10-09,1233551,TWD
IMP-04821,Pedro,Moore,imp.04821@acme-corp.com,Engineering,Engineer,L2,HK,2024-03-06,1065296,HKD
IMP-04822,Zhang,Johnson,imp.04822@acme-corp.com,HR,Manager,L6,SE,2021-07-20,979843,SEK
IMP-04823,Charles,Song,imp.04823@acme-corp.com,Engineering,Engineer,L6,FR,2017-11-04,77733,EUR
IMP-04824,Michael,Singh,imp.04824@acme-corp.com,Operations,Manager,L1,NO,2018-09-29,865700,NOK
IMP-04825,Michael,Taylor,imp.04825@acme-corp.com,Engineering,Engineer,L2,US,2021-04-29,124773,USD
IMP-04826,Liu,Jones,imp.04826@acme-corp.com,Engineering,Engineer,L5,NO,2023-01-15,1360632,NOK
IMP-04827,Ananya,Schulz,imp.04827@acme-corp.com,Operations,Manager,L1,AU,2019-01-23,109492,AUD
IMP-04828,Pedro,Lee,imp.04828@acme-corp.com,HR,Manager,L6,DE,2018-09-01,90101,EUR
IMP-04829,Rosa,Liu,imp.04829@acme-corp.com,Engineering,Engineer,L1,IE,2016-04-28,77691,EUR
IMP-04830,Carmen,Lee,imp.04830@acme-corp.com,Sales,Analyst,L5,US,2023-05-28,204885,USD
IMP-04831,Sung-min,Smith,imp.04831@acme-corp.com,Engineering,Engineer,L3,SG,2022-01-08,75345,SGD
IMP-04832,Yuki,Braun,imp.04832@acme-corp.com,Operations,Manager,L6,US,2024-04-19,190337,USD
IMP-04833,Wei,Martinez,imp.04833@acme-corp.com,Finance,Analyst,L2,HK,2018-11-17,350010,HKD
IMP-04834,Omar,Li,imp.04834@acme-corp.com,HR,Manager,L6,CA,2016-10-02,95244,CAD
IMP-04835,Yusuf,Garcia,imp.04835@acme-corp.com,Engineering,Engineer,L5,IN,2017-09-10,2088902,INR
IMP-04836,Takeshi,Moore,imp.04836@acme-corp.com,Sales,Analyst,L3,HK,2022-10-22,1075343,HKD
IMP-04837,Sarah,Johnson,imp.04837@acme-corp.com,Engineering,Engineer,L5,GB,2017-09-25,95619,GBP
IMP-04838,Liu,Fischer,imp.04838@acme-corp.com,Operations,Manager,L4,GB,2015-12-31,123540,GBP
IMP-04839,Charles,Moore,imp.04839@acme-corp.com,Sales,Analyst,L4,AU,2021-05-25,184479,AUD
IMP-04840,Linda,Williams,imp.04840@acme-corp.com,Design,Designer,L1,TW,2015-02-10,3000316,TWD
IMP-04841,Sung-min,Garcia,imp.04841@acme-corp.com,Finance,Analyst,L1,DE,2023-07-07,133638,EUR
IMP-04842,Sarah,Laurent,imp.04842@acme-corp.com,Sales,Analyst,L1,HK,2022-09-16,981181,HKD
IMP-04843,Ibrahim,Jackson,imp.04843@acme-corp.com,Engineering,Engineer,L5,HK,2015-04-25,855166,HKD
IMP-04844,Francisco,Moreau,imp.04844@acme-corp.com,Sales,Analyst,L3,NL,2023-01-16,139858,EUR
IMP-04845,Kenji,Anderson,imp.04845@acme-corp.com,Engineering,Engineer,L3,US,2021-03-26,144868,USD
IMP-04846,Arjun,Park,imp.04846@acme-corp.com,Design,Designer,L5,US,2023-12-23,108075,USD
IMP-04847,Fatima,Reddy,imp.04847@acme-corp.com,Engineering,Engineer,L3,TW,2020-11-24,3193839,TWD
IMP-04848,William,Mehta,imp.04848@acme-corp.com,HR,Manager,L2,PL,2019-07-24,145678,PLN
IMP-04849,James,Yoon,imp.04849@acme-corp.com,Operations,Manager,L3,HK,2021-11-20,382812,HKD
IMP-04850,Fatima,Klein,imp.04850@acme-corp.com,Engineering,Engineer,L6,GB,2023-08-15,64463,GBP
IMP-04851,Akiko,Brown,imp.04851@acme-corp.com,Sales,Analyst,L3,DK,2021-12-09,526641,DKK
IMP-04852,Chen,Zhou,imp.04852@acme-corp.com,Operations,Manager,L4,FR,2021-09-18,78547,EUR
IMP-04853,Kenji,Reddy,imp.04853@acme-corp.com,Design,Designer,L3,AE,2015-10-30,416904,AED
IMP-04854,Zhang,Pillai,imp.04854@acme-corp.com,Operations,Manager,L6,ZA,2024-06-23,1257719,ZAR
IMP-04855,Zhang,Kumar,imp.04855@acme-corp.com,Operations,Manager,L1,KR,2019-10-09,85286768,KRW
IMP-04856,Sakura,Song,imp.04856@acme-corp.com,Engineering,Engineer,L2,SG,2015-01-11,105105,SGD
IMP-04857,Mei,Xu,imp.04857@acme-corp.com,Sales,Analyst,L6,NO,2019-11-10,1236146,NOK
IMP-04858,Francisco,Braun,imp.04858@acme-corp.com,Operations,Manager,L3,SE,2024-05-13,1097498,SEK
IMP-04859,Akiko,Liu,imp.04859@acme-corp.com,Finance,Analyst,L3,TW,2023-05-20,3387278,TWD
IMP-04860,Carmen,Chen,imp.04860@acme-corp.com,Engineering,Engineer,L6,JP,2024-02-20,6151417,JPY
IMP-04861,Akiko,Reddy,imp.04861@acme-corp.com,Operations,Manager,L4,IE,2022-04-17,136467,EUR
IMP-04862,Jae-won,Taylor,imp.04862@acme-corp.com,Engineering,Engineer,L4,US,2021-12-03,119945,USD
IMP-04863,Liu,Braun,imp.04863@acme-corp.com,Engineering,Engineer,L5,SG,2018-08-02,79466,SGD
IMP-04864,Francisco,Schulz,imp.04864@acme-corp.com,Operations,Manager,L3,DE,2022-10-07,148519,EUR
IMP-04865,Michael,Jung,imp.04865@acme-corp.com,Operations,Manager,L2,IN,2023-10-02,1698685,INR
IMP-04866,Linda,Gupta,imp.04866@acme-corp.com,Operations,Manager,L4,ES,2023-09-21,70962,EUR
IMP-04867,Yuna,Lim,imp.04867@acme-corp.com,Operations,Manager,L5,ZA,2016-10-19,499736,ZAR
IMP-04868,Jose,Pillai,imp.04868@acme-corp.com,Sales,Analyst,L5,US,2018-05-24,108584,USD
IMP-04869,Nancy,Song,imp.04869@acme-corp.com,Sales,Analyst,L2,IN,2018-06-02,4379148,INR
IMP-04870,Rosa,Smith,imp.04870@acme-corp.com,Operations,Manager,L4,SE,2018-03-21,517120,SEK
IMP-04871,Jessica,Richter,imp.04871@acme-corp.com,HR,Manager,L1,NO,2024-09-24,1369936,NOK
IMP-04872,Yuna,Sharma,imp.04872@acme-corp.com,Operations,Manager,L5,AE,2023-10-24,128459,AED
IMP-04873,Susan,Liu,imp.04873@acme-corp.com,Engineering,Engineer,L1,FR,2017-08-25,104889,EUR
IMP-04874,Barbara,Zhou,imp.04874@acme-corp.com,Engineering,Engineer,L1,IN,2017-07-01,2250684,INR
IMP-04875,Mei,Brown,imp.04875@acme-corp.com,Engineering,Engineer,L2,US,2017-02-13,131322,USD
IMP-04876,Akiko,Song,imp.04876@acme-corp.com,Engineering,Engineer,L3,TW,2023-10-20,827066,TWD
IMP-04877,Zhang,Wu,imp.04877@acme-corp.com,Sales,Analyst,L5,CA,2024-08-17,174448,CAD
IMP-04878,Charles,Garcia,imp.04878@acme-corp.com,Sales,Analyst,L6,CH,2022-11-04,113351,CHF
IMP-04879,Ananya,Pillai,imp.04879@acme-corp.com,Engineering,Engineer,L5,JP,2022-08-18,16268993,JPY
IMP-04880,Ananya,Song,imp.04880@acme-corp.com,Engineering,Engineer,L5,KR,2023-07-29,70417681,KRW
IMP-04881,Kenji,Kim,imp.04881@acme-corp.com,Design,Designer,L5,US,2022-09-11,132600,USD
IMP-04882,Sarah,Bernard,imp.04882@acme-corp.com,Operations,Manager,L3,AU,2021-04-27,111623,AUD
IMP-04883,Ana,Hernandez,imp.04883@acme-corp.com,Operations,Manager,L2,JP,2017-05-29,13941241,JPY
IMP-04884,Zara,Jung,imp.04884@acme-corp.com,HR,Manager,L1,DK,2018-12-20,471828,DKK
IMP-04885,Kenji,Fischer,imp.04885@acme-corp.com,Operations,Manager,L2,KR,2023-08-08,73029953,KRW
IMP-04886,Jennifer,Weber,imp.04886@acme-corp.com,Engineering,Engineer,L2,IN,2015-12-14,3332172,INR
IMP-04887,Hiroshi,Davis,imp.04887@acme-corp.com,Engineering,Engineer,L6,DK,2016-02-14,718400,DKK
IMP-04888,Layla,Sharma,imp.04888@acme-corp.com,Sales,Analyst,L6,NO,2023-05-02,706338,NOK
IMP-04889,David,Lim,imp.04889@acme-corp.com,Engineering,Engineer,L2,ES,2015-07-09,81452,EUR
IMP-04890,Takeshi,Huang,imp.04890@acme-corp.com,Sales,Analyst,L2,IE,2020-04-27,85991,EUR
IMP-04891,Maria,Nair,imp.04891@acme-corp.com,Finance,Analyst,L5,KR,2017-04-10,100446464,KRW
IMP-04892,Layla,Li,imp.04892@acme-corp.com,Sales,Analyst,L4,MX,2019-03-03,581720,MXN
IMP-04893,Michael,Davis,imp.04893@acme-corp.com,Operations,Manager,L2,FR,2018-12-28,101819,EUR
IMP-04894,Pedro,David,imp.04894@acme-corp.com,Operations,Manager,L3,KR,2024-10-14,85413026,KRW
IMP-04895,Luis,Liu,imp.04895@acme-corp.com,Finance,Analyst,L5,SG,2017-02-05,195448,SGD
IMP-04896,Jennifer,Bernard,imp.04896@acme-corp.com,Engineering,Engineer,L4,AE,2021-05-03,442511,AED
IMP-04897,Sakura,Thompson,imp.04897@acme-corp.com,Engineering,Engineer,L5,US,2024-05-25,80873,USD
IMP-04898,Kenji,Joshi,imp.04898@acme-corp.com,HR,Manager,L3,CA,2015-01-21,133649,CAD
IMP-04899,Mary,Chen,imp.04899@acme-corp.com,Engineering,Engineer,L6,IN,2021-09-10,2924352,INR
IMP-04900,Susan,Jones,imp.04900@acme-corp.com,Finance,Analyst,L1,US,2021-07-17,180077,USD
IMP-04901,Linda,Klein,imp.04901@acme-corp.com,Sales,Analyst,L2,AE,2023-01-23,203998,AED
IMP-04902,Ahmed,Klein,imp.04902@acme-corp.com,Engineering,Engineer,L3,US,2024-10-09,131848,USD
IMP-04903,Kenji,David,imp.04903@acme-corp.com,HR,Manager,L1,ES,2021-12-22,118507,EUR
IMP-04904,Carlos,Laurent,imp.04904@acme-corp.com,HR,Manager,L5,GB,2018-07-27,98397,GBP
IMP-04905,Chen,Patel,imp.04905@acme-corp.com,Engineering,Engineer,L3,ES,2015-04-25,92531,EUR
IMP-04906,Sung-min,Müller,imp.04906@acme-corp.com,Engineering,Engineer,L1,AE,2023-06-06,319217,AED
IMP-04907,Patricia,Williams,imp.04907@acme-corp.com,Finance,Analyst,L3,ES,2024-03-07,139569,EUR
IMP-04908,Hassan,Simon,imp.04908@acme-corp.com,Engineering,Engineer,L4,PL,2017-02-13,213748,PLN
IMP-04909,Arjun,Hoffmann,imp.04909@acme-corp.com,Engineering,Engineer,L6,NL,2021-12-14,85257,EUR
IMP-04910,Jessica,Park,imp.04910@acme-corp.com,Engineering,Engineer,L5,GB,2020-12-21,95716,GBP
IMP-04911,Fatima,Zhang,imp.04911@acme-corp.com,Sales,Analyst,L2,AU,2018-12-18,134995,AUD
IMP-04912,Sakura,Pillai,imp.04912@acme-corp.com,Operations,Manager,L1,NL,2019-12-05,74921,EUR
IMP-04913,Fatima,Liu,imp.04913@acme-corp.com,Sales,Analyst,L4,MX,2020-12-21,345921,MXN
IMP-04914,Karen,Nair,imp.04914@acme-corp.com,Finance,Analyst,L2,FR,2018-11-25,77243,EUR
IMP-04915,Sakura,Garcia,imp.04915@acme-corp.com,Sales,Analyst,L1,NO,2022-02-11,1127790,NOK
IMP-04916,Layla,Gupta,imp.04916@acme-corp.com,Engineering,Engineer,L5,NL,2022-11-01,134269,EUR
IMP-04917,Ana,Lee,imp.04917@acme-corp.com,HR,Manager,L1,ES,2019-08-26,60962,EUR
IMP-04918,Jae-won,Lim,imp.04918@acme-corp.com,Engineering,Engineer,L6,SE,2021-10-18,880257,SEK
IMP-04919,Jennifer,Garcia,imp.04919@acme-corp.com,Engineering,Engineer,L6,DK,2022-07-05,1140368,DKK
IMP-04920,Luis,Xu,imp.04920@acme-corp.com,Design,Designer,L5,TW,2020-03-23,2660975,TWD
IMP-04921,Luis,Kang,imp.04921@acme-corp.com,Sales,Analyst,L4,GB,2019-06-13,91773,GBP
IMP-04922,Thomas,Miller,imp.04922@acme-corp.com,Operations,Manager,L3,DK,2019-06-24,989098,DKK
IMP-04923,Isabel,Yang,imp.04923@acme-corp.com,HR,Manager,L3,NL,2016-03-17,120683,EUR
IMP-04924,Wei,Hernandez,imp.04924@acme-corp.com,HR,Manager,L4,SE,2019-05-14,983789,SEK
IMP-04925,Karen,Nair,imp.04925@acme-corp.com,Sales,Analyst,L5,DE,2019-07-24,77182,EUR
IMP-04926,Elizabeth,Li,imp.04926@acme-corp.com,HR,Manager,L2,IN,2016-01-13,2620821,INR
IMP-04927,Mary,Weber,imp.04927@acme-corp.com,Engineering,Engineer,L3,FR,2017-05-19,70073,EUR
IMP-04928,Chen,Moreau,imp.04928@acme-corp.com,Finance,Analyst,L4,US,2020-06-15,172453,USD
IMP-04929,Ananya,Davis,imp.04929@acme-corp.com,Engineering,Engineer,L4,NL,2023-04-15,107193,EUR
IMP-04930,Layla,Taylor,imp.04930@acme-corp.com,Operations,Manager,L1,PL,2016-01-06,82777,PLN
IMP-04931,Ji-young,Sharma,imp.04931@acme-corp.com,Engineering,Engineer,L1,AE,2018-07-11,336788,AED
IMP-04932,Maria,Yoon,imp.04932@acme-corp.com,Sales,Analyst,L3,IN,2017-01-17,2148323,INR
IMP-04933,Carlos,Zhang,imp.04933@acme-corp.com,Operations,Manager,L2,FR,2024-04-04,63753,EUR
IMP-04934,Mei,Davis,imp.04934@acme-corp.com,Design,Designer,L2,AE,2021-03-07,334567,AED
IMP-04935,Akiko,Li,imp.04935@acme-corp.com,Engineering,Engineer,L3,JP,2023-04-08,12008845,JPY
IMP-04936,Charles,Nair,imp.04936@acme-corp.com,Finance,Analyst,L4,ZA,2015-03-21,661731,ZAR
IMP-04937,Takeshi,Dupont,imp.04937@acme-corp.com,Sales,Analyst,L1,MX,2021-10-21,1168692,MXN
IMP-04938,Fatima,Moreau,imp.04938@acme-corp.com,Engineering,Engineer,L6,HK,2021-05-17,904734,HKD
IMP-04939,Jennifer,Lee,imp.04939@acme-corp.com,Engineering,Engineer,L6,FR,2018-11-20,102303,EUR
IMP-04940,David,Jones,imp.04940@acme-corp.com,Sales,Analyst,L6,HK,2017-11-12,1036588,HKD
IMP-04941,Barbara,Lee,imp.04941@acme-corp.com,Engineering,Engineer,L6,SG,2017-04-05,189130,SGD
IMP-04942,Akiko,Jung,imp.04942@acme-corp.com,Finance,Analyst,L3,DE,2021-03-11,98576,EUR
IMP-04943,Aisha,Kim,imp.04943@acme-corp.com,Finance,Analyst,L5,IN,2019-03-18,2755488,INR
IMP-04944,Ana,Martinez,imp.04944@acme-corp.com,Engineering,Engineer,L2,NL,2022-05-10,74135,EUR
IMP-04945,Mary,Martin,imp.04945@acme-corp.com,Engineering,Engineer,L2,IN,2017-11-09,2687346,INR
IMP-04946,Min,Thompson,imp.04946@acme-corp.com,Engineering,Engineer,L6,AE,2018-04-24,391542,AED
IMP-04947,Yuki,Martin,imp.04947@acme-corp.com,Engineering,Engineer,L2,ES,2022-10-30,78976,EUR
IMP-04948,Mary,David,imp.04948@acme-corp.com,HR,Manager,L1,ZA,2023-04-08,1422273,ZAR
IMP-04949,Thomas,Schmidt,imp.04949@acme-corp.com,Operations,Manager,L2,NO,2024-03-16,1289374,NOK
IMP-04950,Hassan,Nair,imp.04950@acme-corp.com,Sales,Analyst,L5,CA,2018-05-04,155001,CAD
IMP-04951,Carmen,Lee,imp.04951@acme-corp.com,Sales,Analyst,L4,IN,2016-10-07,1072277,INR
IMP-04952,Mary,Wu,imp.04952@acme-corp.com,Engineering,Engineer,L5,ZA,2018-01-14,1465173,ZAR
IMP-04953,Layla,Sharma,imp.04953@acme-corp.com,Sales,Analyst,L5,US,2024-11-25,199384,USD
IMP-04954,Arjun,Song,imp.04954@acme-corp.com,Engineering,Engineer,L4,US,2017-12-19,115820,USD
IMP-04955,Fatima,Anderson,imp.04955@acme-corp.com,Operations,Manager,L3,GB,2024-09-22,121233,GBP
IMP-04956,Isabel,Singh,imp.04956@acme-corp.com,Engineering,Engineer,L3,ZA,2018-07-17,421377,ZAR
IMP-04957,Rosa,Jones,imp.04957@acme-corp.com,Design,Designer,L4,JP,2015-07-15,6743207,JPY
IMP-04958,Akiko,Pillai,imp.04958@acme-corp.com,Engineering,Engineer,L4,KR,2020-07-28,122548696,KRW
IMP-04959,Ibrahim,Huang,imp.04959@acme-corp.com,Engineering,Engineer,L4,NL,2018-01-17,63100,EUR
IMP-04960,Carlos,Jones,imp.04960@acme-corp.com,Sales,Analyst,L5,HK,2020-05-20,965174,HKD
IMP-04961,Carmen,Fischer,imp.04961@acme-corp.com,Finance,Analyst,L3,US,2023-01-18,165348,USD
IMP-04962,Michael,Kim,imp.04962@acme-corp.com,Finance,Analyst,L6,ES,2019-07-25,60152,EUR
IMP-04963,Maria,Zhou,imp.04963@acme-corp.com,Sales,Analyst,L1,US,2015-12-23,92840,USD
IMP-04964,Ana,Hoffmann,imp.04964@acme-corp.com,Design,Designer,L4,US,2018-04-05,129631,USD
IMP-04965,Liu,Johnson,imp.04965@acme-corp.com,Design,Designer,L3,MX,2024-07-19,546881,MXN
IMP-04966,Charles,Williams,imp.04966@acme-corp.com,Engineering,Engineer,L5,SE,2016-12-26,914496,SEK
IMP-04967,James,Garcia,imp.04967@acme-corp.com,Operations,Manager,L5,HK,2021-01-08,934245,HKD
IMP-04968,Joseph,Johnson,imp.04968@acme-corp.com,Engineering,Engineer,L4,US,2015-05-27,187907,USD
IMP-04969,Luis,Martin,imp.04969@acme-corp.com,HR,Manager,L5,MX,2021-12-08,909687,MXN
IMP-04970,Maria,Schmidt,imp.04970@acme-corp.com,Operations,Manager,L4,CH,2023-08-25,119324,CHF
IMP-04971,Yuna,Michel,imp.04971@acme-corp.com,Engineering,Engineer,L4,DE,2017-12-29,106332,EUR
IMP-04972,Akiko,Patel,imp.04972@acme-corp.com,Operations,Manager,L5,CA,2021-07-12,90078,CAD
IMP-04973,James,Jung,imp.04973@acme-corp.com,Engineering,Engineer,L3,IN,2020-02-08,2549523,INR
IMP-04974,Jessica,Fischer,imp.04974@acme-corp.com,HR,Manager,L3,GB,2015-03-02,67796,GBP
IMP-04975,Barbara,Song,imp.04975@acme-corp.com,Sales,Analyst,L5,CA,2015-06-08,141050,CAD
IMP-04976,Sakura,Becker,imp.04976@acme-corp.com,Sales,Analyst,L5,CH,2018-11-16,125671,CHF
IMP-04977,Jae-won,Garcia,imp.04977@acme-corp.com,Engineering,Engineer,L1,AE,2021-12-03,259274,AED
IMP-04978,Isabel,Schmidt,imp.04978@acme-corp.com,HR,Manager,L4,GB,2016-04-16,127689,GBP
IMP-04979,Carlos,Song,imp.04979@acme-corp.com,Engineering,Engineer,L3,MX,2022-05-13,1007668,MXN
IMP-04980,Fatima,Brown,imp.04980@acme-corp.com,Finance,Analyst,L2,US,2021-09-16,169319,USD
IMP-04981,Michael,Becker,imp.04981@acme-corp.com,Sales,Analyst,L4,CA,2020-07-01,160043,CAD
IMP-04982,Priya,Moreau,imp.04982@acme-corp.com,Engineering,Engineer,L4,US,2024-10-27,182867,USD
IMP-04983,Chen,Yoon,imp.04983@acme-corp.com,Engineering,Engineer,L3,CA,2015-09-28,130765,CAD
IMP-04984,Ji-young,Michel,imp.04984@acme-corp.com,Operations,Manager,L5,US,2016-06-18,169386,USD
IMP-04985,Fatima,Wu,imp.04985@acme-corp.com,Operations,Manager,L4,US,2024-09-08,120405,USD
IMP-04986,Charles,Fischer,imp.04986@acme-corp.com,Sales,Analyst,L5,IE,2021-03-12,83066,EUR
IMP-04987,Sung-min,Weber,imp.04987@acme-corp.com,Finance,Analyst,L6,CA,2021-07-22,122620,CAD
IMP-04988,Yusuf,Xu,imp.04988@acme-corp.com,Sales,Analyst,L5,US,2019-12-29,83864,USD
IMP-04989,Nancy,Hoffmann,imp.04989@acme-corp.com,Sales,Analyst,L2,HK,2020-11-15,371610,HKD
IMP-04990,Priya,Simon,imp.04990@acme-corp.com,Engineering,Engineer,L4,JP,2022-11-27,4807229,JPY
IMP-04991,Rahul,Michel,imp.04991@acme-corp.com,Engineering,Engineer,L4,AU,2017-07-17,85938,AUD
IMP-04992,Nancy,Chen,imp.04992@acme-corp.com,Operations,Manager,L2,HK,2020-09-24,864756,HKD
IMP-04993,Carlos,Martin,imp.04993@acme-corp.com,Sales,Analyst,L2,IN,2024-11-09,2910802,INR
IMP-04994,Zara,Simon,imp.04994@acme-corp.com,Operations,Manager,L5,IN,2015-07-15,1226843,INR
IMP-04995,Aisha,Moreau,imp.04995@acme-corp.com,Finance,Analyst,L5,ZA,2015-04-21,519949,ZAR
IMP-04996,Isabel,Roux,imp.04996@acme-corp.com,Sales,Analyst,L6,DE,2023-01-03,84621,EUR
IMP-04997,Akiko,Huang,imp.04997@acme-corp.com,HR,Manager,L6,NL,2016-05-02,96455,EUR
IMP-04998,David,Thomas,imp.04998@acme-corp.com,Sales,Analyst,L5,NO,2020-06-16,1215666,NOK
IMP-04999,Barbara,Klein,imp.04999@acme-corp.com,Sales,Analyst,L2,CH,2019-07-09,122173,CHF
IMP-05000,Jennifer,Zhou,imp.05000@acme-corp.com,Engineering,Engineer,L6,KR,2016-02-07,100309420,KRW
IMP-05001,Luis,Martinez,imp.05001@acme-corp.com,Sales,Analyst,L6,SG,2023-01-20,111340,SGD
IMP-05002,Priya,Becker,imp.05002@acme-corp.com,Sales,Analyst,L1,MX,2024-04-07,326960,MXN
IMP-05003,Arjun,Bernard,imp.05003@acme-corp.com,Finance,Analyst,L3,KR,2022-04-07,118799700,KRW
IMP-05004,Chen,Brown,imp.05004@acme-corp.com,Finance,Analyst,L3,FR,2024-05-24,66809,EUR
IMP-05005,Francisco,Liu,imp.05005@acme-corp.com,Finance,Analyst,L5,KR,2024-10-30,125774223,KRW
IMP-05006,Jose,Hernandez,imp.05006@acme-corp.com,Engineering,Engineer,L5,ZA,2021-06-08,474553,ZAR
IMP-05007,Elizabeth,Taylor,imp.05007@acme-corp.com,Operations,Manager,L6,IE,2021-12-27,114705,EUR
IMP-05008,Pedro,Sharma,imp.05008@acme-corp.com,Sales,Analyst,L6,SE,2024-11-09,1091746,SEK
IMP-05009,Min,Yoon,imp.05009@acme-corp.com,Operations,Manager,L3,TW,2016-10-03,1766513,TWD
IMP-05010,Sung-min,David,imp.05010@acme-corp.com,HR,Manager,L4,IE,2019-12-20,86603,EUR
IMP-05011,Sung-min,Joshi,imp.05011@acme-corp.com,Sales,Analyst,L3,TW,2023-08-30,3211297,TWD
IMP-05012,Zhang,Lim,imp.05012@acme-corp.com,Finance,Analyst,L2,KR,2020-07-14,86985952,KRW
IMP-05013,Francisco,Roux,imp.05013@acme-corp.com,HR,Manager,L2,SG,2022-02-01,170438,SGD
IMP-05014,Barbara,Miller,imp.05014@acme-corp.com,Engineering,Engineer,L6,GB,2020-07-04,49955,GBP
IMP-05015,Min,Martinez,imp.05015@acme-corp.com,HR,Manager,L6,US,2023-02-02,186834,USD
IMP-05016,Sung-min,Wang,imp.05016@acme-corp.com,Operations,Manager,L2,ES,2015-02-28,94388,EUR
IMP-05017,Karen,Miller,imp.05017@acme-corp.com,Sales,Analyst,L3,FR,2016-03-30,98911,EUR
IMP-05018,Jennifer,Pillai,imp.05018@acme-corp.com,Engineering,Engineer,L5,ES,2019-04-29,100709,EUR
IMP-05019,Omar,Fischer,imp.05019@acme-corp.com,Finance,Analyst,L5,KR,2017-01-26,125171937,KRW
IMP-05020,Priya,Kang,imp.05020@acme-corp.com,Engineering,Engineer,L4,IN,2016-02-16,1022625,INR
IMP-05021,Ananya,Richter,imp.05021@acme-corp.com,Design,Designer,L4,MX,2020-06-23,969745,MXN
IMP-05022,Elizabeth,Singh,imp.05022@acme-corp.com,Design,Designer,L2,AE,2016-01-22,460197,AED
IMP-05023,Layla,Gupta,imp.05023@acme-corp.com,Engineering,Engineer,L6,SE,2018-03-08,892029,SEK
IMP-05024,Barbara,Moore,imp.05024@acme-corp.com,Engineering,Engineer,L4,HK,2021-09-20,909255,HKD
IMP-05025,Ana,Xu,imp.05025@acme-corp.com,HR,Manager,L2,JP,2018-08-20,10116672,JPY
IMP-05026,Barbara,Thomas,imp.05026@acme-corp.com,Design,Designer,L2,JP,2015-05-08,15650827,JPY
IMP-05027,Hiroshi,Li,imp.05027@acme-corp.com,Operations,Manager,L2,NL,2019-02-21,111786,EUR
IMP-05028,Robert,Garcia,imp.05028@acme-corp.com,Design,Designer,L3,AE,2021-09-17,199969,AED
IMP-05029,Luis,Johnson,imp.05029@acme-corp.com,Engineering,Engineer,L5,SG,2015-07-11,141532,SGD
IMP-05030,Chen,Richter,imp.05030@acme-corp.com,Sales,Analyst,L6,NO,2020-09-23,611791,NOK
IMP-05031,Zhang,Müller,imp.05031@acme-corp.com,Finance,Analyst,L2,ZA,2015-05-05,1321074,ZAR
IMP-05032,Carmen,Simon,imp.05032@acme-corp.com,Engineering,Engineer,L1,IE,2021-09-29,62594,EUR
IMP-05033,Nancy,Johnson,imp.05033@acme-corp.com,Operations,Manager,L1,IE,2024-04-20,76373,EUR
IMP-05034,Liu,Chen,imp.05034@acme-corp.com,Sales,Analyst,L5,PL,2015-09-15,124580,PLN
IMP-05035,Aisha,Becker,imp.05035@acme-corp.com,Finance,Analyst,L2,ZA,2020-12-10,633338,ZAR
IMP-05036,Pedro,Williams,imp.05036@acme-corp.com,Design,Designer,L6,SG,2023-01-21,96685,SGD
IMP-05037,Carlos,Nair,imp.05037@acme-corp.com,Engineering,Engineer,L2,KR,2021-03-24,44683792,KRW
IMP-05038,Sung-min,Klein,imp.05038@acme-corp.com,Sales,Analyst,L3,US,2023-08-08,172325,USD
IMP-05039,Barbara,Jung,imp.05039@acme-corp.com,HR,Manager,L2,US,2016-01-07,206362,USD
IMP-05040,Nancy,Garcia,imp.05040@acme-corp.com,Finance,Analyst,L4,GB,2018-04-22,116398,GBP
IMP-05041,Ahmed,Schulz,imp.05041@acme-corp.com,Engineering,Engineer,L6,NO,2021-08-13,540105,NOK
IMP-05042,Karen,Yang,imp.05042@acme-corp.com,Design,Designer,L4,DE,2016-12-20,83428,EUR
IMP-05043,Joseph,Anderson,imp.05043@acme-corp.com,Finance,Analyst,L4,SG,2018-10-01,106235,SGD
IMP-05044,Yuki,Choi,imp.05044@acme-corp.com,Engineering,Engineer,L2,SG,2020-08-03,166542,SGD
IMP-05045,Sarah,Hoffmann,imp.05045@acme-corp.com,Engineering,Engineer,L2,AE,2021-10-26,454755,AED
IMP-05046,Patricia,Yoon,imp.05046@acme-corp.com,Sales,Analyst,L4,JP,2015-07-10,8529379,JPY
IMP-05047,Yuki,Roux,imp.05047@acme-corp.com,Engineering,Engineer,L6,SE,2017-02-24,951222,SEK
IMP-05048,Michael,Hoffmann,imp.05048@acme-corp.com,Design,Designer,L4,DK,2017-02-09,623177,DKK
IMP-05049,Chen,Martin,imp.05049@acme-corp.com,Engineering,Engineer,L4,FR,2020-06-25,116481,EUR
IMP-05050,Michael,Davis,imp.05050@acme-corp.com,Engineering,Engineer,L6,US,2024-08-22,126247,USD
IMP-05051,Liu,Hoffmann,imp.05051@acme-corp.com,Sales,Analyst,L1,KR,2023-05-08,67436304,KRW
IMP-05052,Omar,Reddy,imp.05052@acme-corp.com,Engineering,Engineer,L1,ES,2023-02-23,101862,EUR
IMP-05053,Omar,Lee,imp.05053@acme-corp.com,Sales,Analyst,L4,ZA,2015-07-28,881413,ZAR
IMP-05054,Robert,Roux,imp.05054@acme-corp.com,Finance,Analyst,L4,FR,2024-01-14,104752,EUR
IMP-05055,Yuki,Lim,imp.05055@acme-corp.com,Engineering,Engineer,L4,GB,2022-08-28,133341,GBP
IMP-05056,Akiko,Kim,imp.05056@acme-corp.com,Engineering,Engineer,L5,US,2023-12-10,144000,USD
IMP-05057,Jose,Garcia,imp.05057@acme-corp.com,Finance,Analyst,L5,IE,2019-01-13,112879,EUR
IMP-05058,Layla,Xu,imp.05058@acme-corp.com,Finance,Analyst,L1,DE,2015-09-02,68868,EUR
IMP-05059,Richard,Brown,imp.05059@acme-corp.com,HR,Manager,L5,US,2018-05-14,118399,USD
IMP-05060,Linda,Klein,imp.05060@acme-corp.com,Sales,Analyst,L5,AE,2023-05-09,377398,AED
IMP-05061,Karen,Gupta,imp.05061@acme-corp.com,Finance,Analyst,L1,KR,2020-09-30,71100380,KRW
IMP-05062,Robert,Choi,imp.05062@acme-corp.com,Sales,Analyst,L5,GB,2015-04-29,99695,GBP
IMP-05063,Yuki,Moreau,imp.05063@acme-corp.com,Sales,Analyst,L6,DK,2021-06-06,978895,DKK
IMP-05064,Pedro,Zhang,imp.05064@acme-corp.com,Engineering,Engineer,L1,JP,2015-10-29,6461195,JPY
IMP-05065,Karen,Pillai,imp.05065@acme-corp.com,Engineering,Engineer,L2,TW,2023-08-05,2553582,TWD
IMP-05066,Patricia,Hoffmann,imp.05066@acme-corp.com,Operations,Manager,L6,GB,2019-02-11,83331,GBP
IMP-05067,Rahul,Chen,imp.05067@acme-corp.com,Engineering,Engineer,L1,KR,2024-09-10,70194431,KRW
IMP-05068,Karen,Martin,imp.05068@acme-corp.com,Engineering,Engineer,L3,US,2023-05-06,189998,USD
IMP-05069,Ji-young,Choi,imp.05069@acme-corp.com,Engineering,Engineer,L2,SG,2016-03-08,187981,SGD
IMP-05070,Ji-young,Park,imp.05070@acme-corp.com,Operations,Manager,L6,JP,2021-11-16,5351814,JPY
IMP-05071,Zara,Kang,imp.05071@acme-corp.com,Sales,Analyst,L3,SG,2019-12-14,158107,SGD
IMP-05072,Yuki,Martin,imp.05072@acme-corp.com,Sales,Analyst,L1,FR,2024-07-20,99488,EUR
IMP-05073,William,Sharma,imp.05073@acme-corp.com,Engineering,Engineer,L4,DE,2019-02-27,147701,EUR
IMP-05074,Aisha,Gupta,imp.05074@acme-corp.com,Finance,Analyst,L2,HK,2020-07-09,1151302,HKD
IMP-05075,Chen,Klein,imp.05075@acme-corp.com,Operations,Manager,L5,GB,2016-07-23,124515,GBP
IMP-05076,Jessica,Kim,imp.05076@acme-corp.com,Sales,Analyst,L6,US,2024-09-12,126498,USD
IMP-05077,Sarah,Wu,imp.05077@acme-corp.com,Engineering,Engineer,L2,US,2021-02-26,120547,USD
IMP-05078,Jennifer,Schulz,imp.05078@acme-corp.com,Operations,Manager,L4,KR,2019-06-15,41797848,KRW
IMP-05079,Jose,Wilson,imp.05079@acme-corp.com,Engineering,Engineer,L2,SG,2024-03-03,160122,SGD
IMP-05080,Maria,Lim,imp.05080@acme-corp.com,Sales,Analyst,L4,US,2022-06-28,90825,USD
IMP-05081,Aisha,Williams,imp.05081@acme-corp.com,Operations,Manager,L2,NO,2023-09-12,818829,NOK
IMP-05082,Linda,Sharma,imp.05082@acme-corp.com,Sales,Analyst,L4,IN,2021-05-01,1402835,INR
IMP-05083,Kenji,Choi,imp.05083@acme-corp.com,Engineering,Engineer,L2,TW,2015-02-19,1298488,TWD
IMP-05084,Takeshi,Fischer,imp.05084@acme-corp.com,Engineering,Engineer,L1,US,2019-10-25,200471,USD
IMP-05085,David,Song,imp.05085@acme-corp.com,Engineering,Engineer,L3,IE,2015-05-12,141105,EUR
IMP-05086,Jennifer,Brown,imp.05086@acme-corp.com,Sales,Analyst,L1,SE,2017-08-17,965127,SEK
IMP-05087,Arjun,Martin,imp.05087@acme-corp.com,Design,Designer,L4,IN,2022-05-27,2853727,INR
IMP-05088,Liu,Fischer,imp.05088@acme-corp.com,Sales,Analyst,L2,US,2024-06-09,67329,USD
IMP-05089,David,Jackson,imp.05089@acme-corp.com,Finance,Analyst,L5,PL,2015-01-29,104340,PLN
IMP-05090,Sarah,Zhang,imp.05090@acme-corp.com,HR,Manager,L1,IE,2020-08-06,116922,EUR
IMP-05091,Priya,Joshi,imp.05091@acme-corp.com,Operations,Manager,L5,GB,2020-08-23,74383,GBP
IMP-05092,Maria,Taylor,imp.05092@acme-corp.com,Operations,Manager,L6,SE,2017-02-23,943742,SEK
IMP-05093,Michael,Fischer,imp.05093@acme-corp.com,Operations,Manager,L1,MX,2024-01-19,855487,MXN
IMP-05094,Jessica,Kim,imp.05094@acme-corp.com,Sales,Analyst,L2,ZA,2016-05-05,1468851,ZAR
IMP-05095,Min,Patel,imp.05095@acme-corp.com,Engineering,Engineer,L4,AE,2021-09-08,196819,AED
IMP-05096,Arjun,Richter,imp.05096@acme-corp.com,Engineering,Engineer,L6,AE,2017-03-16,239395,AED
IMP-05097,Carmen,Chen,imp.05097@acme-corp.com,Sales,Analyst,L1,HK,2020-04-24,1092301,HKD
IMP-05098,Isabel,Han,imp.05098@acme-corp.com,Operations,Manager,L5,PL,2024-12-12,112653,PLN
IMP-05099,Linda,Miller,imp.05099@acme-corp.com,Engineering,Engineer,L1,AU,2017-05-16,189597,AUD
IMP-05100,Zara,Kang,imp.05100@acme-corp.com,Sales,Analyst,L1,ZA,2015-04-01,957091,ZAR
IMP-05101,Yuna,Davis,imp.05101@acme-corp.com,Operations,Manager,L3,CA,2015-09-24,90915,CAD
IMP-05102,Michael,Michel,imp.05102@acme-corp.com,Operations,Manager,L1,HK,2015-01-26,912738,HKD
IMP-05103,Jessica,Joshi,imp.05103@acme-corp.com,Sales,Analyst,L6,IN,2024-11-30,3082681,INR
IMP-05104,Mei,Kang,imp.05104@acme-corp.com,Sales,Analyst,L2,SG,2019-07-24,164550,SGD
IMP-05105,Sung-min,Schmidt,imp.05105@acme-corp.com,Operations,Manager,L4,TW,2020-11-09,2875176,TWD
IMP-05106,Thomas,Hoffmann,imp.05106@acme-corp.com,Sales,Analyst,L1,US,2024-06-01,173498,USD
IMP-05107,Yusuf,Zhang,imp.05107@acme-corp.com,HR,Manager,L1,SE,2017-12-25,451429,SEK
IMP-05108,Yuna,Richter,imp.05108@acme-corp.com,Finance,Analyst,L1,DK,2021-05-12,449500,DKK
IMP-05109,Maria,Joshi,imp.05109@acme-corp.com,Operations,Manager,L5,CH,2018-11-01,193634,CHF
IMP-05110,David,Li,imp.05110@acme-corp.com,Sales,Analyst,L4,SE,2019-06-30,549518,SEK
IMP-05111,Linda,Hernandez,imp.05111@acme-corp.com,HR,Manager,L5,IE,2018-09-20,135477,EUR
IMP-05112,Wei,Reddy,imp.05112@acme-corp.com,Design,Designer,L6,AE,2018-06-23,433223,AED
IMP-05113,Susan,Choi,imp.05113@acme-corp.com,Finance,Analyst,L6,SG,2020-11-04,106385,SGD
IMP-05114,David,Martin,imp.05114@acme-corp.com,Engineering,Engineer,L2,FR,2015-08-14,121118,EUR
IMP-05115,Mei,Choi,imp.05115@acme-corp.com,Sales,Analyst,L6,JP,2017-04-16,16794213,JPY
IMP-05116,Ji-young,Dupont,imp.05116@acme-corp.com,Engineering,Engineer,L4,KR,2020-10-15,121654561,KRW
IMP-05117,Omar,Michel,imp.05117@acme-corp.com,Engineering,Engineer,L4,NL,2020-03-19,144559,EUR
IMP-05118,Ji-young,David,imp.05118@acme-corp.com,Finance,Analyst,L5,CH,2016-04-10,110871,CHF
IMP-05119,Barbara,Wilson,imp.05119@acme-corp.com,Engineering,Engineer,L6,US,2023-09-04,91357,USD
IMP-05120,James,Roux,imp.05120@acme-corp.com,Engineering,Engineer,L1,CA,2022-10-25,174156,CAD
IMP-05121,Patricia,Schulz,imp.05121@acme-corp.com,Finance,Analyst,L2,KR,2020-08-03,101209407,KRW
IMP-05122,Maria,Richter,imp.05122@acme-corp.com,Engineering,Engineer,L2,KR,2016-02-15,73889869,KRW
IMP-05123,Elizabeth,Garcia,imp.05123@acme-corp.com,Engineering,Engineer,L6,FR,2018-08-30,81007,EUR
IMP-05124,Carlos,Nair,imp.05124@acme-corp.com,Design,Designer,L6,HK,2021-02-06,1103608,HKD
IMP-05125,Michael,Song,imp.05125@acme-corp.com,Sales,Analyst,L2,NO,2022-08-27,1206339,NOK
IMP-05126,Robert,Patel,imp.05126@acme-corp.com,Sales,Analyst,L5,KR,2022-11-29,72374190,KRW
IMP-05127,James,Gupta,imp.05127@acme-corp.com,Design,Designer,L4,IN,2021-12-03,2973511,INR
IMP-05128,Sarah,Taylor,imp.05128@acme-corp.com,Operations,Manager,L5,CH,2021-11-07,178974,CHF
IMP-05129,Layla,Weber,imp.05129@acme-corp.com,Engineering,Engineer,L4,CH,2021-03-30,160298,CHF
IMP-05130,Karen,Xu,imp.05130@acme-corp.com,HR,Manager,L1,FR,2022-09-24,138483,EUR
IMP-05131,Karen,Schulz,imp.05131@acme-corp.com,Operations,Manager,L2,ES,2018-04-25,139716,EUR
IMP-05132,Sakura,Miller,imp.05132@acme-corp.com,Finance,Analyst,L4,PL,2017-05-29,113254,PLN
IMP-05133,Elizabeth,Dupont,imp.05133@acme-corp.com,Engineering,Engineer,L2,SE,2015-10-30,654345,SEK
IMP-05134,Joseph,Roux,imp.05134@acme-corp.com,Design,Designer,L1,GB,2017-08-17,110537,GBP
IMP-05135,Priya,Choi,imp.05135@acme-corp.com,Sales,Analyst,L3,US,2016-07-11,132521,USD
IMP-05136,James,Klein,imp.05136@acme-corp.com,Engineering,Engineer,L5,SE,2019-08-02,1023305,SEK
IMP-05137,Yuna,Zhang,imp.05137@acme-corp.com,Operations,Manager,L1,ES,2023-07-15,121552,EUR
IMP-05138,Yuna,Thompson,imp.05138@acme-corp.com,Engineering,Engineer,L3,IE,2023-04-19,138522,EUR
IMP-05139,Mei,Park,imp.05139@acme-corp.com,Sales,Analyst,L3,PL,2020-11-28,204940,PLN
IMP-05140,David,Michel,imp.05140@acme-corp.com,Engineering,Engineer,L4,HK,2024-05-09,762665,HKD
IMP-05141,Priya,Lim,imp.05141@acme-corp.com,Design,Designer,L1,SE,2018-05-17,985659,SEK
IMP-05142,Ibrahim,Bernard,imp.05142@acme-corp.com,Engineering,Engineer,L2,CH,2015-08-01,166232,CHF
IMP-05143,Patricia,Richter,imp.05143@acme-corp.com,Design,Designer,L6,MX,2015-03-30,1034809,MXN
IMP-05144,Maria,Weber,imp.05144@acme-corp.com,Finance,Analyst,L1,US,2017-09-27,135026,USD
IMP-05145,Patricia,Schulz,imp.05145@acme-corp.com,Design,Designer,L2,AE,2021-09-15,299447,AED
IMP-05146,Kenji,Xu,imp.05146@acme-corp.com,Engineering,Engineer,L3,US,2020-04-24,152621,USD
IMP-05147,Jae-won,Schmidt,imp.05147@acme-corp.com,Operations,Manager,L3,US,2018-08-22,178361,USD
IMP-05148,Ibrahim,Weber,imp.05148@acme-corp.com,Finance,Analyst,L2,FR,2024-08-16,101317,EUR
IMP-05149,Aisha,Wilson,imp.05149@acme-corp.com,Engineering,Engineer,L4,US,2024-09-12,160224,USD
IMP-05150,Michael,Garcia,imp.05150@acme-corp.com,Engineering,Engineer,L1,MX,2019-10-02,863478,MXN
IMP-05151,Arjun,Roux,imp.05151@acme-corp.com,Design,Designer,L4,US,2023-03-05,117988,USD
IMP-05152,Akiko,Wilson,imp.05152@acme-corp.com,Design,Designer,L3,IE,2023-03-12,81673,EUR
IMP-05153,Mary,Becker,imp.05153@acme-corp.com,Sales,Analyst,L4,AE,2019-07-03,417939,AED
IMP-05154,Mary,Johnson,imp.05154@acme-corp.com,HR,Manager,L2,GB,2022-01-30,76747,GBP
IMP-05155,Richard,Xu,imp.05155@acme-corp.com,Engineering,Engineer,L6,GB,2022-11-25,114940,GBP
IMP-05156,Karen,Laurent,imp.05156@acme-corp.com,HR,Manager,L1,US,2015-03-06,89705,USD
IMP-05157,Joseph,Kang,imp.05157@acme-corp.com,Finance,Analyst,L4,US,2021-10-27,186597,USD
IMP-05158,Jessica,Roux,imp.05158@acme-corp.com,Engineering,Engineer,L6,HK,2021-01-27,1072658,HKD
IMP-05159,Chen,Xu,imp.05159@acme-corp.com,Engineering,Engineer,L4,NO,2023-04-08,931960,NOK
IMP-05160,Layla,Laurent,imp.05160@acme-corp.com,HR,Manager,L3,US,2018-09-23,155367,USD
IMP-05161,Carlos,Becker,imp.05161@acme-corp.com,Operations,Manager,L2,US,2019-06-04,109334,USD
IMP-05162,Robert,Gupta,imp.05162@acme-corp.com,Finance,Analyst,L2,US,2021-04-30,71296,USD
IMP-05163,Fatima,Lee,imp.05163@acme-corp.com,HR,Manager,L4,NL,2019-08-24,93773,EUR
IMP-05164,Rahul,Fischer,imp.05164@acme-corp.com,Engineering,Engineer,L2,DE,2024-05-31,111876,EUR
IMP-05165,William,Mehta,imp.05165@acme-corp.com,Sales,Analyst,L1,NO,2023-06-08,1371914,NOK
IMP-05166,Liu,Choi,imp.05166@acme-corp.com,Sales,Analyst,L3,TW,2018-07-21,2114863,TWD
IMP-05167,Omar,Martin,imp.05167@acme-corp.com,Sales,Analyst,L1,ZA,2020-06-06,345319,ZAR
IMP-05168,Layla,Richter,imp.05168@acme-corp.com,Engineering,Engineer,L4,PL,2016-06-09,247331,PLN
IMP-05169,Rahul,Yang,imp.05169@acme-corp.com,Engineering,Engineer,L6,US,2015-06-15,215607,USD
IMP-05170,Ibrahim,Mehta,imp.05170@acme-corp.com,Operations,Manager,L1,ZA,2018-11-03,1330217,ZAR
IMP-05171,Maria,Becker,imp.05171@acme-corp.com,Engineering,Engineer,L6,ES,2019-05-26,141665,EUR
IMP-05172,Ananya,Pillai,imp.05172@acme-corp.com,Finance,Analyst,L4,IE,2016-05-17,91546,EUR
IMP-05173,Kenji,Klein,imp.05173@acme-corp.com,HR,Manager,L1,DE,2022-11-22,113562,EUR
IMP-05174,Hassan,Singh,imp.05174@acme-corp.com,Sales,Analyst,L5,GB,2015-07-18,80158,GBP
IMP-05175,Nancy,Xu,imp.05175@acme-corp.com,Sales,Analyst,L6,HK,2016-01-25,548631,HKD
IMP-05176,Karen,Jung,imp.05176@acme-corp.com,Sales,Analyst,L4,GB,2017-09-17,85596,GBP
IMP-05177,Yuki,Roux,imp.05177@acme-corp.com,Engineering,Engineer,L4,GB,2020-12-15,76360,GBP
IMP-05178,Rosa,Kim,imp.05178@acme-corp.com,Sales,Analyst,L2,TW,2022-10-28,2532964,TWD
IMP-05179,Wei,Singh,imp.05179@acme-corp.com,Sales,Analyst,L3,DE,2015-09-17,52244,EUR
IMP-05180,Omar,Schulz,imp.05180@acme-corp.com,Engineering,Engineer,L6,US,2022-11-08,177740,USD
IMP-05181,Min,Garcia,imp.05181@acme-corp.com,Finance,Analyst,L1,US,2016-06-16,172730,USD
IMP-05182,Karen,Williams,imp.05182@acme-corp.com,Design,Designer,L1,GB,2024-11-10,148286,GBP
IMP-05183,Yusuf,Taylor,imp.05183@acme-corp.com,Engineering,Engineer,L5,CH,2020-05-02,123806,CHF
IMP-05184,Zhang,Joshi,imp.05184@acme-corp.com,Operations,Manager,L1,GB,2021-07-09,144778,GBP
IMP-05185,Mei,Mehta,imp.05185@acme-corp.com,Engineering,Engineer,L3,AE,2017-05-12,378556,AED
IMP-05186,Ji-young,Anderson,imp.05186@acme-corp.com,Sales,Analyst,L6,GB,2021-04-18,122466,GBP
IMP-05187,Ana,Davis,imp.05187@acme-corp.com,Operations,Manager,L5,SE,2020-03-05,687218,SEK
IMP-05188,Charles,Pillai,imp.05188@acme-corp.com,Engineering,Engineer,L1,KR,2018-06-03,101181832,KRW
IMP-05189,Sakura,Martin,imp.05189@acme-corp.com,Sales,Analyst,L6,US,2019-10-12,91764,USD
IMP-05190,Elizabeth,Fischer,imp.05190@acme-corp.com,Engineering,Engineer,L4,ES,2024-10-10,109271,EUR
IMP-05191,Pedro,Nair,imp.05191@acme-corp.com,Sales,Analyst,L3,DE,2022-06-08,92835,EUR
IMP-05192,Aisha,David,imp.05192@acme-corp.com,Sales,Analyst,L5,ZA,2016-08-12,949823,ZAR
IMP-05193,Francisco,Becker,imp.05193@acme-corp.com,Engineering,Engineer,L1,KR,2017-07-11,115811158,KRW
IMP-05194,Luis,Kang,imp.05194@acme-corp.com,Engineering,Engineer,L4,AU,2019-02-18,101635,AUD
IMP-05195,Ana,Martin,imp.05195@acme-corp.com,Sales,Analyst,L5,FR,2022-12-27,83023,EUR
IMP-05196,Ana,Thompson,imp.05196@acme-corp.com,Engineering,Engineer,L5,US,2018-08-06,74761,USD
IMP-05197,Jose,Zhou,imp.05197@acme-corp.com,Engineering,Engineer,L3,US,2019-12-04,115780,USD
IMP-05198,Ananya,Choi,imp.05198@acme-corp.com,Operations,Manager,L4,CH,2022-08-20,159373,CHF
IMP-05199,Aisha,Schmidt,imp.05199@acme-corp.com,Finance,Analyst,L1,SG,2015-12-01,98363,SGD
IMP-05200,Jessica,Huang,imp.05200@acme-corp.com,Engineering,Engineer,L1,US,2020-01-28,202710,USD
IMP-05201,Pedro,Davis,imp.05201@acme-corp.com,HR,Manager,L4,NL,2023-12-22,66021,EUR
IMP-05202,Thomas,Schmidt,imp.05202@acme-corp.com,Operations,Manager,L5,GB,2024-01-18,99238,GBP
IMP-05203,Ibrahim,Joshi,imp.05203@acme-corp.com,Engineering,Engineer,L4,TW,2016-03-19,1086061,TWD
IMP-05204,Ibrahim,Zhou,imp.05204@acme-corp.com,Engineering,Engineer,L4,TW,2016-10-26,2385533,TWD
IMP-05205,James,Martin,imp.05205@acme-corp.com,Engineering,Engineer,L4,SE,2016-10-03,857299,SEK
IMP-05206,Charles,Schulz,imp.05206@acme-corp.com,HR,Manager,L6,US,2020-05-10,157358,USD
IMP-05207,Rosa,Martinez,imp.05207@acme-corp.com,Engineering,Engineer,L3,SG,2015-05-03,120549,SGD
IMP-05208,William,Yang,imp.05208@acme-corp.com,Engineering,Engineer,L6,ZA,2018-12-16,301621,ZAR
IMP-05209,Akiko,Brown,imp.05209@acme-corp.com,Sales,Analyst,L5,IE,2024-02-19,54867,EUR
IMP-05210,Omar,Lim,imp.05210@acme-corp.com,Engineering,Engineer,L3,SG,2024-07-07,185086,SGD
IMP-05211,Sung-min,Patel,imp.05211@acme-corp.com,Design,Designer,L4,IN,2021-03-27,2931045,INR
IMP-05212,Maria,Jackson,imp.05212@acme-corp.com,Operations,Manager,L3,DK,2017-05-03,618602,DKK
IMP-05213,Wei,Moore,imp.05213@acme-corp.com,Sales,Analyst,L6,KR,2019-05-08,76201166,KRW
IMP-05214,Yuki,Lim,imp.05214@acme-corp.com,Sales,Analyst,L1,IN,2016-06-03,905519,INR
IMP-05215,Francisco,Jackson,imp.05215@acme-corp.com,Engineering,Engineer,L3,AE,2023-08-23,188423,AED
IMP-05216,Ibrahim,Singh,imp.05216@acme-corp.com,Sales,Analyst,L2,KR,2016-01-12,116495590,KRW
IMP-05217,Linda,David,imp.05217@acme-corp.com,HR,Manager,L5,IN,2023-05-17,1655351,INR
IMP-05218,Priya,Wilson,imp.05218@acme-corp.com,Operations,Manager,L3,SG,2018-07-12,82779,SGD
IMP-05219,Hiroshi,Hoffmann,imp.05219@acme-corp.com,Operations,Manager,L5,SE,2020-07-02,578143,SEK
IMP-05220,Akiko,Martin,imp.05220@acme-corp.com,Operations,Manager,L1,CA,2024-07-14,136159,CAD
IMP-05221,Aisha,Kim,imp.05221@acme-corp.com,Engineering,Engineer,L1,DE,2018-08-16,66567,EUR
IMP-05222,Fatima,Singh,imp.05222@acme-corp.com,Finance,Analyst,L1,NO,2015-08-01,696533,NOK
IMP-05223,Akiko,Garcia,imp.05223@acme-corp.com,Engineering,Engineer,L6,NL,2019-10-21,100679,EUR
IMP-05224,Layla,Mehta,imp.05224@acme-corp.com,Engineering,Engineer,L6,ZA,2017-01-01,1004415,ZAR
IMP-05225,Sung-min,Choi,imp.05225@acme-corp.com,Finance,Analyst,L2,DE,2019-02-15,68221,EUR
IMP-05226,Joseph,Wu,imp.05226@acme-corp.com,Engineering,Engineer,L6,AE,2023-11-23,210930,AED
IMP-05227,Liu,Müller,imp.05227@acme-corp.com,Finance,Analyst,L1,SG,2015-12-05,89187,SGD
IMP-05228,Mei,Sharma,imp.05228@acme-corp.com,Engineering,Engineer,L3,CA,2017-02-23,163082,CAD
IMP-05229,Nancy,Hernandez,imp.05229@acme-corp.com,Finance,Analyst,L3,FR,2020-11-03,67624,EUR
IMP-05230,James,Weber,imp.05230@acme-corp.com,Design,Designer,L6,JP,2020-06-12,7469238,JPY
IMP-05231,Sakura,Roux,imp.05231@acme-corp.com,Operations,Manager,L4,CA,2021-06-16,65652,CAD
IMP-05232,Linda,Martin,imp.05232@acme-corp.com,Operations,Manager,L6,SG,2015-02-06,100694,SGD
IMP-05233,Jessica,Zhang,imp.05233@acme-corp.com,Engineering,Engineer,L5,MX,2022-02-26,594201,MXN
IMP-05234,Yusuf,Thomas,imp.05234@acme-corp.com,Engineering,Engineer,L3,TW,2021-04-01,3144616,TWD
IMP-05235,Maria,Singh,imp.05235@acme-corp.com,Sales,Analyst,L5,US,2020-07-15,107442,USD
IMP-05236,David,Huang,imp.05236@acme-corp.com,Sales,Analyst,L6,CA,2019-10-24,102010,CAD
IMP-05237,Jose,Taylor,imp.05237@acme-corp.com,Engineering,Engineer,L1,IN,2018-08-05,4135087,INR
IMP-05238,Yusuf,Zhou,imp.05238@acme-corp.com,Design,Designer,L4,AE,2018-12-08,160401,AED
IMP-05239,Arjun,Becker,imp.05239@acme-corp.com,HR,Manager,L1,KR,2016-02-15,127804666,KRW
IMP-05240,Hassan,Hoffmann,imp.05240@acme-corp.com,Sales,Analyst,L5,PL,2022-03-26,219809,PLN
IMP-05241,Ibrahim,Kumar,imp.05241@acme-corp.com,Finance,Analyst,L1,US,2016-11-14,106145,USD
IMP-05242,Wei,Wilson,imp.05242@acme-corp.com,Sales,Analyst,L3,DE,2022-03-02,138287,EUR
IMP-05243,Takeshi,Schmidt,imp.05243@acme-corp.com,Engineering,Engineer,L6,IN,2023-10-10,2255992,INR
IMP-05244,David,Zhang,imp.05244@acme-corp.com,Engineering,Engineer,L4,AU,2023-05-15,83566,AUD
IMP-05245,William,Martin,imp.05245@acme-corp.com,Finance,Analyst,L5,IN,2015-09-29,1721836,INR
IMP-05246,Akiko,Müller,imp.05246@acme-corp.com,Finance,Analyst,L2,TW,2016-10-08,1291419,TWD
IMP-05247,Sarah,Lee,imp.05247@acme-corp.com,Engineering,Engineer,L4,IE,2021-08-11,70951,EUR
IMP-05248,Chen,Song,imp.05248@acme-corp.com,Engineering,Engineer,L2,US,2018-08-11,99574,USD
IMP-05249,Sakura,Becker,imp.05249@acme-corp.com,Sales,Analyst,L1,IN,2016-12-21,1923882,INR
IMP-05250,David,Becker,imp.05250@acme-corp.com,Operations,Manager,L2,FR,2024-08-18,146593,EUR
IMP-05251,Hassan,Johnson,imp.05251@acme-corp.com,Engineering,Engineer,L6,PL,2023-09-04,92662,PLN
IMP-05252,Yuki,Martinez,imp.05252@acme-corp.com,Operations,Manager,L5,MX,2019-09-26,1153332,MXN
IMP-05253,David,Jones,imp.05253@acme-corp.com,Engineering,Engineer,L3,NL,2021-09-16,126485,EUR
IMP-05254,Kenji,Bernard,imp.05254@acme-corp.com,Engineering,Engineer,L5,SG,2018-11-15,106068,SGD
IMP-05255,Hiroshi,Wu,imp.05255@acme-corp.com,Sales,Analyst,L2,AU,2017-05-02,93935,AUD
IMP-05256,Charles,Lee,imp.05256@acme-corp.com,Engineering,Engineer,L5,SE,2020-08-03,1112335,SEK
IMP-05257,Sung-min,Thomas,imp.05257@acme-corp.com,Engineering,Engineer,L5,US,2023-06-22,79141,USD
IMP-05258,Hassan,Bernard,imp.05258@acme-corp.com,Sales,Analyst,L6,DE,2021-12-26,149359,EUR
IMP-05259,Zara,Garcia,imp.05259@acme-corp.com,Sales,Analyst,L3,DE,2020-07-16,69984,EUR
IMP-05260,Mei,Lee,imp.05260@acme-corp.com,Design,Designer,L1,US,2024-08-01,207720,USD
IMP-05261,Sakura,Moreau,imp.05261@acme-corp.com,Engineering,Engineer,L4,US,2015-08-27,190086,USD
IMP-05262,Charles,Davis,imp.05262@acme-corp.com,Operations,Manager,L3,TW,2021-04-12,2929332,TWD
IMP-05263,Susan,Schmidt,imp.05263@acme-corp.com,Operations,Manager,L4,CH,2020-12-30,93854,CHF
IMP-05264,Isabel,Anderson,imp.05264@acme-corp.com,Engineering,Engineer,L2,MX,2020-12-28,310802,MXN
IMP-05265,Omar,Moreau,imp.05265@acme-corp.com,Sales,Analyst,L1,JP,2019-05-29,15181512,JPY
IMP-05266,Priya,Kang,imp.05266@acme-corp.com,Sales,Analyst,L1,US,2023-12-24,143951,USD
IMP-05267,David,Gupta,imp.05267@acme-corp.com,HR,Manager,L5,DE,2015-05-18,142442,EUR
IMP-05268,James,Park,imp.05268@acme-corp.com,Operations,Manager,L6,US,2020-05-21,171231,USD
IMP-05269,Ana,Liu,imp.05269@acme-corp.com,Engineering,Engineer,L4,IN,2020-06-19,3358568,INR
IMP-05270,Akiko,Braun,imp.05270@acme-corp.com,Sales,Analyst,L6,CA,2015-10-14,149506,CAD
IMP-05271,Sarah,Pillai,imp.05271@acme-corp.com,HR,Manager,L4,DE,2020-04-16,80819,EUR
IMP-05272,Chen,Singh,imp.05272@acme-corp.com,HR,Manager,L4,GB,2018-05-14,104388,GBP
IMP-05273,Chen,Zhou,imp.05273@acme-corp.com,Engineering,Engineer,L1,US,2022-02-19,89650,USD
IMP-05274,Yusuf,Richter,imp.05274@acme-corp.com,Finance,Analyst,L2,FR,2017-09-01,52874,EUR
IMP-05275,Chen,Lee,imp.05275@acme-corp.com,Engineering,Engineer,L1,DE,2018-02-09,143611,EUR
IMP-05276,Mei,Dupont,imp.05276@acme-corp.com,Engineering,Engineer,L2,PL,2022-10-13,140504,PLN
IMP-05277,Wei,Michel,imp.05277@acme-corp.com,Engineering,Engineer,L6,DE,2020-09-10,138864,EUR
IMP-05278,Omar,Mehta,imp.05278@acme-corp.com,Engineering,Engineer,L2,AE,2019-04-15,469574,AED
IMP-05279,Sakura,Lee,imp.05279@acme-corp.com,Sales,Analyst,L4,HK,2021-12-20,916430,HKD
IMP-05280,Nancy,Martinez,imp.05280@acme-corp.com,Sales,Analyst,L4,US,2022-04-08,90193,USD
IMP-05281,Patricia,Li,imp.05281@acme-corp.com,Engineering,Engineer,L4,US,2020-09-23,63565,USD
IMP-05282,Charles,Moreau,imp.05282@acme-corp.com,Sales,Analyst,L6,FR,2015-12-09,136230,EUR
IMP-05283,Wei,Michel,imp.05283@acme-corp.com,Sales,Analyst,L2,US,2017-08-21,197689,USD
IMP-05284,Omar,Fischer,imp.05284@acme-corp.com,Finance,Analyst,L5,DK,2018-08-14,1050211,DKK
IMP-05285,Liu,Müller,imp.05285@acme-corp.com,Engineering,Engineer,L2,US,2020-10-18,141239,USD
IMP-05286,Aisha,Taylor,imp.05286@acme-corp.com,Operations,Manager,L5,DE,2019-06-27,106928,EUR
IMP-05287,Sakura,Fischer,imp.05287@acme-corp.com,Engineering,Engineer,L2,MX,2024-04-17,909806,MXN
IMP-05288,Joseph,David,imp.05288@acme-corp.com,Engineering,Engineer,L1,JP,2020-03-24,13911078,JPY
IMP-05289,Ibrahim,Müller,imp.05289@acme-corp.com,HR,Manager,L6,NO,2015-04-01,1177163,NOK
IMP-05290,Yuki,Li,imp.05290@acme-corp.com,Finance,Analyst,L4,MX,2018-04-02,1167548,MXN
IMP-05291,Ananya,Johnson,imp.05291@acme-corp.com,Operations,Manager,L4,FR,2022-02-19,84138,EUR
IMP-05292,Takeshi,Moreau,imp.05292@acme-corp.com,Sales,Analyst,L2,IN,2024-06-24,1789366,INR
IMP-05293,Ananya,Huang,imp.05293@acme-corp.com,Engineering,Engineer,L1,CA,2023-08-06,82578,CAD
IMP-05294,Mei,Schulz,imp.05294@acme-corp.com,Engineering,Engineer,L6,US,2017-08-27,215553,USD
IMP-05295,Ji-young,Bernard,imp.05295@acme-corp.com,Operations,Manager,L3,US,2020-02-10,85080,USD
IMP-05296,Sakura,Wang,imp.05296@acme-corp.com,Engineering,Engineer,L3,AU,2016-05-15,174916,AUD
IMP-05297,Barbara,Huang,imp.05297@acme-corp.com,Engineering,Engineer,L3,DE,2023-01-04,95647,EUR
IMP-05298,Ana,Lee,imp.05298@acme-corp.com,HR,Manager,L1,ZA,2019-08-07,554377,ZAR
IMP-05299,Joseph,Martinez,imp.05299@acme-corp.com,Engineering,Engineer,L1,US,2018-04-09,64105,USD
IMP-05300,Priya,Jones,imp.05300@acme-corp.com,Sales,Analyst,L2,KR,2019-01-02,95852329,KRW
IMP-05301,Richard,Liu,imp.05301@acme-corp.com,Engineering,Engineer,L4,NO,2023-08-13,603304,NOK
IMP-05302,Sarah,Hoffmann,imp.05302@acme-corp.com,HR,Manager,L3,TW,2017-07-24,3143294,TWD
IMP-05303,Takeshi,Song,imp.05303@acme-corp.com,Engineering,Engineer,L5,KR,2018-11-05,44205849,KRW
IMP-05304,Liu,Braun,imp.05304@acme-corp.com,Operations,Manager,L3,SG,2020-11-08,145722,SGD
IMP-05305,Sung-min,Yang,imp.05305@acme-corp.com,Sales,Analyst,L2,US,2019-03-25,214426,USD
IMP-05306,Ji-young,Huang,imp.05306@acme-corp.com,Finance,Analyst,L4,GB,2017-07-29,47092,GBP
IMP-05307,Kenji,Wu,imp.05307@acme-corp.com,Sales,Analyst,L1,GB,2018-01-28,119677,GBP
IMP-05308,Jose,Lee,imp.05308@acme-corp.com,Finance,Analyst,L2,SE,2019-06-26,446877,SEK
IMP-05309,Chen,Hoffmann,imp.05309@acme-corp.com,Engineering,Engineer,L2,FR,2024-08-04,61801,EUR
IMP-05310,Rosa,Song,imp.05310@acme-corp.com,Finance,Analyst,L3,JP,2020-03-10,11784948,JPY
IMP-05311,Linda,Schmidt,imp.05311@acme-corp.com,HR,Manager,L2,IE,2024-02-22,148144,EUR
IMP-05312,Ji-young,Reddy,imp.05312@acme-corp.com,HR,Manager,L4,US,2019-04-07,64833,USD
IMP-05313,Chen,Martin,imp.05313@acme-corp.com,Engineering,Engineer,L5,US,2023-03-10,61359,USD
IMP-05314,Pedro,Johnson,imp.05314@acme-corp.com,Design,Designer,L5,HK,2021-11-16,763003,HKD
IMP-05315,Luis,Müller,imp.05315@acme-corp.com,Engineering,Engineer,L1,HK,2016-10-28,636886,HKD
IMP-05316,William,Zhang,imp.05316@acme-corp.com,Engineering,Engineer,L6,IN,2015-10-01,2316907,INR
IMP-05317,Yuki,Dupont,imp.05317@acme-corp.com,Sales,Analyst,L2,CH,2016-01-17,167584,CHF
IMP-05318,Zara,Taylor,imp.05318@acme-corp.com,Operations,Manager,L5,KR,2018-06-05,126109464,KRW
IMP-05319,Charles,Braun,imp.05319@acme-corp.com,Engineering,Engineer,L4,ZA,2019-07-18,375861,ZAR
IMP-05320,Hiroshi,Zhang,imp.05320@acme-corp.com,Finance,Analyst,L2,US,2017-09-22,73372,USD
IMP-05321,Ahmed,Müller,imp.05321@acme-corp.com,Engineering,Engineer,L6,US,2017-11-16,102143,USD
IMP-05322,Luis,Kumar,imp.05322@acme-corp.com,Sales,Analyst,L5,IN,2016-10-27,2494278,INR
IMP-05323,Karen,Jackson,imp.05323@acme-corp.com,Design,Designer,L1,NO,2020-05-14,1309465,NOK
IMP-05324,Isabel,Miller,imp.05324@acme-corp.com,Engineering,Engineer,L4,ZA,2021-12-09,913482,ZAR
IMP-05325,Arjun,Brown,imp.05325@acme-corp.com,Sales,Analyst,L1,SE,2016-02-25,1024888,SEK
IMP-05326,Jae-won,Roux,imp.05326@acme-corp.com,HR,Manager,L4,AU,2024-08-15,104759,AUD
IMP-05327,Patricia,Jones,imp.05327@acme-corp.com,HR,Manager,L2,AE,2017-02-28,498704,AED
IMP-05328,Min,Sharma,imp.05328@acme-corp.com,Engineering,Engineer,L4,JP,2020-01-05,7223485,JPY
IMP-05329,Linda,Song,imp.05329@acme-corp.com,Finance,Analyst,L3,US,2017-10-09,99540,USD
IMP-05330,Mei,Han,imp.05330@acme-corp.com,Operations,Manager,L6,NO,2020-06-10,1047911,NOK
IMP-05331,Linda,Simon,imp.05331@acme-corp.com,Operations,Manager,L3,PL,2022-04-20,144178,PLN
IMP-05332,Michael,Klein,imp.05332@acme-corp.com,Finance,Analyst,L1,HK,2020-02-05,901522,HKD
IMP-05333,Ibrahim,Martin,imp.05333@acme-corp.com,Operations,Manager,L1,SE,2020-11-27,437543,SEK
IMP-05334,Luis,Park,imp.05334@acme-corp.com,Sales,Analyst,L2,GB,2016-07-04,156370,GBP
IMP-05335,Jessica,Lee,imp.05335@acme-corp.com,Sales,Analyst,L4,IN,2024-07-07,4209482,INR
IMP-05336,Michael,Jackson,imp.05336@acme-corp.com,Engineering,Engineer,L6,KR,2018-12-13,95165338,KRW
IMP-05337,Isabel,Kumar,imp.05337@acme-corp.com,HR,Manager,L6,CA,2021-04-26,171771,CAD
IMP-05338,Luis,Kim,imp.05338@acme-corp.com,Engineering,Engineer,L4,CH,2021-10-24,93872,CHF
IMP-05339,Layla,Wilson,imp.05339@acme-corp.com,Engineering,Engineer,L1,US,2018-08-01,129227,USD
IMP-05340,Yusuf,Moore,imp.05340@acme-corp.com,Operations,Manager,L5,IN,2022-02-16,2569961,INR
IMP-05341,Jose,Taylor,imp.05341@acme-corp.com,Operations,Manager,L4,SE,2024-01-16,657208,SEK
IMP-05342,William,Joshi,imp.05342@acme-corp.com,Operations,Manager,L6,CA,2019-05-06,81313,CAD
IMP-05343,Michael,Kim,imp.05343@acme-corp.com,Operations,Manager,L4,US,2022-06-01,163906,USD
IMP-05344,Yuna,Jackson,imp.05344@acme-corp.com,Sales,Analyst,L4,GB,2023-09-14,152161,GBP
IMP-05345,William,Choi,imp.05345@acme-corp.com,Engineering,Engineer,L3,MX,2019-01-18,577169,MXN
IMP-05346,Ahmed,Nair,imp.05346@acme-corp.com,Engineering,Engineer,L6,US,2017-12-12,123715,USD
IMP-05347,Francisco,Miller,imp.05347@acme-corp.com,Finance,Analyst,L1,MX,2017-02-19,976038,MXN
IMP-05348,Pedro,Thompson,imp.05348@acme-corp.com,Sales,Analyst,L4,IE,2021-05-20,85068,EUR
IMP-05349,Ahmed,Zhou,imp.05349@acme-corp.com,Sales,Analyst,L2,IN,2016-04-12,3749519,INR
IMP-05350,Priya,Gupta,imp.05350@acme-corp.com,Operations,Manager,L4,SG,2021-10-03,121524,SGD
IMP-05351,Linda,Joshi,imp.05351@acme-corp.com,Operations,Manager,L5,US,2017-09-20,140154,USD
IMP-05352,Linda,Schulz,imp.05352@acme-corp.com,Sales,Analyst,L4,PL,2017-04-13,190403,PLN
IMP-05353,Ananya,Gupta,imp.05353@acme-corp.com,Engineering,Engineer,L1,HK,2024-05-23,1143489,HKD
IMP-05354,Yuki,Yoon,imp.05354@acme-corp.com,Operations,Manager,L3,US,2024-10-15,183757,USD
IMP-05355,Chen,Choi,imp.05355@acme-corp.com,Finance,Analyst,L5,US,2017-07-17,69780,USD
IMP-05356,Jennifer,Kim,imp.05356@acme-corp.com,Finance,Analyst,L3,SG,2017-05-06,172938,SGD
IMP-05357,Arjun,Thompson,imp.05357@acme-corp.com,Finance,Analyst,L2,SE,2019-02-15,968108,SEK
IMP-05358,Fatima,Williams,imp.05358@acme-corp.com,Operations,Manager,L5,DE,2017-01-19,108843,EUR
IMP-05359,Sarah,Sharma,imp.05359@acme-corp.com,Sales,Analyst,L5,SE,2022-12-26,776191,SEK
IMP-05360,Zhang,Kim,imp.05360@acme-corp.com,Engineering,Engineer,L6,JP,2023-12-28,11480028,JPY
IMP-05361,Charles,Jones,imp.05361@acme-corp.com,Operations,Manager,L3,DK,2022-11-18,807371,DKK
IMP-05362,Jennifer,Schmidt,imp.05362@acme-corp.com,Sales,Analyst,L6,DK,2022-12-04,737505,DKK
IMP-05363,Patricia,Kang,imp.05363@acme-corp.com,Engineering,Engineer,L4,DE,2018-05-05,60178,EUR
IMP-05364,Kenji,Moreau,imp.05364@acme-corp.com,Engineering,Engineer,L6,FR,2022-04-21,58415,EUR
IMP-05365,Yusuf,Martinez,imp.05365@acme-corp.com,Engineering,Engineer,L1,HK,2016-11-21,563014,HKD
IMP-05366,Arjun,Li,imp.05366@acme-corp.com,Finance,Analyst,L3,HK,2020-03-31,603121,HKD
IMP-05367,Linda,Roux,imp.05367@acme-corp.com,Engineering,Engineer,L6,AU,2022-10-20,131639,AUD
IMP-05368,Sung-min,Garcia,imp.05368@acme-corp.com,Engineering,Engineer,L3,JP,2017-08-24,9815093,JPY
IMP-05369,Mei,Pillai,imp.05369@acme-corp.com,Sales,Analyst,L3,JP,2018-06-17,11702845,JPY
IMP-05370,Patricia,Fischer,imp.05370@acme-corp.com,Finance,Analyst,L3,ZA,2022-06-07,1223912,ZAR
IMP-05371,Ibrahim,Jones,imp.05371@acme-corp.com,Operations,Manager,L5,DK,2024-05-08,1106898,DKK
IMP-05372,James,Huang,imp.05372@acme-corp.com,Engineering,Engineer,L1,US,2016-01-27,91268,USD
IMP-05373,Charles,Richter,imp.05373@acme-corp.com,Sales,Analyst,L4,US,2024-10-18,123710,USD
IMP-05374,Jae-won,Joshi,imp.05374@acme-corp.com,Finance,Analyst,L3,SE,2017-05-28,443654,SEK
IMP-05375,Mary,Reddy,imp.05375@acme-corp.com,Operations,Manager,L1,AU,2020-01-18,181935,AUD
IMP-05376,Michael,Davis,imp.05376@acme-corp.com,Design,Designer,L1,DE,2022-06-07,119588,EUR
IMP-05377,Francisco,Schmidt,imp.05377@acme-corp.com,Finance,Analyst,L4,IN,2016-03-29,1701598,INR
IMP-05378,Karen,Li,imp.05378@acme-corp.com,Engineering,Engineer,L5,TW,2024-05-10,3337236,TWD
IMP-05379,Ananya,Müller,imp.05379@acme-corp.com,Sales,Analyst,L1,CA,2023-10-19,171162,CAD
IMP-05380,Pedro,Sharma,imp.05380@acme-corp.com,Operations,Manager,L4,IN,2024-10-30,3896187,INR
IMP-05381,Jessica,Simon,imp.05381@acme-corp.com,HR,Manager,L1,US,2023-08-30,91116,USD
IMP-05382,Mei,Wilson,imp.05382@acme-corp.com,Sales,Analyst,L5,US,2020-05-15,69400,USD
IMP-05383,David,Schulz,imp.05383@acme-corp.com,Sales,Analyst,L6,GB,2016-12-17,67801,GBP
IMP-05384,Takeshi,Wu,imp.05384@acme-corp.com,Engineering,Engineer,L1,KR,2016-06-13,111209689,KRW
IMP-05385,Min,Martin,imp.05385@acme-corp.com,Engineering,Engineer,L5,DK,2016-07-08,508676,DKK
IMP-05386,Jennifer,Miller,imp.05386@acme-corp.com,Design,Designer,L3,CH,2017-01-31,155405,CHF
IMP-05387,Ibrahim,Lee,imp.05387@acme-corp.com,Operations,Manager,L2,AE,2024-01-07,183967,AED
IMP-05388,Susan,Li,imp.05388@acme-corp.com,Sales,Analyst,L3,GB,2022-03-02,72739,GBP
IMP-05389,Ananya,Lee,imp.05389@acme-corp.com,Engineering,Engineer,L5,GB,2021-02-06,107280,GBP
IMP-05390,Maria,Mehta,imp.05390@acme-corp.com,Sales,Analyst,L4,IN,2015-05-07,1540941,INR
IMP-05391,Ibrahim,Yang,imp.05391@acme-corp.com,Sales,Analyst,L1,DK,2020-10-17,401012,DKK
IMP-05392,Francisco,Becker,imp.05392@acme-corp.com,Finance,Analyst,L3,CA,2016-01-17,140078,CAD
IMP-05393,Thomas,Xu,imp.05393@acme-corp.com,Operations,Manager,L1,JP,2020-01-16,17075670,JPY
IMP-05394,Carlos,Lee,imp.05394@acme-corp.com,Sales,Analyst,L2,ES,2017-06-04,143345,EUR
IMP-05395,Min,Wang,imp.05395@acme-corp.com,Engineering,Engineer,L4,IN,2022-11-16,3837765,INR
IMP-05396,Luis,Nair,imp.05396@acme-corp.com,Engineering,Engineer,L4,CH,2024-07-11,182536,CHF
IMP-05397,Jessica,Moore,imp.05397@acme-corp.com,Sales,Analyst,L6,GB,2020-10-12,56280,GBP
IMP-05398,Fatima,Anderson,imp.05398@acme-corp.com,Engineering,Engineer,L3,IN,2022-03-27,2522883,INR
IMP-05399,Ibrahim,Braun,imp.05399@acme-corp.com,Sales,Analyst,L2,ES,2018-05-05,109512,EUR
IMP-05400,Yuki,Singh,imp.05400@acme-corp.com,Operations,Manager,L4,SG,2019-08-30,143087,SGD
IMP-05401,Luis,Jones,imp.05401@acme-corp.com,Engineering,Engineer,L3,US,2017-06-26,192048,USD
IMP-05402,Maria,Lim,imp.05402@acme-corp.com,Engineering,Engineer,L1,US,2021-06-21,216533,USD
IMP-05403,Pedro,Fischer,imp.05403@acme-corp.com,Design,Designer,L6,US,2021-07-30,160751,USD
IMP-05404,Mei,Simon,imp.05404@acme-corp.com,Sales,Analyst,L1,JP,2020-04-19,12668327,JPY
IMP-05405,Jennifer,Kang,imp.05405@acme-corp.com,Engineering,Engineer,L4,GB,2017-06-30,155630,GBP
IMP-05406,Zara,Garcia,imp.05406@acme-corp.com,Sales,Analyst,L6,IN,2024-01-06,2494927,INR
IMP-05407,Carlos,Davis,imp.05407@acme-corp.com,HR,Manager,L5,MX,2024-02-07,504687,MXN
IMP-05408,Omar,Jones,imp.05408@acme-corp.com,Engineering,Engineer,L5,SG,2023-10-16,143728,SGD
IMP-05409,Joseph,Li,imp.05409@acme-corp.com,Engineering,Engineer,L3,IN,2015-07-25,4185223,INR
IMP-05410,Jessica,Yang,imp.05410@acme-corp.com,Engineering,Engineer,L4,IN,2015-01-21,3741502,INR
IMP-05411,Rahul,Brown,imp.05411@acme-corp.com,Sales,Analyst,L6,FR,2024-12-16,95470,EUR
IMP-05412,Sarah,Park,imp.05412@acme-corp.com,Finance,Analyst,L6,ES,2015-06-08,105226,EUR
IMP-05413,Wei,David,imp.05413@acme-corp.com,Design,Designer,L1,US,2021-05-05,144818,USD
IMP-05414,Zhang,Hernandez,imp.05414@acme-corp.com,Finance,Analyst,L1,IN,2019-11-07,3455947,INR
IMP-05415,Michael,Kang,imp.05415@acme-corp.com,HR,Manager,L2,FR,2023-10-06,126537,EUR
IMP-05416,Layla,Kim,imp.05416@acme-corp.com,HR,Manager,L2,AE,2019-07-30,457874,AED
IMP-05417,Robert,Anderson,imp.05417@acme-corp.com,Engineering,Engineer,L2,NL,2021-12-01,58929,EUR
IMP-05418,Chen,Patel,imp.05418@acme-corp.com,Engineering,Engineer,L4,TW,2022-03-12,3174153,TWD
IMP-05419,Kenji,Choi,imp.05419@acme-corp.com,Operations,Manager,L1,SE,2020-02-28,888404,SEK
IMP-05420,Wei,Simon,imp.05420@acme-corp.com,Finance,Analyst,L4,IE,2024-09-19,132816,EUR
IMP-05421,Ibrahim,Singh,imp.05421@acme-corp.com,Operations,Manager,L3,CH,2017-10-04,168930,CHF
IMP-05422,Ananya,Patel,imp.05422@acme-corp.com,Engineering,Engineer,L4,JP,2023-11-26,13272374,JPY
IMP-05423,Akiko,Anderson,imp.05423@acme-corp.com,Design,Designer,L4,IN,2020-09-17,2462000,INR
IMP-05424,Ana,Liu,imp.05424@acme-corp.com,Sales,Analyst,L3,IE,2024-03-03,138760,EUR
IMP-05425,Sarah,Nair,imp.05425@acme-corp.com,Sales,Analyst,L6,GB,2015-10-26,109613,GBP
IMP-05426,Charles,Becker,imp.05426@acme-corp.com,Design,Designer,L4,US,2021-02-23,218507,USD
IMP-05427,Ji-young,Wang,imp.05427@acme-corp.com,Operations,Manager,L4,US,2024-07-02,145901,USD
IMP-05428,Ana,Becker,imp.05428@acme-corp.com,Operations,Manager,L3,IE,2018-09-07,137552,EUR
IMP-05429,Takeshi,Garcia,imp.05429@acme-corp.com,Sales,Analyst,L6,TW,2019-01-07,1398055,TWD
IMP-05430,Hassan,Miller,imp.05430@acme-corp.com,Sales,Analyst,L4,ES,2018-11-26,84707,EUR
IMP-05431,Sakura,David,imp.05431@acme-corp.com,Engineering,Engineer,L4,SG,2016-08-10,80697,SGD
IMP-05432,William,Reddy,imp.05432@acme-corp.com,Sales,Analyst,L2,US,2019-12-09,90101,USD
IMP-05433,Elizabeth,Johnson,imp.05433@acme-corp.com,Finance,Analyst,L5,SG,2020-01-02,130887,SGD
IMP-05434,Barbara,Sharma,imp.05434@acme-corp.com,Engineering,Engineer,L4,DE,2016-08-16,54230,EUR
IMP-05435,Sarah,Schmidt,imp.05435@acme-corp.com,Design,Designer,L1,US,2016-08-24,205267,USD
IMP-05436,Wei,Smith,imp.05436@acme-corp.com,Sales,Analyst,L4,US,2020-04-18,217752,USD
IMP-05437,Hiroshi,Lee,imp.05437@acme-corp.com,Engineering,Engineer,L5,US,2020-12-09,122247,USD
IMP-05438,Chen,Fischer,imp.05438@acme-corp.com,Engineering,Engineer,L2,SG,2022-08-27,172339,SGD
IMP-05439,Susan,Han,imp.05439@acme-corp.com,Operations,Manager,L3,IE,2021-04-10,134272,EUR
IMP-05440,Patricia,Patel,imp.05440@acme-corp.com,Engineering,Engineer,L6,ES,2019-02-24,96603,EUR
IMP-05441,Kenji,Davis,imp.05441@acme-corp.com,HR,Manager,L2,IN,2022-05-10,1604082,INR
IMP-05442,Thomas,Xu,imp.05442@acme-corp.com,Finance,Analyst,L1,SG,2024-02-06,199155,SGD
IMP-05443,Linda,Martinez,imp.05443@acme-corp.com,HR,Manager,L6,IN,2023-09-22,4292004,INR
IMP-05444,Mary,Joshi,imp.05444@acme-corp.com,Design,Designer,L1,CH,2021-04-14,132287,CHF
IMP-05445,Ahmed,White,imp.05445@acme-corp.com,Operations,Manager,L1,NL,2024-04-20,121907,EUR
IMP-05446,Thomas,Fischer,imp.05446@acme-corp.com,Engineering,Engineer,L4,AE,2023-03-19,315093,AED
IMP-05447,Yusuf,Pillai,imp.05447@acme-corp.com,HR,Manager,L2,US,2015-05-23,114086,USD
IMP-05448,David,Patel,imp.05448@acme-corp.com,Engineering,Engineer,L5,ES,2015-06-01,95828,EUR
IMP-05449,Rahul,Chen,imp.05449@acme-corp.com,Engineering,Engineer,L4,JP,2021-10-29,6820373,JPY
IMP-05450,Susan,Garcia,imp.05450@acme-corp.com,Engineering,Engineer,L6,US,2016-08-15,101692,USD
IMP-05451,Arjun,Roux,imp.05451@acme-corp.com,Sales,Analyst,L2,US,2017-09-09,211006,USD
IMP-05452,Arjun,Joshi,imp.05452@acme-corp.com,Operations,Manager,L3,ES,2016-06-20,62749,EUR
IMP-05453,Mary,Garcia,imp.05453@acme-corp.com,HR,Manager,L6,IE,2016-10-15,71414,EUR
IMP-05454,Nancy,Kang,imp.05454@acme-corp.com,Operations,Manager,L6,NL,2017-09-23,51680,EUR
IMP-05455,Liu,Liu,imp.05455@acme-corp.com,Engineering,Engineer,L1,GB,2020-03-01,46178,GBP
IMP-05456,Mei,Hoffmann,imp.05456@acme-corp.com,Sales,Analyst,L2,US,2022-10-06,112485,USD
IMP-05457,Ibrahim,Roux,imp.05457@acme-corp.com,Sales,Analyst,L6,CA,2022-09-07,130400,CAD
IMP-05458,Aisha,Richter,imp.05458@acme-corp.com,Engineering,Engineer,L6,GB,2018-01-05,157470,GBP
IMP-05459,Hassan,Michel,imp.05459@acme-corp.com,Finance,Analyst,L6,NL,2020-04-28,102594,EUR
IMP-05460,Chen,Park,imp.05460@acme-corp.com,Engineering,Engineer,L3,GB,2022-01-13,147794,GBP
IMP-05461,Ji-young,Hoffmann,imp.05461@acme-corp.com,Operations,Manager,L1,IN,2019-04-09,919891,INR
IMP-05462,Chen,Wu,imp.05462@acme-corp.com,Sales,Analyst,L2,HK,2021-10-23,684175,HKD
IMP-05463,Takeshi,Wilson,imp.05463@acme-corp.com,HR,Manager,L6,DE,2018-05-06,138938,EUR
IMP-05464,Yuna,Reddy,imp.05464@acme-corp.com,Sales,Analyst,L4,US,2018-12-12,181524,USD
IMP-05465,Linda,Gupta,imp.05465@acme-corp.com,Finance,Analyst,L4,AE,2017-02-22,154109,AED
IMP-05466,Jae-won,Lee,imp.05466@acme-corp.com,Finance,Analyst,L4,PL,2016-11-16,88452,PLN
IMP-05467,Thomas,Mehta,imp.05467@acme-corp.com,Engineering,Engineer,L3,CA,2022-03-03,135241,CAD
IMP-05468,Jennifer,Müller,imp.05468@acme-corp.com,Sales,Analyst,L6,FR,2018-09-03,65977,EUR
IMP-05469,Chen,Sharma,imp.05469@acme-corp.com,Finance,Analyst,L6,SG,2019-12-08,73180,SGD
IMP-05470,Yusuf,Martin,imp.05470@acme-corp.com,HR,Manager,L2,ZA,2022-01-21,712906,ZAR
IMP-05471,Mary,Klein,imp.05471@acme-corp.com,Design,Designer,L1,US,2017-08-15,83112,USD
IMP-05472,Zara,Song,imp.05472@acme-corp.com,Engineering,Engineer,L1,KR,2024-10-14,70448792,KRW
IMP-05473,Thomas,Weber,imp.05473@acme-corp.com,Finance,Analyst,L4,PL,2017-02-27,195054,PLN
IMP-05474,Ibrahim,Pillai,imp.05474@acme-corp.com,Engineering,Engineer,L1,AE,2015-08-17,245616,AED
IMP-05475,Min,Lim,imp.05475@acme-corp.com,Sales,Analyst,L1,DE,2018-06-23,52311,EUR
IMP-05476,William,Huang,imp.05476@acme-corp.com,Engineering,Engineer,L1,IN,2018-07-28,3292086,INR
IMP-05477,Yusuf,Klein,imp.05477@acme-corp.com,Operations,Manager,L3,NL,2024-03-16,61483,EUR
IMP-05478,Ananya,Jones,imp.05478@acme-corp.com,Engineering,Engineer,L6,CH,2015-05-30,196341,CHF
IMP-05479,Rahul,Nair,imp.05479@acme-corp.com,Operations,Manager,L4,AE,2023-08-23,506145,AED
IMP-05480,Ibrahim,Huang,imp.05480@acme-corp.com,Finance,Analyst,L5,ES,2015-05-12,143902,EUR
IMP-05481,Michael,Moore,imp.05481@acme-corp.com,HR,Manager,L2,US,2024-02-10,204078,USD
IMP-05482,Jose,Joshi,imp.05482@acme-corp.com,Sales,Analyst,L1,IE,2023-09-09,135987,EUR
IMP-05483,Michael,Li,imp.05483@acme-corp.com,Engineering,Engineer,L6,DE,2018-11-17,144030,EUR
IMP-05484,Zara,Huang,imp.05484@acme-corp.com,Operations,Manager,L3,US,2024-05-09,106287,USD
IMP-05485,Rahul,Mehta,imp.05485@acme-corp.com,Engineering,Engineer,L1,PL,2019-01-15,62306,PLN
IMP-05486,Thomas,Dupont,imp.05486@acme-corp.com,Engineering,Engineer,L4,NL,2018-06-04,59680,EUR
IMP-05487,Mary,Sharma,imp.05487@acme-corp.com,Sales,Analyst,L6,GB,2018-09-13,99089,GBP
IMP-05488,Patricia,Liu,imp.05488@acme-corp.com,Sales,Analyst,L6,IN,2020-03-13,3669179,INR
IMP-05489,Omar,Dupont,imp.05489@acme-corp.com,HR,Manager,L6,GB,2018-03-22,146994,GBP
IMP-05490,Omar,Hernandez,imp.05490@acme-corp.com,HR,Manager,L5,KR,2018-09-08,81833842,KRW
IMP-05491,Fatima,Kim,imp.05491@acme-corp.com,Finance,Analyst,L5,ZA,2018-01-07,1222711,ZAR
IMP-05492,Ananya,Jung,imp.05492@acme-corp.com,HR,Manager,L1,IN,2022-09-28,4143947,INR
IMP-05493,Linda,Williams,imp.05493@acme-corp.com,Engineering,Engineer,L5,KR,2023-09-11,108850485,KRW
IMP-05494,Takeshi,Lee,imp.05494@acme-corp.com,Sales,Analyst,L3,ZA,2024-06-01,1378741,ZAR
IMP-05495,Wei,Thomas,imp.05495@acme-corp.com,Engineering,Engineer,L6,DE,2022-12-14,69254,EUR
IMP-05496,Carlos,Klein,imp.05496@acme-corp.com,Engineering,Engineer,L4,GB,2019-06-04,89901,GBP
IMP-05497,Susan,Xu,imp.05497@acme-corp.com,Sales,Analyst,L1,SE,2018-12-19,995017,SEK
IMP-05498,Priya,Zhou,imp.05498@acme-corp.com,Sales,Analyst,L2,GB,2023-07-14,61036,GBP
IMP-05499,Linda,Moore,imp.05499@acme-corp.com,Engineering,Engineer,L5,TW,2021-10-07,1080554,TWD
IMP-05500,Sarah,White,imp.05500@acme-corp.com,Sales,Analyst,L3,US,2016-10-06,211033,USD
IMP-05501,Zhang,White,imp.05501@acme-corp.com,Operations,Manager,L1,IE,2018-08-03,122620,EUR
IMP-05502,Aisha,Williams,imp.05502@acme-corp.com,Finance,Analyst,L1,DE,2022-10-25,145125,EUR
IMP-05503,Akiko,Xu,imp.05503@acme-corp.com,Sales,Analyst,L3,DE,2017-01-19,141838,EUR
IMP-05504,Sung-min,Huang,imp.05504@acme-corp.com,Engineering,Engineer,L6,IN,2016-12-13,4144786,INR
IMP-05505,Sakura,Liu,imp.05505@acme-corp.com,Operations,Manager,L2,AE,2023-11-02,170751,AED
IMP-05506,Priya,Lee,imp.05506@acme-corp.com,Sales,Analyst,L6,IE,2016-05-23,90646,EUR
IMP-05507,Aisha,Bernard,imp.05507@acme-corp.com,Engineering,Engineer,L6,CH,2021-03-11,118764,CHF
IMP-05508,Rosa,Bernard,imp.05508@acme-corp.com,Operations,Manager,L2,US,2023-12-27,182871,USD
IMP-05509,Jose,Jung,imp.05509@acme-corp.com,Sales,Analyst,L4,US,2022-05-08,209693,USD
IMP-05510,Francisco,Thomas,imp.05510@acme-corp.com,Finance,Analyst,L1,DK,2017-08-23,726145,DKK
IMP-05511,Rosa,Thompson,imp.05511@acme-corp.com,Sales,Analyst,L1,FR,2018-01-03,92733,EUR
IMP-05512,Mary,Moore,imp.05512@acme-corp.com,Operations,Manager,L1,FR,2023-07-11,81131,EUR
IMP-05513,Akiko,Schmidt,imp.05513@acme-corp.com,Sales,Analyst,L4,KR,2021-02-03,45588105,KRW
IMP-05514,Min,Fischer,imp.05514@acme-corp.com,Engineering,Engineer,L5,DK,2020-04-13,1078005,DKK
IMP-05515,Michael,Choi,imp.05515@acme-corp.com,Engineering,Engineer,L2,NL,2021-06-20,66940,EUR
IMP-05516,Layla,Reddy,imp.05516@acme-corp.com,Design,Designer,L5,NO,2018-11-24,1234964,NOK
IMP-05517,Rosa,Schulz,imp.05517@acme-corp.com,Engineering,Engineer,L6,FR,2023-02-03,114792,EUR
IMP-05518,Priya,Thompson,imp.05518@acme-corp.com,Finance,Analyst,L4,CH,2023-08-19,194810,CHF
IMP-05519,Yusuf,Patel,imp.05519@acme-corp.com,Engineering,Engineer,L1,PL,2016-07-18,213354,PLN
IMP-05520,Kenji,Moore,imp.05520@acme-corp.com,Sales,Analyst,L1,GB,2021-01-12,146292,GBP
IMP-05521,Jose,Bernard,imp.05521@acme-corp.com,Engineering,Engineer,L6,SG,2015-10-03,103968,SGD
IMP-05522,Ananya,Wang,imp.05522@acme-corp.com,HR,Manager,L3,JP,2024-11-23,14749770,JPY
IMP-05523,Charles,Klein,imp.05523@acme-corp.com,Finance,Analyst,L5,US,2019-03-31,86204,USD
IMP-05524,Elizabeth,Fischer,imp.05524@acme-corp.com,Finance,Analyst,L6,NO,2020-01-22,1266986,NOK
IMP-05525,Carlos,Wang,imp.05525@acme-corp.com,Engineering,Engineer,L1,GB,2021-03-31,147141,GBP
IMP-05526,Barbara,Patel,imp.05526@acme-corp.com,Engineering,Engineer,L2,CA,2022-04-25,89907,CAD
IMP-05527,Nancy,Roux,imp.05527@acme-corp.com,Sales,Analyst,L6,ZA,2023-09-30,1032812,ZAR
IMP-05528,Carmen,Wu,imp.05528@acme-corp.com,Sales,Analyst,L6,AU,2016-12-02,140859,AUD
IMP-05529,Yuna,Song,imp.05529@acme-corp.com,Design,Designer,L6,FR,2021-03-11,106350,EUR
IMP-05530,Luis,Johnson,imp.05530@acme-corp.com,Engineering,Engineer,L1,ES,2020-12-14,113175,EUR
IMP-05531,Isabel,Liu,imp.05531@acme-corp.com,HR,Manager,L2,FR,2018-06-25,111324,EUR
IMP-05532,Ananya,Yoon,imp.05532@acme-corp.com,Design,Designer,L1,CH,2015-03-20,133145,CHF
IMP-05533,Carmen,Anderson,imp.05533@acme-corp.com,Engineering,Engineer,L4,ZA,2018-05-26,1104857,ZAR
IMP-05534,Maria,Schulz,imp.05534@acme-corp.com,Engineering,Engineer,L3,DE,2017-03-03,116036,EUR
IMP-05535,Sung-min,Sharma,imp.05535@acme-corp.com,Engineering,Engineer,L1,US,2015-07-14,197242,USD
IMP-05536,Wei,Patel,imp.05536@acme-corp.com,Engineering,Engineer,L6,IN,2015-06-15,824608,INR
IMP-05537,Zhang,Kim,imp.05537@acme-corp.com,Engineering,Engineer,L5,PL,2024-12-28,84320,PLN
IMP-05538,Charles,Müller,imp.05538@acme-corp.com,Engineering,Engineer,L3,MX,2019-02-18,593222,MXN
IMP-05539,Priya,Wang,imp.05539@acme-corp.com,Finance,Analyst,L3,NL,2023-01-07,141826,EUR
IMP-05540,Takeshi,Smith,imp.05540@acme-corp.com,Operations,Manager,L3,DK,2021-05-22,688090,DKK
IMP-05541,James,Jung,imp.05541@acme-corp.com,Sales,Analyst,L1,IN,2021-06-06,946373,INR
IMP-05542,Omar,Yoon,imp.05542@acme-corp.com,Sales,Analyst,L2,JP,2017-07-26,6017865,JPY
IMP-05543,Maria,Bernard,imp.05543@acme-corp.com,Engineering,Engineer,L5,CA,2024-12-11,73182,CAD
IMP-05544,Ananya,Kim,imp.05544@acme-corp.com,Sales,Analyst,L6,SG,2022-11-22,196510,SGD
IMP-05545,Omar,Joshi,imp.05545@acme-corp.com,Sales,Analyst,L5,GB,2024-11-04,135819,GBP
IMP-05546,Barbara,Moore,imp.05546@acme-corp.com,HR,Manager,L6,CA,2018-08-08,160986,CAD
IMP-05547,Rosa,Han,imp.05547@acme-corp.com,Engineering,Engineer,L1,GB,2015-02-11,135749,GBP
IMP-05548,Carlos,Jung,imp.05548@acme-corp.com,Engineering,Engineer,L6,US,2023-10-20,177097,USD
IMP-05549,Mary,Lee,imp.05549@acme-corp.com,Engineering,Engineer,L6,NO,2020-05-27,890151,NOK
IMP-05550,Isabel,Moreau,imp.05550@acme-corp.com,Engineering,Engineer,L6,IN,2016-08-10,2680687,INR
IMP-05551,Pedro,Yang,imp.05551@acme-corp.com,Engineering,Engineer,L3,IN,2022-08-04,2084211,INR
IMP-05552,Karen,Jones,imp.05552@acme-corp.com,Operations,Manager,L2,IN,2021-04-04,2515074,INR
IMP-05553,Sakura,Zhou,imp.05553@acme-corp.com,Sales,Analyst,L5,MX,2018-10-10,430642,MXN
IMP-05554,Elizabeth,Nair,imp.05554@acme-corp.com,HR,Manager,L3,PL,2017-04-08,200211,PLN
IMP-05555,Elizabeth,Braun,imp.05555@acme-corp.com,Finance,Analyst,L6,DE,2015-08-10,138831,EUR
IMP-05556,Chen,Martinez,imp.05556@acme-corp.com,Finance,Analyst,L2,IN,2019-11-17,4103616,INR
IMP-05557,Wei,Schulz,imp.05557@acme-corp.com,Engineering,Engineer,L6,DE,2021-02-18,57063,EUR
IMP-05558,Mary,Becker,imp.05558@acme-corp.com,Sales,Analyst,L6,CH,2016-10-21,120243,CHF
IMP-05559,Takeshi,Thompson,imp.05559@acme-corp.com,Engineering,Engineer,L2,GB,2015-12-16,86978,GBP
IMP-05560,Mary,Jones,imp.05560@acme-corp.com,HR,Manager,L6,NO,2020-03-23,477933,NOK
IMP-05561,Patricia,Kim,imp.05561@acme-corp.com,Engineering,Engineer,L5,GB,2020-05-26,60551,GBP
IMP-05562,William,Sharma,imp.05562@acme-corp.com,Engineering,Engineer,L6,FR,2015-08-29,136934,EUR
IMP-05563,Francisco,Lim,imp.05563@acme-corp.com,Design,Designer,L4,CH,2024-02-29,128563,CHF
IMP-05564,Luis,Song,imp.05564@acme-corp.com,Sales,Analyst,L4,MX,2019-04-13,637927,MXN
IMP-05565,Luis,Park,imp.05565@acme-corp.com,Engineering,Engineer,L4,US,2017-04-01,135809,USD
IMP-05566,Min,Michel,imp.05566@acme-corp.com,Sales,Analyst,L4,GB,2018-10-29,124028,GBP
IMP-05567,Sung-min,Richter,imp.05567@acme-corp.com,Operations,Manager,L4,US,2015-01-03,141813,USD
IMP-05568,Yuna,Kang,imp.05568@acme-corp.com,Operations,Manager,L1,SG,2017-10-20,101314,SGD
IMP-05569,Richard,Wang,imp.05569@acme-corp.com,Engineering,Engineer,L3,HK,2022-12-24,890021,HKD
IMP-05570,Joseph,Gupta,imp.05570@acme-corp.com,Engineering,Engineer,L1,US,2016-06-23,196811,USD
IMP-05571,Mei,Bernard,imp.05571@acme-corp.com,Design,Designer,L3,AE,2015-04-07,284892,AED
IMP-05572,Mary,Fischer,imp.05572@acme-corp.com,Operations,Manager,L2,FR,2018-11-23,68165,EUR
IMP-05573,Patricia,Liu,imp.05573@acme-corp.com,Sales,Analyst,L6,IE,2020-01-26,60822,EUR
IMP-05574,Sakura,Weber,imp.05574@acme-corp.com,Operations,Manager,L4,NO,2021-12-16,1009574,NOK
IMP-05575,Karen,Moore,imp.05575@acme-corp.com,Finance,Analyst,L5,ZA,2015-03-28,552722,ZAR
IMP-05576,Ji-young,Hoffmann,imp.05576@acme-corp.com,Finance,Analyst,L2,JP,2018-06-30,4258381,JPY
IMP-05577,Barbara,Thomas,imp.05577@acme-corp.com,Engineering,Engineer,L2,US,2016-10-08,71558,USD
IMP-05578,Francisco,Choi,imp.05578@acme-corp.com,Engineering,Engineer,L4,IE,2023-04-01,65488,EUR
IMP-05579,Ibrahim,Moreau,imp.05579@acme-corp.com,Engineering,Engineer,L3,KR,2020-02-28,122462021,KRW
IMP-05580,Michael,Zhou,imp.05580@acme-corp.com,Sales,Analyst,L2,SG,2016-01-27,111950,SGD
IMP-05581,Wei,Richter,imp.05581@acme-corp.com,Engineering,Engineer,L5,DK,2024-11-22,788680,DKK
IMP-05582,Fatima,Mehta,imp.05582@acme-corp.com,Engineering,Engineer,L5,CA,2019-03-19,157013,CAD
IMP-05583,Nancy,Taylor,imp.05583@acme-corp.com,Engineering,Engineer,L6,IN,2020-06-25,1656962,INR
IMP-05584,Luis,Martin,imp.05584@acme-corp.com,Engineering,Engineer,L4,DK,2024-03-07,1150953,DKK
IMP-05585,Isabel,Huang,imp.05585@acme-corp.com,Engineering,Engineer,L3,US,2022-11-30,114868,USD
IMP-05586,Ana,Kang,imp.05586@acme-corp.com,Operations,Manager,L4,SE,2019-10-05,784035,SEK
IMP-05587,James,Park,imp.05587@acme-corp.com,Finance,Analyst,L4,JP,2015-04-24,14700683,JPY
IMP-05588,Arjun,Michel,imp.05588@acme-corp.com,Design,Designer,L4,US,2016-01-17,203052,USD
IMP-05589,Michael,Huang,imp.05589@acme-corp.com,Engineering,Engineer,L6,MX,2016-05-04,654471,MXN
IMP-05590,Zara,Kim,imp.05590@acme-corp.com,Engineering,Engineer,L6,AE,2021-04-26,209096,AED
IMP-05591,Zara,Taylor,imp.05591@acme-corp.com,Sales,Analyst,L2,GB,2015-09-04,94858,GBP
IMP-05592,Layla,Gupta,imp.05592@acme-corp.com,Engineering,Engineer,L2,JP,2016-11-26,4437514,JPY
IMP-05593,Yusuf,Richter,imp.05593@acme-corp.com,Engineering,Engineer,L3,ES,2024-08-05,97245,EUR
IMP-05594,James,Chen,imp.05594@acme-corp.com,Operations,Manager,L4,CA,2016-08-08,140264,CAD
IMP-05595,Yuna,Singh,imp.05595@acme-corp.com,Operations,Manager,L5,KR,2022-12-19,44014057,KRW
IMP-05596,Jessica,Xu,imp.05596@acme-corp.com,Operations,Manager,L2,ZA,2017-12-16,1196078,ZAR
IMP-05597,Isabel,White,imp.05597@acme-corp.com,Finance,Analyst,L1,US,2023-05-12,218741,USD
IMP-05598,Priya,Hoffmann,imp.05598@acme-corp.com,Engineering,Engineer,L6,CH,2022-06-15,182384,CHF
IMP-05599,Mei,Müller,imp.05599@acme-corp.com,Engineering,Engineer,L1,DE,2017-01-10,61743,EUR
IMP-05600,Ji-young,Li,imp.05600@acme-corp.com,Operations,Manager,L6,CH,2017-10-16,165723,CHF
IMP-05601,Susan,Song,imp.05601@acme-corp.com,Operations,Manager,L4,DE,2022-08-12,62914,EUR
IMP-05602,Robert,Laurent,imp.05602@acme-corp.com,HR,Manager,L4,PL,2022-07-23,232706,PLN
IMP-05603,Sakura,Moreau,imp.05603@acme-corp.com,Finance,Analyst,L6,AU,2020-06-06,161163,AUD
IMP-05604,Wei,Zhang,imp.05604@acme-corp.com,Operations,Manager,L1,IE,2022-07-13,55470,EUR
IMP-05605,Sarah,Moreau,imp.05605@acme-corp.com,Operations,Manager,L6,DK,2023-02-27,1189170,DKK
IMP-05606,Yuna,Davis,imp.05606@acme-corp.com,Engineering,Engineer,L3,FR,2022-12-31,104835,EUR
IMP-05607,Rosa,Hernandez,imp.05607@acme-corp.com,Engineering,Engineer,L1,NO,2019-06-03,521291,NOK
IMP-05608,Kenji,Li,imp.05608@acme-corp.com,HR,Manager,L1,MX,2019-04-06,326917,MXN
IMP-05609,Wei,Michel,imp.05609@acme-corp.com,HR,Manager,L1,US,2015-04-25,135981,USD
IMP-05610,Arjun,Wu,imp.05610@acme-corp.com,Engineering,Engineer,L4,US,2023-02-18,186144,USD
IMP-05611,Chen,Thomas,imp.05611@acme-corp.com,Sales,Analyst,L2,ZA,2023-09-06,902560,ZAR
IMP-05612,Mei,Li,imp.05612@acme-corp.com,Finance,Analyst,L3,SG,2016-12-29,166337,SGD
IMP-05613,Liu,Nair,imp.05613@acme-corp.com,Engineering,Engineer,L1,GB,2024-04-25,78455,GBP
IMP-05614,Elizabeth,Chen,imp.05614@acme-corp.com,Finance,Analyst,L5,FR,2019-08-17,125289,EUR
IMP-05615,William,Garcia,imp.05615@acme-corp.com,Engineering,Engineer,L3,CA,2016-01-03,73623,CAD
IMP-05616,Yuki,Miller,imp.05616@acme-corp.com,Finance,Analyst,L3,ES,2023-03-28,106194,EUR
IMP-05617,Mary,Richter,imp.05617@acme-corp.com,Engineering,Engineer,L2,GB,2024-11-08,64952,GBP
IMP-05618,Charles,Sharma,imp.05618@acme-corp.com,HR,Manager,L6,SG,2022-12-12,193323,SGD
IMP-05619,Arjun,White,imp.05619@acme-corp.com,Engineering,Engineer,L5,HK,2017-10-26,689651,HKD
IMP-05620,Min,Nair,imp.05620@acme-corp.com,HR,Manager,L4,GB,2022-01-31,131172,GBP
IMP-05621,Mei,Choi,imp.05621@acme-corp.com,Finance,Analyst,L1,AU,2021-07-01,187291,AUD
IMP-05622,Yusuf,White,imp.05622@acme-corp.com,Engineering,Engineer,L6,GB,2017-04-11,48926,GBP
IMP-05623,Carlos,Moreau,imp.05623@acme-corp.com,Finance,Analyst,L2,DE,2022-11-04,70645,EUR
IMP-05624,Richard,Choi,imp.05624@acme-corp.com,Engineering,Engineer,L3,PL,2023-11-27,73020,PLN
IMP-05625,Michael,Liu,imp.05625@acme-corp.com,HR,Manager,L2,US,2022-05-26,133823,USD
IMP-05626,Ibrahim,Li,imp.05626@acme-corp.com,Engineering,Engineer,L2,PL,2020-03-16,122163,PLN
IMP-05627,Sarah,Davis,imp.05627@acme-corp.com,Engineering,Engineer,L4,AE,2015-11-16,495813,AED
IMP-05628,David,Kim,imp.05628@acme-corp.com,Design,Designer,L6,CA,2022-12-11,101738,CAD
IMP-05629,Richard,Park,imp.05629@acme-corp.com,HR,Manager,L4,AU,2020-01-03,111798,AUD
IMP-05630,Mei,Becker,imp.05630@acme-corp.com,Operations,Manager,L6,US,2024-08-10,195444,USD
IMP-05631,Jessica,Pillai,imp.05631@acme-corp.com,Sales,Analyst,L3,AE,2015-07-15,287161,AED
IMP-05632,Rahul,Gupta,imp.05632@acme-corp.com,Engineering,Engineer,L2,IN,2016-03-14,912271,INR
IMP-05633,Sung-min,Becker,imp.05633@acme-corp.com,Sales,Analyst,L3,NO,2022-05-13,1017556,NOK
IMP-05634,Robert,Lim,imp.05634@acme-corp.com,Sales,Analyst,L1,IN,2022-04-03,3260259,INR
IMP-05635,Thomas,Wang,imp.05635@acme-corp.com,Design,Designer,L1,JP,2019-04-15,13298575,JPY
IMP-05636,Rosa,Zhou,imp.05636@acme-corp.com,Sales,Analyst,L3,AE,2020-11-07,200151,AED
IMP-05637,Yuna,Gupta,imp.05637@acme-corp.com,Engineering,Engineer,L5,DE,2016-02-13,122617,EUR
IMP-05638,Zhang,Sharma,imp.05638@acme-corp.com,Engineering,Engineer,L1,JP,2024-04-12,17940812,JPY
IMP-05639,Francisco,Jackson,imp.05639@acme-corp.com,Sales,Analyst,L6,IN,2018-12-12,1852066,INR
IMP-05640,Ana,Hernandez,imp.05640@acme-corp.com,Finance,Analyst,L6,TW,2015-03-13,1739270,TWD
IMP-05641,Thomas,Roux,imp.05641@acme-corp.com,Operations,Manager,L6,AE,2023-09-30,418160,AED
IMP-05642,Karen,Garcia,imp.05642@acme-corp.com,Operations,Manager,L6,SG,2024-04-18,72585,SGD
IMP-05643,Maria,Roux,imp.05643@acme-corp.com,Operations,Manager,L3,ES,2015-11-29,140793,EUR
IMP-05644,Linda,Reddy,imp.05644@acme-corp.com,Sales,Analyst,L6,SE,2019-05-07,1089324,SEK
IMP-05645,Layla,Richter,imp.05645@acme-corp.com,Engineering,Engineer,L1,SE,2015-03-25,1081754,SEK
IMP-05646,Akiko,Li,imp.05646@acme-corp.com,Sales,Analyst,L2,AE,2020-03-20,361651,AED
IMP-05647,Wei,Nair,imp.05647@acme-corp.com,HR,Manager,L2,IE,2018-05-30,94197,EUR
IMP-05648,Min,Jung,imp.05648@acme-corp.com,Finance,Analyst,L2,IN,2018-01-06,4299179,INR
IMP-05649,Priya,Richter,imp.05649@acme-corp.com,HR,Manager,L5,CA,2021-07-25,125310,CAD
IMP-05650,Kenji,Zhang,imp.05650@acme-corp.com,Design,Designer,L1,AE,2016-04-20,157054,AED
IMP-05651,Francisco,Mehta,imp.05651@acme-corp.com,Design,Designer,L5,IN,2019-02-08,4176965,INR
IMP-05652,Jae-won,Yoon,imp.05652@acme-corp.com,Engineering,Engineer,L1,SG,2023-06-01,94137,SGD
IMP-05653,Yusuf,Weber,imp.05653@acme-corp.com,Engineering,Engineer,L1,DK,2021-09-29,1146270,DKK
IMP-05654,Hiroshi,Müller,imp.05654@acme-corp.com,HR,Manager,L5,US,2024-09-13,151139,USD
IMP-05655,Priya,Thomas,imp.05655@acme-corp.com,Finance,Analyst,L4,IE,2016-12-14,54941,EUR
IMP-05656,Hiroshi,White,imp.05656@acme-corp.com,Operations,Manager,L5,US,2017-04-17,125558,USD
IMP-05657,Linda,Schulz,imp.05657@acme-corp.com,Sales,Analyst,L5,AU,2020-03-21,131335,AUD
IMP-05658,Liu,Zhang,imp.05658@acme-corp.com,Engineering,Engineer,L4,DE,2016-03-29,57324,EUR
IMP-05659,Charles,Anderson,imp.05659@acme-corp.com,Finance,Analyst,L1,ES,2022-01-23,51422,EUR
IMP-05660,Joseph,Schmidt,imp.05660@acme-corp.com,Engineering,Engineer,L6,ZA,2020-02-28,883491,ZAR
IMP-05661,Richard,David,imp.05661@acme-corp.com,Finance,Analyst,L2,DE,2021-07-06,57514,EUR
IMP-05662,Ana,Gupta,imp.05662@acme-corp.com,Finance,Analyst,L4,TW,2018-03-22,2852693,TWD
IMP-05663,William,Pillai,imp.05663@acme-corp.com,HR,Manager,L6,US,2021-03-09,178568,USD
IMP-05664,Akiko,Weber,imp.05664@acme-corp.com,Engineering,Engineer,L5,GB,2021-04-05,67603,GBP
IMP-05665,Layla,Roux,imp.05665@acme-corp.com,HR,Manager,L3,IN,2021-06-30,2697165,INR
IMP-05666,Sarah,Kim,imp.05666@acme-corp.com,Engineering,Engineer,L2,HK,2017-11-10,888697,HKD
IMP-05667,Wei,Moreau,imp.05667@acme-corp.com,Finance,Analyst,L2,KR,2019-10-31,128371225,KRW
IMP-05668,Susan,Kumar,imp.05668@acme-corp.com,Engineering,Engineer,L3,US,2022-03-18,145287,USD
IMP-05669,Ana,Martin,imp.05669@acme-corp.com,Engineering,Engineer,L6,US,2020-02-13,199609,USD
IMP-05670,Sakura,Jones,imp.05670@acme-corp.com,Engineering,Engineer,L4,GB,2018-10-16,114993,GBP
IMP-05671,Michael,Klein,imp.05671@acme-corp.com,Sales,Analyst,L4,KR,2020-03-10,86546158,KRW
IMP-05672,Carmen,Wang,imp.05672@acme-corp.com,Sales,Analyst,L3,AU,2020-09-24,127706,AUD
IMP-05673,Kenji,Pillai,imp.05673@acme-corp.com,Sales,Analyst,L6,JP,2017-09-21,9165671,JPY
IMP-05674,Nancy,Singh,imp.05674@acme-corp.com,Engineering,Engineer,L5,US,2016-10-08,197181,USD
IMP-05675,Luis,Moore,imp.05675@acme-corp.com,Operations,Manager,L2,FR,2020-09-30,99792,EUR
IMP-05676,Jennifer,Hoffmann,imp.05676@acme-corp.com,Engineering,Engineer,L3,TW,2022-10-09,3051403,TWD
IMP-05677,David,Braun,imp.05677@acme-corp.com,Engineering,Engineer,L3,SE,2024-06-30,893104,SEK
IMP-05678,Min,Han,imp.05678@acme-corp.com,Operations,Manager,L3,IN,2023-10-21,3531070,INR
IMP-05679,Yuna,Yoon,imp.05679@acme-corp.com,Engineering,Engineer,L5,DK,2024-08-07,694515,DKK
IMP-05680,Richard,Lee,imp.05680@acme-corp.com,Sales,Analyst,L4,DE,2018-07-27,92545,EUR
IMP-05681,Aisha,Braun,imp.05681@acme-corp.com,Engineering,Engineer,L5,PL,2016-01-11,131766,PLN
IMP-05682,Carmen,Davis,imp.05682@acme-corp.com,Engineering,Engineer,L6,ES,2016-05-31,112702,EUR
IMP-05683,Yuna,Johnson,imp.05683@acme-corp.com,HR,Manager,L5,DE,2015-11-27,144850,EUR
IMP-05684,Ji-young,Yang,imp.05684@acme-corp.com,Operations,Manager,L6,MX,2021-10-17,528426,MXN
IMP-05685,Nancy,Zhang,imp.05685@acme-corp.com,Finance,Analyst,L1,IN,2016-02-01,2647881,INR
IMP-05686,Takeshi,Chen,imp.05686@acme-corp.com,Engineering,Engineer,L1,AU,2015-02-18,152110,AUD
IMP-05687,Hassan,Joshi,imp.05687@acme-corp.com,Engineering,Engineer,L4,US,2015-08-24,120905,USD
IMP-05688,Carmen,Hoffmann,imp.05688@acme-corp.com,Sales,Analyst,L6,US,2019-12-28,74558,USD
IMP-05689,Mary,Singh,imp.05689@acme-corp.com,Finance,Analyst,L5,CH,2023-12-24,143256,CHF
IMP-05690,Ahmed,Davis,imp.05690@acme-corp.com,Engineering,Engineer,L3,SE,2022-08-04,633425,SEK
IMP-05691,Ji-young,Song,imp.05691@acme-corp.com,Finance,Analyst,L2,DE,2022-09-23,143687,EUR
IMP-05692,Ji-young,Moreau,imp.05692@acme-corp.com,Engineering,Engineer,L4,HK,2023-12-27,889429,HKD
IMP-05693,Carlos,Lim,imp.05693@acme-corp.com,Engineering,Engineer,L5,IN,2020-12-08,2526781,INR
IMP-05694,Richard,Huang,imp.05694@acme-corp.com,Operations,Manager,L2,CA,2022-03-22,151870,CAD
IMP-05695,Akiko,Thomas,imp.05695@acme-corp.com,Engineering,Engineer,L2,SG,2017-01-30,128256,SGD
IMP-05696,Nancy,Huang,imp.05696@acme-corp.com,Operations,Manager,L5,CH,2017-02-23,127531,CHF
IMP-05697,Layla,Singh,imp.05697@acme-corp.com,Sales,Analyst,L6,CA,2016-11-25,82658,CAD
IMP-05698,Mei,Singh,imp.05698@acme-corp.com,Operations,Manager,L2,GB,2018-11-24,48253,GBP
IMP-05699,Layla,Liu,imp.05699@acme-corp.com,Engineering,Engineer,L2,US,2017-11-26,129916,USD
IMP-05700,David,Smith,imp.05700@acme-corp.com,Engineering,Engineer,L3,DE,2022-04-07,115046,EUR
IMP-05701,David,Martinez,imp.05701@acme-corp.com,Finance,Analyst,L4,CH,2019-12-23,142041,CHF
IMP-05702,Nancy,Dupont,imp.05702@acme-corp.com,HR,Manager,L1,JP,2016-01-06,6825367,JPY
IMP-05703,Arjun,Bernard,imp.05703@acme-corp.com,HR,Manager,L1,FR,2019-06-25,92240,EUR
IMP-05704,Yuna,Zhang,imp.05704@acme-corp.com,Engineering,Engineer,L5,DK,2017-08-23,522883,DKK
IMP-05705,Sakura,Martin,imp.05705@acme-corp.com,Operations,Manager,L2,DK,2021-05-31,624422,DKK
IMP-05706,Sung-min,Garcia,imp.05706@acme-corp.com,Engineering,Engineer,L2,GB,2017-09-27,143665,GBP
IMP-05707,Ibrahim,Jones,imp.05707@acme-corp.com,Engineering,Engineer,L1,ZA,2016-08-16,791353,ZAR
IMP-05708,Jessica,Martin,imp.05708@acme-corp.com,Engineering,Engineer,L3,ES,2022-09-21,54157,EUR
IMP-05709,Hiroshi,Braun,imp.05709@acme-corp.com,Engineering,Engineer,L2,SG,2015-10-14,86046,SGD
IMP-05710,Kenji,Hernandez,imp.05710@acme-corp.com,Design,Designer,L2,AU,2016-02-03,129840,AUD
IMP-05711,Akiko,Li,imp.05711@acme-corp.com,Engineering,Engineer,L6,AU,2022-04-08,111592,AUD
IMP-05712,Pedro,Davis,imp.05712@acme-corp.com,Operations,Manager,L1,DE,2018-09-18,105551,EUR
IMP-05713,Ji-young,Taylor,imp.05713@acme-corp.com,Sales,Analyst,L1,DK,2017-07-03,805759,DKK
IMP-05714,Omar,Taylor,imp.05714@acme-corp.com,Sales,Analyst,L3,GB,2021-09-09,115620,GBP
IMP-05715,Akiko,Garcia,imp.05715@acme-corp.com,Engineering,Engineer,L2,NO,2024-12-26,897015,NOK
IMP-05716,Sung-min,Han,imp.05716@acme-corp.com,Finance,Analyst,L6,IN,2019-01-07,2081837,INR
IMP-05717,Nancy,Liu,imp.05717@acme-corp.com,Sales,Analyst,L5,AE,2022-05-21,256545,AED
IMP-05718,Ananya,Song,imp.05718@acme-corp.com,Operations,Manager,L1,CA,2023-03-08,75451,CAD
IMP-05719,Patricia,Lee,imp.05719@acme-corp.com,Engineering,Engineer,L1,FR,2021-07-15,62751,EUR
IMP-05720,Luis,Lim,imp.05720@acme-corp.com,Operations,Manager,L2,AE,2020-10-02,549372,AED
IMP-05721,Jae-won,David,imp.05721@acme-corp.com,Engineering,Engineer,L3,NO,2024-05-27,1181436,NOK
IMP-05722,Isabel,Williams,imp.05722@acme-corp.com,Finance,Analyst,L1,MX,2018-04-17,900877,MXN
IMP-05723,Thomas,Reddy,imp.05723@acme-corp.com,Sales,Analyst,L4,US,2021-01-15,196334,USD
IMP-05724,Francisco,Chen,imp.05724@acme-corp.com,Engineering,Engineer,L3,JP,2021-12-07,7235904,JPY
IMP-05725,Aisha,Li,imp.05725@acme-corp.com,Finance,Analyst,L2,HK,2016-05-30,942784,HKD
IMP-05726,Omar,Jackson,imp.05726@acme-corp.com,Sales,Analyst,L5,SG,2016-05-04,147154,SGD
IMP-05727,Nancy,Kim,imp.05727@acme-corp.com,HR,Manager,L6,JP,2024-09-18,8750220,JPY
IMP-05728,Hiroshi,Taylor,imp.05728@acme-corp.com,Finance,Analyst,L6,ES,2018-07-28,146642,EUR
IMP-05729,Hiroshi,Xu,imp.05729@acme-corp.com,Sales,Analyst,L3,US,2020-03-24,149949,USD
IMP-05730,Susan,Jung,imp.05730@acme-corp.com,Operations,Manager,L5,US,2015-01-20,214529,USD
IMP-05731,Maria,Johnson,imp.05731@acme-corp.com,Finance,Analyst,L5,HK,2019-03-29,1095286,HKD
IMP-05732,Min,Anderson,imp.05732@acme-corp.com,Engineering,Engineer,L2,DK,2015-06-10,597069,DKK
IMP-05733,James,Park,imp.05733@acme-corp.com,Design,Designer,L1,SG,2017-09-04,73036,SGD
IMP-05734,Joseph,White,imp.05734@acme-corp.com,Finance,Analyst,L4,IN,2021-09-20,4418603,INR
IMP-05735,Ana,Miller,imp.05735@acme-corp.com,Sales,Analyst,L6,HK,2015-07-21,1145780,HKD
IMP-05736,James,Johnson,imp.05736@acme-corp.com,Design,Designer,L1,IN,2019-10-02,1919788,INR
IMP-05737,Yuna,Bernard,imp.05737@acme-corp.com,Sales,Analyst,L4,DE,2019-07-18,143987,EUR
IMP-05738,Joseph,Sharma,imp.05738@acme-corp.com,Engineering,Engineer,L6,IN,2022-05-15,4407700,INR
IMP-05739,David,Martin,imp.05739@acme-corp.com,HR,Manager,L1,GB,2020-09-11,47813,GBP
IMP-05740,Jae-won,Bernard,imp.05740@acme-corp.com,Sales,Analyst,L4,IE,2019-11-18,86327,EUR
IMP-05741,Jennifer,Dupont,imp.05741@acme-corp.com,Operations,Manager,L4,ES,2015-05-10,147220,EUR
IMP-05742,Ji-young,Mehta,imp.05742@acme-corp.com,Operations,Manager,L4,AU,2023-12-29,96163,AUD
IMP-05743,Robert,Jones,imp.05743@acme-corp.com,Sales,Analyst,L1,CH,2024-01-15,178527,CHF
IMP-05744,David,Simon,imp.05744@acme-corp.com,Finance,Analyst,L6,GB,2020-11-16,120388,GBP
IMP-05745,Aisha,Garcia,imp.05745@acme-corp.com,Engineering,Engineer,L1,ES,2019-05-02,102341,EUR
IMP-05746,Sarah,Smith,imp.05746@acme-corp.com,Sales,Analyst,L5,US,2019-02-12,91087,USD
IMP-05747,Yuki,Lim,imp.05747@acme-corp.com,Finance,Analyst,L3,US,2019-10-23,117294,USD
IMP-05748,Rosa,Moore,imp.05748@acme-corp.com,Engineering,Engineer,L2,DE,2021-10-22,122597,EUR
IMP-05749,Sakura,Moreau,imp.05749@acme-corp.com,Operations,Manager,L3,GB,2020-08-20,114537,GBP
IMP-05750,Charles,Richter,imp.05750@acme-corp.com,Sales,Analyst,L3,US,2018-12-01,124395,USD
IMP-05751,Maria,Lim,imp.05751@acme-corp.com,Design,Designer,L5,CA,2024-04-24,153871,CAD
IMP-05752,Nancy,Choi,imp.05752@acme-corp.com,HR,Manager,L1,ZA,2024-04-29,351868,ZAR
IMP-05753,Jose,Yang,imp.05753@acme-corp.com,Engineering,Engineer,L5,DK,2015-08-26,1192534,DKK
IMP-05754,Ji-young,Mehta,imp.05754@acme-corp.com,Operations,Manager,L1,IE,2016-01-14,93935,EUR
IMP-05755,Rahul,Michel,imp.05755@acme-corp.com,Engineering,Engineer,L3,PL,2023-05-23,210474,PLN
IMP-05756,Sakura,Zhou,imp.05756@acme-corp.com,Operations,Manager,L5,IE,2015-02-22,127438,EUR
IMP-05757,William,Miller,imp.05757@acme-corp.com,Engineering,Engineer,L1,SE,2022-11-23,659094,SEK
IMP-05758,Ji-young,Davis,imp.05758@acme-corp.com,Design,Designer,L3,IN,2023-03-21,2696115,INR
IMP-05759,Omar,Johnson,imp.05759@acme-corp.com,Sales,Analyst,L1,DK,2022-08-28,855174,DKK
IMP-05760,Elizabeth,Jones,imp.05760@acme-corp.com,Engineering,Engineer,L3,DE,2022-11-20,82281,EUR
IMP-05761,Luis,Roux,imp.05761@acme-corp.com,Sales,Analyst,L5,MX,2020-06-16,1170390,MXN
IMP-05762,Yusuf,Lim,imp.05762@acme-corp.com,Finance,Analyst,L5,NL,2015-10-01,108654,EUR
IMP-05763,James,Li,imp.05763@acme-corp.com,Operations,Manager,L3,US,2024-02-24,117900,USD
IMP-05764,Kenji,Kim,imp.05764@acme-corp.com,Engineering,Engineer,L4,SE,2023-12-23,589627,SEK
IMP-05765,Francisco,Kumar,imp.05765@acme-corp.com,Engineering,Engineer,L3,DE,2024-03-31,138608,EUR
IMP-05766,Charles,Fischer,imp.05766@acme-corp.com,HR,Manager,L2,GB,2017-07-18,85025,GBP
IMP-05767,Ananya,Huang,imp.05767@acme-corp.com,Engineering,Engineer,L4,FR,2018-04-24,109401,EUR
IMP-05768,Akiko,Wilson,imp.05768@acme-corp.com,Finance,Analyst,L6,SG,2023-08-27,139694,SGD
IMP-05769,Ibrahim,Singh,imp.05769@acme-corp.com,HR,Manager,L5,US,2022-02-21,95627,USD
IMP-05770,Yuki,Park,imp.05770@acme-corp.com,Operations,Manager,L6,US,2016-09-25,145440,USD
IMP-05771,Joseph,Xu,imp.05771@acme-corp.com,Sales,Analyst,L2,US,2022-03-06,98064,USD
IMP-05772,Sarah,Anderson,imp.05772@acme-corp.com,Engineering,Engineer,L6,NO,2022-07-21,575161,NOK
IMP-05773,Carmen,Pillai,imp.05773@acme-corp.com,Design,Designer,L5,GB,2019-01-16,96019,GBP
IMP-05774,Hiroshi,Thompson,imp.05774@acme-corp.com,Engineering,Engineer,L1,SE,2015-09-04,551799,SEK
IMP-05775,Rahul,Williams,imp.05775@acme-corp.com,Operations,Manager,L3,IN,2021-01-27,1366322,INR
IMP-05776,Jessica,Kumar,imp.05776@acme-corp.com,Engineering,Engineer,L4,DE,2020-07-15,53408,EUR
IMP-05777,Mei,Miller,imp.05777@acme-corp.com,Engineering,Engineer,L1,PL,2019-06-29,96319,PLN
IMP-05778,Yusuf,Hoffmann,imp.05778@acme-corp.com,Sales,Analyst,L4,SG,2023-04-29,168391,SGD
IMP-05779,Francisco,Mehta,imp.05779@acme-corp.com,HR,Manager,L2,AE,2015-08-14,374257,AED
IMP-05780,Mei,Song,imp.05780@acme-corp.com,HR,Manager,L6,NL,2019-10-20,123522,EUR
IMP-05781,Charles,Huang,imp.05781@acme-corp.com,Engineering,Engineer,L2,ES,2017-11-25,106797,EUR
IMP-05782,Priya,Kumar,imp.05782@acme-corp.com,Engineering,Engineer,L6,ZA,2018-02-11,1009943,ZAR
IMP-05783,Priya,Moreau,imp.05783@acme-corp.com,Design,Designer,L5,KR,2015-08-15,87771534,KRW
IMP-05784,David,Lim,imp.05784@acme-corp.com,Sales,Analyst,L5,JP,2018-08-12,9854534,JPY
IMP-05785,Zara,Dupont,imp.05785@acme-corp.com,Sales,Analyst,L5,HK,2016-08-07,930685,HKD
IMP-05786,David,Weber,imp.05786@acme-corp.com,Sales,Analyst,L6,ZA,2024-01-08,1215922,ZAR
IMP-05787,Carmen,Becker,imp.05787@acme-corp.com,Sales,Analyst,L6,GB,2019-05-02,90525,GBP
IMP-05788,Yuki,Han,imp.05788@acme-corp.com,Sales,Analyst,L2,NO,2016-01-11,1147158,NOK
IMP-05789,Thomas,Jones,imp.05789@acme-corp.com,Finance,Analyst,L1,SE,2020-12-27,436257,SEK
IMP-05790,Karen,Garcia,imp.05790@acme-corp.com,Operations,Manager,L5,US,2015-01-08,125492,USD
IMP-05791,Akiko,Kim,imp.05791@acme-corp.com,Finance,Analyst,L3,DE,2020-07-11,111899,EUR
IMP-05792,Carmen,Lim,imp.05792@acme-corp.com,Engineering,Engineer,L6,ES,2024-02-23,107256,EUR
IMP-05793,Takeshi,Kumar,imp.05793@acme-corp.com,Finance,Analyst,L5,GB,2024-10-27,99976,GBP
IMP-05794,William,Anderson,imp.05794@acme-corp.com,Engineering,Engineer,L5,JP,2015-04-06,11055598,JPY
IMP-05795,Patricia,Weber,imp.05795@acme-corp.com,Engineering,Engineer,L2,NL,2019-04-08,58458,EUR
IMP-05796,Linda,Sharma,imp.05796@acme-corp.com,Engineering,Engineer,L4,HK,2019-10-20,600793,HKD
IMP-05797,Joseph,Dupont,imp.05797@acme-corp.com,Finance,Analyst,L6,TW,2024-05-04,3194890,TWD
IMP-05798,Sarah,Gupta,imp.05798@acme-corp.com,HR,Manager,L4,US,2017-03-04,117678,USD
IMP-05799,Akiko,Klein,imp.05799@acme-corp.com,Engineering,Engineer,L1,JP,2020-08-10,4446763,JPY
IMP-05800,Min,Wang,imp.05800@acme-corp.com,Engineering,Engineer,L4,KR,2019-02-13,61135869,KRW
IMP-05801,Charles,Pillai,imp.05801@acme-corp.com,Engineering,Engineer,L5,AU,2024-05-22,112504,AUD
IMP-05802,Elizabeth,Yoon,imp.05802@acme-corp.com,Finance,Analyst,L1,CA,2020-06-07,137028,CAD
IMP-05803,James,Williams,imp.05803@acme-corp.com,Sales,Analyst,L1,ZA,2020-10-15,1015421,ZAR
IMP-05804,Fatima,Martin,imp.05804@acme-corp.com,Operations,Manager,L6,DE,2023-03-23,52150,EUR
IMP-05805,Ji-young,Martin,imp.05805@acme-corp.com,Operations,Manager,L3,ZA,2015-06-07,1474149,ZAR
IMP-05806,Sung-min,Yang,imp.05806@acme-corp.com,Sales,Analyst,L4,DE,2024-03-21,95061,EUR
IMP-05807,Liu,Wu,imp.05807@acme-corp.com,Operations,Manager,L5,US,2024-09-03,164022,USD
IMP-05808,Richard,Garcia,imp.05808@acme-corp.com,Finance,Analyst,L2,SE,2018-03-02,653966,SEK
IMP-05809,Mei,Davis,imp.05809@acme-corp.com,Engineering,Engineer,L6,AU,2022-01-16,82848,AUD
IMP-05810,Luis,Roux,imp.05810@acme-corp.com,Finance,Analyst,L6,DE,2017-12-13,148131,EUR
IMP-05811,Layla,Thompson,imp.05811@acme-corp.com,Engineering,Engineer,L1,GB,2022-12-28,129076,GBP
IMP-05812,Karen,Lee,imp.05812@acme-corp.com,Engineering,Engineer,L3,TW,2020-08-23,1358566,TWD
IMP-05813,Liu,Chen,imp.05813@acme-corp.com,Engineering,Engineer,L4,MX,2023-02-05,449558,MXN
IMP-05814,Karen,Li,imp.05814@acme-corp.com,Operations,Manager,L1,US,2015-01-12,206658,USD
IMP-05815,Luis,Anderson,imp.05815@acme-corp.com,Operations,Manager,L3,KR,2018-04-20,116253172,KRW
IMP-05816,David,David,imp.05816@acme-corp.com,Sales,Analyst,L2,ZA,2023-02-02,595546,ZAR
IMP-05817,Jennifer,Weber,imp.05817@acme-corp.com,HR,Manager,L3,DE,2017-04-16,135157,EUR
IMP-05818,Layla,Xu,imp.05818@acme-corp.com,HR,Manager,L6,DE,2023-10-04,136865,EUR
IMP-05819,Isabel,Huang,imp.05819@acme-corp.com,Design,Designer,L6,NL,2018-10-25,50200,EUR
IMP-05820,David,Han,imp.05820@acme-corp.com,Engineering,Engineer,L4,AU,2017-09-17,97481,AUD
IMP-05821,Francisco,Huang,imp.05821@acme-corp.com,HR,Manager,L2,AE,2020-10-28,459092,AED
IMP-05822,Susan,Singh,imp.05822@acme-corp.com,Engineering,Engineer,L2,FR,2021-05-10,53280,EUR
IMP-05823,Takeshi,Mehta,imp.05823@acme-corp.com,Operations,Manager,L5,NL,2024-12-04,123423,EUR
IMP-05824,Luis,Reddy,imp.05824@acme-corp.com,Engineering,Engineer,L6,NL,2018-03-14,55407,EUR
IMP-05825,Elizabeth,Lee,imp.05825@acme-corp.com,Operations,Manager,L5,SG,2018-03-26,179715,SGD
IMP-05826,Yuki,Jones,imp.05826@acme-corp.com,Finance,Analyst,L4,ES,2021-04-10,117346,EUR
IMP-05827,Ahmed,Garcia,imp.05827@acme-corp.com,Design,Designer,L6,DE,2018-08-04,79856,EUR
IMP-05828,William,Weber,imp.05828@acme-corp.com,Sales,Analyst,L6,DE,2021-07-12,83373,EUR
IMP-05829,Isabel,Martin,imp.05829@acme-corp.com,Finance,Analyst,L2,PL,2015-04-08,199353,PLN
IMP-05830,Zhang,Choi,imp.05830@acme-corp.com,Finance,Analyst,L4,GB,2019-08-24,64255,GBP
IMP-05831,Elizabeth,Liu,imp.05831@acme-corp.com,Engineering,Engineer,L1,ES,2018-12-20,96019,EUR
IMP-05832,Priya,Davis,imp.05832@acme-corp.com,Sales,Analyst,L4,JP,2023-09-13,7314522,JPY
IMP-05833,Thomas,Reddy,imp.05833@acme-corp.com,Finance,Analyst,L1,SG,2022-10-25,139923,SGD
IMP-05834,Min,Brown,imp.05834@acme-corp.com,Engineering,Engineer,L4,US,2022-04-22,70410,USD
IMP-05835,Charles,Yoon,imp.05835@acme-corp.com,Engineering,Engineer,L3,DE,2017-01-14,95649,EUR
IMP-05836,Pedro,Martinez,imp.05836@acme-corp.com,Finance,Analyst,L1,US,2015-06-05,85080,USD
IMP-05837,Carmen,Fischer,imp.05837@acme-corp.com,Sales,Analyst,L3,GB,2020-06-08,128646,GBP
IMP-05838,Nancy,Kumar,imp.05838@acme-corp.com,Sales,Analyst,L3,US,2022-10-29,108470,USD
IMP-05839,Yusuf,Weber,imp.05839@acme-corp.com,Engineering,Engineer,L5,ZA,2024-08-21,517454,ZAR
IMP-05840,Min,Hernandez,imp.05840@acme-corp.com,Engineering,Engineer,L2,SG,2020-07-13,124738,SGD
IMP-05841,Mary,Li,imp.05841@acme-corp.com,Engineering,Engineer,L2,US,2017-02-02,194917,USD
IMP-05842,Mary,Brown,imp.05842@acme-corp.com,Sales,Analyst,L3,KR,2016-03-28,58553616,KRW
IMP-05843,Liu,Martin,imp.05843@acme-corp.com,Sales,Analyst,L2,DE,2019-05-20,50553,EUR
IMP-05844,Arjun,Becker,imp.05844@acme-corp.com,Operations,Manager,L3,GB,2023-01-14,101702,GBP
IMP-05845,Zhang,Moreau,imp.05845@acme-corp.com,HR,Manager,L5,CH,2020-02-12,174149,CHF
IMP-05846,Rahul,Lee,imp.05846@acme-corp.com,Engineering,Engineer,L4,TW,2016-04-13,3250121,TWD
IMP-05847,Pedro,Moore,imp.05847@acme-corp.com,Engineering,Engineer,L5,SG,2018-12-20,192810,SGD
IMP-05848,Richard,Thompson,imp.05848@acme-corp.com,Engineering,Engineer,L6,MX,2024-05-29,932970,MXN
IMP-05849,Ana,Xu,imp.05849@acme-corp.com,Finance,Analyst,L3,IE,2017-05-24,132543,EUR
IMP-05850,Rosa,Fischer,imp.05850@acme-corp.com,Sales,Analyst,L4,US,2024-05-12,71228,USD
IMP-05851,Omar,Anderson,imp.05851@acme-corp.com,Finance,Analyst,L6,AU,2020-02-14,173507,AUD
IMP-05852,Ibrahim,Dupont,imp.05852@acme-corp.com,Sales,Analyst,L4,JP,2023-06-11,9376023,JPY
IMP-05853,Nancy,Yang,imp.05853@acme-corp.com,Finance,Analyst,L5,GB,2015-10-17,142162,GBP
IMP-05854,Ana,Simon,imp.05854@acme-corp.com,Engineering,Engineer,L4,AE,2017-05-12,338537,AED
IMP-05855,Zhang,Li,imp.05855@acme-corp.com,Operations,Manager,L2,IE,2019-09-22,88950,EUR
IMP-05856,Ji-young,Sharma,imp.05856@acme-corp.com,Engineering,Engineer,L4,IN,2022-03-19,3983913,INR
IMP-05857,Jae-won,Garcia,imp.05857@acme-corp.com,Finance,Analyst,L2,US,2019-04-21,190655,USD
IMP-05858,David,Richter,imp.05858@acme-corp.com,Engineering,Engineer,L4,HK,2023-10-24,547701,HKD
IMP-05859,Karen,Patel,imp.05859@acme-corp.com,HR,Manager,L5,US,2023-09-26,103262,USD
IMP-05860,Luis,Lee,imp.05860@acme-corp.com,Engineering,Engineer,L2,DK,2016-04-30,1007636,DKK
IMP-05861,Carmen,Miller,imp.05861@acme-corp.com,Operations,Manager,L4,US,2016-09-05,128564,USD
IMP-05862,Hassan,Nair,imp.05862@acme-corp.com,Finance,Analyst,L5,TW,2018-06-04,902579,TWD
IMP-05863,Pedro,Nair,imp.05863@acme-corp.com,HR,Manager,L6,SG,2019-04-22,113032,SGD
IMP-05864,Yuki,Lee,imp.05864@acme-corp.com,Engineering,Engineer,L4,JP,2017-04-19,9890051,JPY
IMP-05865,Chen,Richter,imp.05865@acme-corp.com,HR,Manager,L4,IE,2023-01-09,87977,EUR
IMP-05866,Hiroshi,Huang,imp.05866@acme-corp.com,Operations,Manager,L4,AU,2015-09-21,169315,AUD
IMP-05867,Omar,Lim,imp.05867@acme-corp.com,Sales,Analyst,L4,NL,2024-11-06,83853,EUR
IMP-05868,Jae-won,Pillai,imp.05868@acme-corp.com,Engineering,Engineer,L5,IN,2021-11-02,3657830,INR
IMP-05869,Jae-won,Kumar,imp.05869@acme-corp.com,Finance,Analyst,L1,DK,2024-06-23,469829,DKK
IMP-05870,Maria,Han,imp.05870@acme-corp.com,Engineering,Engineer,L4,GB,2021-10-24,137471,GBP
IMP-05871,James,Yang,imp.05871@acme-corp.com,Operations,Manager,L2,PL,2023-05-15,133978,PLN
IMP-05872,Mei,Schmidt,imp.05872@acme-corp.com,Engineering,Engineer,L2,NO,2022-03-30,936619,NOK
IMP-05873,Zhang,Wilson,imp.05873@acme-corp.com,Design,Designer,L3,DE,2017-05-05,139554,EUR
IMP-05874,Mary,Davis,imp.05874@acme-corp.com,Engineering,Engineer,L5,SG,2018-01-30,156267,SGD
IMP-05875,Akiko,Reddy,imp.05875@acme-corp.com,Finance,Analyst,L6,MX,2020-10-27,1120896,MXN
IMP-05876,Ibrahim,Moore,imp.05876@acme-corp.com,Operations,Manager,L5,GB,2019-07-09,94493,GBP
IMP-05877,Susan,Chen,imp.05877@acme-corp.com,Design,Designer,L4,IE,2018-01-24,101769,EUR
IMP-05878,Patricia,Thomas,imp.05878@acme-corp.com,Engineering,Engineer,L1,AU,2015-07-14,160815,AUD
IMP-05879,Jae-won,Jackson,imp.05879@acme-corp.com,Engineering,Engineer,L2,TW,2023-10-10,1474461,TWD
IMP-05880,Fatima,Pillai,imp.05880@acme-corp.com,Engineering,Engineer,L4,CA,2023-06-24,85439,CAD
IMP-05881,Michael,Wilson,imp.05881@acme-corp.com,Engineering,Engineer,L4,JP,2023-09-13,4456167,JPY
IMP-05882,Hiroshi,Moore,imp.05882@acme-corp.com,Engineering,Engineer,L4,DK,2019-05-03,1104927,DKK
IMP-05883,Jae-won,Kim,imp.05883@acme-corp.com,Engineering,Engineer,L4,ES,2024-10-11,133199,EUR
IMP-05884,Luis,Reddy,imp.05884@acme-corp.com,Sales,Analyst,L1,IN,2021-03-27,3159525,INR
IMP-05885,Karen,Kim,imp.05885@acme-corp.com,Sales,Analyst,L2,IN,2019-08-31,3140330,INR
IMP-05886,Ana,Becker,imp.05886@acme-corp.com,Finance,Analyst,L3,MX,2020-12-11,655820,MXN
IMP-05887,Sakura,Garcia,imp.05887@acme-corp.com,Finance,Analyst,L6,KR,2021-05-11,128848902,KRW
IMP-05888,James,Jackson,imp.05888@acme-corp.com,Engineering,Engineer,L1,ZA,2016-07-23,1093180,ZAR
IMP-05889,Zhang,Kumar,imp.05889@acme-corp.com,Operations,Manager,L5,GB,2017-12-06,96220,GBP
IMP-05890,James,Kim,imp.05890@acme-corp.com,Sales,Analyst,L1,JP,2017-11-20,16470507,JPY
IMP-05891,Rosa,Wilson,imp.05891@acme-corp.com,Sales,Analyst,L2,KR,2019-01-07,123538221,KRW
IMP-05892,Ibrahim,Fischer,imp.05892@acme-corp.com,Engineering,Engineer,L6,JP,2020-10-24,15042741,JPY
IMP-05893,Priya,Garcia,imp.05893@acme-corp.com,Finance,Analyst,L2,GB,2018-07-19,68178,GBP
IMP-05894,Karen,Bernard,imp.05894@acme-corp.com,Operations,Manager,L3,IN,2016-02-06,1778247,INR
IMP-05895,Jose,Hoffmann,imp.05895@acme-corp.com,Engineering,Engineer,L6,GB,2016-11-16,108922,GBP
IMP-05896,Aisha,Dupont,imp.05896@acme-corp.com,Sales,Analyst,L2,HK,2020-03-23,534368,HKD
IMP-05897,Zhang,Taylor,imp.05897@acme-corp.com,Engineering,Engineer,L1,IE,2020-11-12,145390,EUR
IMP-05898,Mary,Kang,imp.05898@acme-corp.com,Operations,Manager,L2,SG,2017-04-24,172565,SGD
IMP-05899,Thomas,Martin,imp.05899@acme-corp.com,Finance,Analyst,L3,TW,2016-06-15,2106216,TWD
IMP-05900,Rahul,Klein,imp.05900@acme-corp.com,Sales,Analyst,L2,ES,2015-03-04,79613,EUR
IMP-05901,Fatima,Wilson,imp.05901@acme-corp.com,HR,Manager,L5,AE,2018-10-03,248336,AED
IMP-05902,Richard,Jones,imp.05902@acme-corp.com,Engineering,Engineer,L1,TW,2023-03-08,1811385,TWD
IMP-05903,Ananya,Lim,imp.05903@acme-corp.com,HR,Manager,L5,IE,2022-06-19,148706,EUR
IMP-05904,Jessica,Huang,imp.05904@acme-corp.com,Engineering,Engineer,L1,GB,2019-11-02,88923,GBP
IMP-05905,Maria,Kumar,imp.05905@acme-corp.com,Design,Designer,L2,DE,2015-05-29,107896,EUR
IMP-05906,Elizabeth,Lee,imp.05906@acme-corp.com,Finance,Analyst,L6,CA,2019-04-27,77195,CAD
IMP-05907,James,Brown,imp.05907@acme-corp.com,Engineering,Engineer,L3,ZA,2018-06-04,595502,ZAR
IMP-05908,Ahmed,David,imp.05908@acme-corp.com,Operations,Manager,L6,US,2023-06-24,102778,USD
IMP-05909,Yusuf,Moore,imp.05909@acme-corp.com,Engineering,Engineer,L5,MX,2016-06-23,682577,MXN
IMP-05910,Jennifer,Joshi,imp.05910@acme-corp.com,Operations,Manager,L4,US,2017-10-23,109249,USD
IMP-05911,Maria,Dupont,imp.05911@acme-corp.com,Sales,Analyst,L6,JP,2023-08-04,14217091,JPY
IMP-05912,Mei,Wang,imp.05912@acme-corp.com,Finance,Analyst,L4,DK,2020-08-29,1187512,DKK
IMP-05913,Francisco,Moreau,imp.05913@acme-corp.com,HR,Manager,L6,CA,2017-04-14,141736,CAD
IMP-05914,Omar,Thompson,imp.05914@acme-corp.com,Engineering,Engineer,L3,ZA,2018-06-06,1244849,ZAR
IMP-05915,Ahmed,Schulz,imp.05915@acme-corp.com,Sales,Analyst,L4,MX,2017-04-13,467558,MXN
IMP-05916,Sarah,Becker,imp.05916@acme-corp.com,Design,Designer,L2,DE,2019-04-14,96123,EUR
IMP-05917,Yusuf,Park,imp.05917@acme-corp.com,Engineering,Engineer,L6,MX,2021-03-09,367533,MXN
IMP-05918,Kenji,Joshi,imp.05918@acme-corp.com,Engineering,Engineer,L1,CA,2022-05-07,71903,CAD
IMP-05919,Rosa,Reddy,imp.05919@acme-corp.com,Finance,Analyst,L3,US,2020-09-20,207853,USD
IMP-05920,Sarah,Weber,imp.05920@acme-corp.com,Engineering,Engineer,L1,US,2015-07-24,109479,USD
IMP-05921,James,Schmidt,imp.05921@acme-corp.com,Engineering,Engineer,L3,SG,2019-12-05,167728,SGD
IMP-05922,Priya,Jung,imp.05922@acme-corp.com,Engineering,Engineer,L2,FR,2023-08-09,116315,EUR
IMP-05923,Jessica,Williams,imp.05923@acme-corp.com,HR,Manager,L3,CH,2020-03-06,97127,CHF
IMP-05924,Francisco,Becker,imp.05924@acme-corp.com,Engineering,Engineer,L1,JP,2023-08-17,6704206,JPY
IMP-05925,Rahul,Lim,imp.05925@acme-corp.com,HR,Manager,L4,HK,2015-09-16,380829,HKD
IMP-05926,Takeshi,Braun,imp.05926@acme-corp.com,Engineering,Engineer,L6,IN,2015-10-09,3625797,INR
IMP-05927,Min,Simon,imp.05927@acme-corp.com,Finance,Analyst,L2,ES,2024-07-14,137705,EUR
IMP-05928,Akiko,Joshi,imp.05928@acme-corp.com,Engineering,Engineer,L6,DE,2023-05-25,59774,EUR
IMP-05929,Mary,Lee,imp.05929@acme-corp.com,Engineering,Engineer,L2,GB,2022-08-29,117128,GBP
IMP-05930,Wei,Schulz,imp.05930@acme-corp.com,Sales,Analyst,L6,HK,2019-05-03,940493,HKD
IMP-05931,Sarah,Bernard,imp.05931@acme-corp.com,Operations,Manager,L2,PL,2021-01-29,182920,PLN
IMP-05932,Jennifer,Li,imp.05932@acme-corp.com,Engineering,Engineer,L6,IN,2020-09-20,3735589,INR
IMP-05933,Barbara,Patel,imp.05933@acme-corp.com,Engineering,Engineer,L4,TW,2017-04-12,1233509,TWD
IMP-05934,Zara,Laurent,imp.05934@acme-corp.com,HR,Manager,L6,CA,2024-02-23,174868,CAD
IMP-05935,Karen,Jackson,imp.05935@acme-corp.com,Sales,Analyst,L2,SG,2020-01-25,141452,SGD
IMP-05936,James,Smith,imp.05936@acme-corp.com,Engineering,Engineer,L3,ES,2021-02-21,88013,EUR
IMP-05937,Layla,Smith,imp.05937@acme-corp.com,Sales,Analyst,L5,SG,2016-05-21,143756,SGD
IMP-05938,Sung-min,Singh,imp.05938@acme-corp.com,Engineering,Engineer,L3,DE,2024-01-10,71665,EUR
IMP-05939,Sarah,Jung,imp.05939@acme-corp.com,Operations,Manager,L4,AU,2016-09-15,85968,AUD
IMP-05940,Yuki,Klein,imp.05940@acme-corp.com,Operations,Manager,L3,AE,2015-05-25,216130,AED
IMP-05941,Yusuf,Johnson,imp.05941@acme-corp.com,Sales,Analyst,L2,DE,2016-03-18,62630,EUR
IMP-05942,Patricia,Kumar,imp.05942@acme-corp.com,HR,Manager,L6,IN,2023-11-15,1570474,INR
IMP-05943,Aisha,Patel,imp.05943@acme-corp.com,Sales,Analyst,L2,IN,2020-11-20,2151961,INR
IMP-05944,Ana,Wilson,imp.05944@acme-corp.com,Design,Designer,L3,PL,2021-01-09,78187,PLN
IMP-05945,Yuki,Taylor,imp.05945@acme-corp.com,HR,Manager,L3,FR,2024-01-11,81601,EUR
IMP-05946,Carlos,Hernandez,imp.05946@acme-corp.com,Operations,Manager,L4,HK,2021-03-10,403795,HKD
IMP-05947,Jessica,Smith,imp.05947@acme-corp.com,Design,Designer,L4,CH,2022-01-20,144018,CHF
IMP-05948,Mary,Becker,imp.05948@acme-corp.com,HR,Manager,L2,HK,2023-02-14,595696,HKD
IMP-05949,Omar,Schulz,imp.05949@acme-corp.com,Engineering,Engineer,L2,DK,2018-02-07,464580,DKK
IMP-05950,Isabel,Park,imp.05950@acme-corp.com,HR,Manager,L4,PL,2018-09-11,147188,PLN
IMP-05951,Carmen,Müller,imp.05951@acme-corp.com,HR,Manager,L3,PL,2015-01-01,68418,PLN
IMP-05952,Hiroshi,Kim,imp.05952@acme-corp.com,HR,Manager,L2,HK,2022-03-16,343324,HKD
IMP-05953,Carmen,Braun,imp.05953@acme-corp.com,Finance,Analyst,L2,AU,2023-05-26,101625,AUD
IMP-05954,David,Joshi,imp.05954@acme-corp.com,Engineering,Engineer,L3,GB,2023-06-06,95660,GBP
IMP-05955,Hassan,Martinez,imp.05955@acme-corp.com,Design,Designer,L4,NO,2018-08-23,1182206,NOK
IMP-05956,Layla,Moore,imp.05956@acme-corp.com,Sales,Analyst,L5,US,2023-10-16,184079,USD
IMP-05957,Yuna,Chen,imp.05957@acme-corp.com,Engineering,Engineer,L4,CH,2024-05-01,174218,CHF
IMP-05958,Jose,Chen,imp.05958@acme-corp.com,Sales,Analyst,L6,NO,2016-02-15,1273123,NOK
IMP-05959,Elizabeth,Fischer,imp.05959@acme-corp.com,Engineering,Engineer,L3,US,2015-07-27,76742,USD
IMP-05960,Jae-won,Richter,imp.05960@acme-corp.com,Finance,Analyst,L6,AE,2016-03-19,280016,AED
IMP-05961,Ananya,Gupta,imp.05961@acme-corp.com,HR,Manager,L3,NO,2019-05-29,555811,NOK
IMP-05962,Ahmed,Wilson,imp.05962@acme-corp.com,Engineering,Engineer,L3,FR,2020-07-21,107884,EUR
IMP-05963,Takeshi,Pillai,imp.05963@acme-corp.com,Finance,Analyst,L4,DE,2021-10-10,90694,EUR
IMP-05964,Ananya,Song,imp.05964@acme-corp.com,Sales,Analyst,L4,HK,2016-07-15,656358,HKD
IMP-05965,Richard,Chen,imp.05965@acme-corp.com,HR,Manager,L5,PL,2024-09-12,145793,PLN
IMP-05966,Jennifer,Schulz,imp.05966@acme-corp.com,Engineering,Engineer,L5,US,2021-05-10,96920,USD
IMP-05967,Carmen,Moore,imp.05967@acme-corp.com,Engineering,Engineer,L4,GB,2019-08-19,112870,GBP
IMP-05968,Richard,Johnson,imp.05968@acme-corp.com,Finance,Analyst,L2,IE,2017-05-01,77985,EUR
IMP-05969,Zara,Kang,imp.05969@acme-corp.com,Engineering,Engineer,L3,US,2016-01-30,217265,USD
IMP-05970,Ananya,Wang,imp.05970@acme-corp.com,HR,Manager,L3,PL,2018-03-11,198753,PLN
IMP-05971,Hassan,Schulz,imp.05971@acme-corp.com,Engineering,Engineer,L2,MX,2024-06-14,590512,MXN
IMP-05972,Karen,Jones,imp.05972@acme-corp.com,Engineering,Engineer,L3,US,2021-07-09,75580,USD
IMP-05973,Patricia,Braun,imp.05973@acme-corp.com,Finance,Analyst,L1,JP,2016-05-01,14502200,JPY
IMP-05974,Chen,Braun,imp.05974@acme-corp.com,Sales,Analyst,L2,ZA,2016-10-05,356901,ZAR
IMP-05975,Ana,Martinez,imp.05975@acme-corp.com,Sales,Analyst,L6,SG,2019-04-27,92620,SGD
IMP-05976,Min,Taylor,imp.05976@acme-corp.com,Sales,Analyst,L6,IN,2020-04-27,2328023,INR
IMP-05977,Sung-min,Kumar,imp.05977@acme-corp.com,Engineering,Engineer,L3,KR,2020-08-15,125638206,KRW
IMP-05978,Thomas,Moreau,imp.05978@acme-corp.com,Finance,Analyst,L4,SG,2017-03-15,187240,SGD
IMP-05979,David,Richter,imp.05979@acme-corp.com,Engineering,Engineer,L2,IN,2023-05-22,3065191,INR
IMP-05980,Sakura,Johnson,imp.05980@acme-corp.com,Engineering,Engineer,L1,SE,2018-09-03,667093,SEK
IMP-05981,Rahul,Michel,imp.05981@acme-corp.com,Engineering,Engineer,L1,SG,2015-05-30,93283,SGD
IMP-05982,Linda,Hoffmann,imp.05982@acme-corp.com,Engineering,Engineer,L5,GB,2019-10-01,100918,GBP
IMP-05983,Chen,Pillai,imp.05983@acme-corp.com,Engineering,Engineer,L4,KR,2021-11-12,82588120,KRW
IMP-05984,Joseph,Wang,imp.05984@acme-corp.com,Operations,Manager,L5,CH,2023-03-10,194251,CHF
IMP-05985,Pedro,Zhou,imp.05985@acme-corp.com,Operations,Manager,L2,US,2022-11-23,133843,USD
IMP-05986,Zara,Wang,imp.05986@acme-corp.com,Engineering,Engineer,L5,US,2015-02-10,219882,USD
IMP-05987,Barbara,Wilson,imp.05987@acme-corp.com,Engineering,Engineer,L1,FR,2024-06-01,131471,EUR
IMP-05988,Mei,Roux,imp.05988@acme-corp.com,Engineering,Engineer,L2,SE,2017-01-13,1079437,SEK
IMP-05989,Mary,Dupont,imp.05989@acme-corp.com,Operations,Manager,L6,TW,2024-03-31,818354,TWD
IMP-05990,Akiko,Yoon,imp.05990@acme-corp.com,Sales,Analyst,L1,US,2019-06-10,186571,USD
IMP-05991,Francisco,Lee,imp.05991@acme-corp.com,Engineering,Engineer,L5,IN,2020-10-02,3584265,INR
IMP-05992,Chen,Wilson,imp.05992@acme-corp.com,HR,Manager,L5,SE,2017-01-02,741777,SEK
IMP-05993,Susan,Martin,imp.05993@acme-corp.com,Design,Designer,L2,TW,2017-07-20,3056507,TWD
IMP-05994,Ana,White,imp.05994@acme-corp.com,Engineering,Engineer,L1,SE,2018-02-25,638512,SEK
IMP-05995,Karen,Gupta,imp.05995@acme-corp.com,Sales,Analyst,L4,DE,2019-01-15,149075,EUR
IMP-05996,David,Martin,imp.05996@acme-corp.com,Operations,Manager,L1,SE,2017-07-04,1157213,SEK
IMP-05997,Yuki,Dupont,imp.05997@acme-corp.com,Engineering,Engineer,L2,NO,2015-07-13,786388,NOK
IMP-05998,Aisha,Zhou,imp.05998@acme-corp.com,Sales,Analyst,L1,AE,2019-07-09,418788,AED
IMP-05999,Robert,Choi,imp.05999@acme-corp.com,Sales,Analyst,L3,MX,2017-11-28,634739,MXN
IMP-06000,Carlos,Sharma,imp.06000@acme-corp.com,Engineering,Engineer,L1,DE,2022-07-15,101427,EUR
IMP-06001,Arjun,Hoffmann,imp.06001@acme-corp.com,Engineering,Engineer,L1,CA,2015-10-12,161958,CAD
IMP-06002,Min,Laurent,imp.06002@acme-corp.com,Sales,Analyst,L3,AU,2024-12-09,145591,AUD
IMP-06003,Kenji,Yang,imp.06003@acme-corp.com,Finance,Analyst,L6,PL,2017-01-02,180906,PLN
IMP-06004,Sung-min,Taylor,imp.06004@acme-corp.com,HR,Manager,L1,SE,2019-06-01,452743,SEK
IMP-06005,Sarah,Martinez,imp.06005@acme-corp.com,Operations,Manager,L3,MX,2024-09-10,635711,MXN
IMP-06006,Akiko,Garcia,imp.06006@acme-corp.com,Operations,Manager,L2,KR,2022-02-03,44829677,KRW
IMP-06007,Michael,Song,imp.06007@acme-corp.com,Engineering,Engineer,L4,DK,2019-06-04,719243,DKK
IMP-06008,Linda,Jung,imp.06008@acme-corp.com,Engineering,Engineer,L4,IN,2016-11-27,1838183,INR
IMP-06009,Susan,Yang,imp.06009@acme-corp.com,Sales,Analyst,L3,US,2023-01-09,190200,USD
IMP-06010,Sung-min,Garcia,imp.06010@acme-corp.com,HR,Manager,L3,CA,2020-11-24,139387,CAD
IMP-06011,Ahmed,Zhou,imp.06011@acme-corp.com,Operations,Manager,L6,CA,2015-08-30,157842,CAD
IMP-06012,Charles,Song,imp.06012@acme-corp.com,Engineering,Engineer,L3,ES,2023-01-02,76614,EUR
IMP-06013,Jessica,Anderson,imp.06013@acme-corp.com,Operations,Manager,L6,DK,2019-04-19,1106774,DKK
IMP-06014,Linda,Schulz,imp.06014@acme-corp.com,Finance,Analyst,L3,US,2023-05-10,199103,USD
IMP-06015,Sarah,Simon,imp.06015@acme-corp.com,Operations,Manager,L1,GB,2024-02-13,73356,GBP
IMP-06016,Mei,Kang,imp.06016@acme-corp.com,HR,Manager,L1,DE,2019-01-22,56007,EUR
IMP-06017,Fatima,Braun,imp.06017@acme-corp.com,Sales,Analyst,L6,US,2020-01-08,104452,USD
IMP-06018,Akiko,Gupta,imp.06018@acme-corp.com,Finance,Analyst,L2,PL,2024-04-30,167851,PLN
IMP-06019,Kenji,Wang,imp.06019@acme-corp.com,Sales,Analyst,L6,CH,2021-04-26,141161,CHF
IMP-06020,Layla,Davis,imp.06020@acme-corp.com,Engineering,Engineer,L3,GB,2024-11-03,119830,GBP
IMP-06021,Michael,Wilson,imp.06021@acme-corp.com,HR,Manager,L5,ES,2015-09-29,148845,EUR
IMP-06022,Ana,Yang,imp.06022@acme-corp.com,Operations,Manager,L4,IE,2022-12-30,119145,EUR
IMP-06023,Luis,Sharma,imp.06023@acme-corp.com,HR,Manager,L3,IN,2018-02-05,3815211,INR
IMP-06024,Elizabeth,Jones,imp.06024@acme-corp.com,Engineering,Engineer,L5,US,2017-05-31,60156,USD
IMP-06025,Elizabeth,Joshi,imp.06025@acme-corp.com,Engineering,Engineer,L4,TW,2017-06-09,1455441,TWD
IMP-06026,Sakura,Dupont,imp.06026@acme-corp.com,Finance,Analyst,L4,SG,2024-11-26,186138,SGD
IMP-06027,Arjun,Lee,imp.06027@acme-corp.com,Sales,Analyst,L5,SE,2024-01-23,964553,SEK
IMP-06028,Yuna,Johnson,imp.06028@acme-corp.com,Sales,Analyst,L1,GB,2024-09-29,103575,GBP
IMP-06029,Wei,Becker,imp.06029@acme-corp.com,Engineering,Engineer,L6,DK,2023-01-31,1078319,DKK
IMP-06030,Susan,Schmidt,imp.06030@acme-corp.com,Sales,Analyst,L4,US,2024-11-26,141134,USD
IMP-06031,Sarah,Johnson,imp.06031@acme-corp.com,Engineering,Engineer,L6,GB,2016-11-30,108736,GBP
IMP-06032,Liu,Huang,imp.06032@acme-corp.com,Finance,Analyst,L3,SG,2018-04-18,73383,SGD
IMP-06033,Isabel,Hoffmann,imp.06033@acme-corp.com,Finance,Analyst,L2,US,2023-10-26,182200,USD
IMP-06034,Omar,Kang,imp.06034@acme-corp.com,HR,Manager,L1,GB,2016-09-06,115027,GBP
IMP-06035,William,David,imp.06035@acme-corp.com,HR,Manager,L6,FR,2023-09-03,63789,EUR
IMP-06036,James,Roux,imp.06036@acme-corp.com,Engineering,Engineer,L6,AE,2019-07-14,313726,AED
IMP-06037,Fatima,Braun,imp.06037@acme-corp.com,HR,Manager,L6,NL,2023-12-31,95558,EUR
IMP-06038,David,Martin,imp.06038@acme-corp.com,Engineering,Engineer,L5,GB,2024-05-08,105070,GBP
IMP-06039,Susan,Wilson,imp.06039@acme-corp.com,Operations,Manager,L2,DE,2017-10-10,60694,EUR
IMP-06040,Isabel,Moore,imp.06040@acme-corp.com,Finance,Analyst,L4,ES,2024-12-27,138509,EUR
IMP-06041,Francisco,Hoffmann,imp.06041@acme-corp.com,HR,Manager,L2,GB,2024-07-31,134331,GBP
IMP-06042,Charles,Thomas,imp.06042@acme-corp.com,Finance,Analyst,L4,SG,2024-08-02,96693,SGD
IMP-06043,Barbara,Hernandez,imp.06043@acme-corp.com,HR,Manager,L5,DK,2021-02-14,448167,DKK
IMP-06044,Ibrahim,Han,imp.06044@acme-corp.com,Sales,Analyst,L3,IE,2024-07-08,122223,EUR
IMP-06045,Elizabeth,Park,imp.06045@acme-corp.com,Engineering,Engineer,L4,DK,2017-06-28,522555,DKK
IMP-06046,Jae-won,White,imp.06046@acme-corp.com,Finance,Analyst,L3,CA,2018-09-20,70415,CAD
IMP-06047,Fatima,Kang,imp.06047@acme-corp.com,Engineering,Engineer,L3,FR,2023-05-23,109009,EUR
IMP-06048,Hassan,Joshi,imp.06048@acme-corp.com,Engineering,Engineer,L2,DE,2018-06-10,52702,EUR
IMP-06049,Ibrahim,Brown,imp.06049@acme-corp.com,Engineering,Engineer,L2,IN,2022-01-07,865325,INR
IMP-06050,Patricia,Hoffmann,imp.06050@acme-corp.com,Engineering,Engineer,L3,US,2024-09-21,153429,USD
IMP-06051,Jae-won,Williams,imp.06051@acme-corp.com,Operations,Manager,L5,SG,2021-04-05,197882,SGD
IMP-06052,Yuna,Thomas,imp.06052@acme-corp.com,Finance,Analyst,L5,DE,2017-12-23,100316,EUR
IMP-06053,Ji-young,Simon,imp.06053@acme-corp.com,Sales,Analyst,L3,SG,2016-01-24,81517,SGD
IMP-06054,Sakura,Wu,imp.06054@acme-corp.com,Engineering,Engineer,L3,NL,2018-02-06,112439,EUR
IMP-06055,Yuki,Braun,imp.06055@acme-corp.com,Engineering,Engineer,L1,GB,2019-12-04,159750,GBP
IMP-06056,Nancy,Hernandez,imp.06056@acme-corp.com,Operations,Manager,L5,US,2024-02-19,81896,USD
IMP-06057,Sung-min,Müller,imp.06057@acme-corp.com,Operations,Manager,L3,US,2020-01-15,169187,USD
IMP-06058,Linda,Thomas,imp.06058@acme-corp.com,Engineering,Engineer,L3,IE,2018-08-31,67370,EUR
IMP-06059,Robert,Garcia,imp.06059@acme-corp.com,Sales,Analyst,L1,US,2017-01-04,63271,USD
IMP-06060,Hassan,Moore,imp.06060@acme-corp.com,Engineering,Engineer,L5,IE,2024-11-01,122299,EUR
IMP-06061,Fatima,Patel,imp.06061@acme-corp.com,Engineering,Engineer,L5,GB,2016-05-04,144789,GBP
IMP-06062,David,Martin,imp.06062@acme-corp.com,Engineering,Engineer,L6,IE,2021-05-17,60009,EUR
IMP-06063,Luis,Choi,imp.06063@acme-corp.com,Design,Designer,L4,US,2021-11-28,142104,USD
IMP-06064,Maria,Moore,imp.06064@acme-corp.com,Engineering,Engineer,L1,JP,2024-10-12,10225048,JPY
IMP-06065,Sung-min,Jackson,imp.06065@acme-corp.com,Operations,Manager,L1,JP,2015-12-09,16029086,JPY
IMP-06066,Michael,Bernard,imp.06066@acme-corp.com,Engineering,Engineer,L2,CA,2023-10-23,149973,CAD
IMP-06067,Sarah,Anderson,imp.06067@acme-corp.com,Engineering,Engineer,L4,US,2018-04-19,195224,USD
IMP-06068,Aisha,Wu,imp.06068@acme-corp.com,Finance,Analyst,L1,CA,2019-03-23,162488,CAD
IMP-06069,Yusuf,Thomas,imp.06069@acme-corp.com,Engineering,Engineer,L5,HK,2020-12-17,979950,HKD
IMP-06070,Sung-min,Li,imp.06070@acme-corp.com,Engineering,Engineer,L1,DE,2016-09-01,62754,EUR
IMP-06071,Mei,Hernandez,imp.06071@acme-corp.com,Sales,Analyst,L4,CA,2019-08-30,162922,CAD
IMP-06072,Joseph,Liu,imp.06072@acme-corp.com,Operations,Manager,L5,ZA,2023-10-16,1262925,ZAR
IMP-06073,Zhang,Davis,imp.06073@acme-corp.com,Finance,Analyst,L2,GB,2017-03-09,140601,GBP
IMP-06074,James,Martinez,imp.06074@acme-corp.com,Operations,Manager,L1,IN,2018-01-18,3076858,INR
IMP-06075,Jessica,Pillai,imp.06075@acme-corp.com,Engineering,Engineer,L2,AU,2021-06-26,186229,AUD
IMP-06076,Takeshi,Choi,imp.06076@acme-corp.com,Engineering,Engineer,L3,KR,2015-03-19,97887232,KRW
IMP-06077,Michael,Zhou,imp.06077@acme-corp.com,HR,Manager,L5,IN,2019-01-24,3293210,INR
IMP-06078,Robert,Martin,imp.06078@acme-corp.com,Sales,Analyst,L3,IN,2020-05-29,4436463,INR
IMP-06079,Akiko,Huang,imp.06079@acme-corp.com,Finance,Analyst,L3,US,2019-05-31,155266,USD
IMP-06080,Pedro,Garcia,imp.06080@acme-corp.com,Engineering,Engineer,L6,US,2023-03-02,190380,USD
IMP-06081,Pedro,Garcia,imp.06081@acme-corp.com,Finance,Analyst,L5,PL,2023-06-18,133249,PLN
IMP-06082,Isabel,Johnson,imp.06082@acme-corp.com,Operations,Manager,L6,GB,2016-10-09,144357,GBP
IMP-06083,Rahul,Brown,imp.06083@acme-corp.com,Operations,Manager,L5,CA,2019-12-09,148638,CAD
IMP-06084,Richard,Jackson,imp.06084@acme-corp.com,Engineering,Engineer,L1,DE,2015-11-25,72009,EUR
IMP-06085,Elizabeth,Miller,imp.06085@acme-corp.com,Engineering,Engineer,L3,US,2017-03-29,109430,USD
IMP-06086,Pedro,Kang,imp.06086@acme-corp.com,Operations,Manager,L4,TW,2021-01-19,2281705,TWD
IMP-06087,Jessica,Kumar,imp.06087@acme-corp.com,Operations,Manager,L5,KR,2019-12-14,44068922,KRW
IMP-06088,Hiroshi,Moore,imp.06088@acme-corp.com,Sales,Analyst,L5,ZA,2023-01-31,1189508,ZAR
IMP-06089,Hiroshi,Schulz,imp.06089@acme-corp.com,Operations,Manager,L1,IE,2021-11-30,107731,EUR
IMP-06090,Karen,Reddy,imp.06090@acme-corp.com,Sales,Analyst,L3,GB,2022-05-10,157910,GBP
IMP-06091,Francisco,Han,imp.06091@acme-corp.com,Engineering,Engineer,L1,DE,2022-11-23,135845,EUR
IMP-06092,Ji-young,Choi,imp.06092@acme-corp.com,Engineering,Engineer,L5,TW,2018-04-15,1485977,TWD
IMP-06093,Elizabeth,Moore,imp.06093@acme-corp.com,Finance,Analyst,L5,MX,2022-01-09,548118,MXN
IMP-06094,Elizabeth,Park,imp.06094@acme-corp.com,Finance,Analyst,L3,FR,2017-12-19,92494,EUR
IMP-06095,Barbara,Bernard,imp.06095@acme-corp.com,Finance,Analyst,L6,NL,2018-12-04,85343,EUR
IMP-06096,Hiroshi,Jackson,imp.06096@acme-corp.com,Finance,Analyst,L4,IN,2019-04-18,2539327,INR
IMP-06097,Charles,Wilson,imp.06097@acme-corp.com,Engineering,Engineer,L5,CH,2017-09-21,159221,CHF
IMP-06098,Michael,Lee,imp.06098@acme-corp.com,HR,Manager,L6,AE,2023-06-19,254484,AED
IMP-06099,Nancy,Jackson,imp.06099@acme-corp.com,Operations,Manager,L5,GB,2024-09-11,52855,GBP
IMP-06100,Robert,Patel,imp.06100@acme-corp.com,Operations,Manager,L2,IN,2022-05-17,2075573,INR
IMP-06101,Francisco,Hernandez,imp.06101@acme-corp.com,Engineering,Engineer,L1,ES,2023-03-27,110418,EUR
IMP-06102,Sung-min,Brown,imp.06102@acme-corp.com,Finance,Analyst,L3,HK,2024-10-12,353109,HKD
IMP-06103,Layla,Johnson,imp.06103@acme-corp.com,Engineering,Engineer,L3,MX,2021-02-11,951512,MXN
IMP-06104,Liu,Kim,imp.06104@acme-corp.com,Sales,Analyst,L2,AE,2018-02-11,159509,AED
IMP-06105,Barbara,Dupont,imp.06105@acme-corp.com,Finance,Analyst,L6,IN,2017-03-26,1063437,INR
IMP-06106,Kenji,Wang,imp.06106@acme-corp.com,Operations,Manager,L2,SE,2015-02-03,480376,SEK
IMP-06107,Luis,Lee,imp.06107@acme-corp.com,Finance,Analyst,L4,DE,2015-06-03,52420,EUR
IMP-06108,Robert,Nair,imp.06108@acme-corp.com,Engineering,Engineer,L3,US,2016-11-01,92567,USD
IMP-06109,William,Smith,imp.06109@acme-corp.com,Operations,Manager,L2,TW,2022-02-08,3361968,TWD
IMP-06110,Ahmed,Lee,imp.06110@acme-corp.com,HR,Manager,L5,US,2024-07-29,84509,USD
IMP-06111,Rosa,Hoffmann,imp.06111@acme-corp.com,Sales,Analyst,L1,US,2019-10-27,196112,USD
IMP-06112,Fatima,Davis,imp.06112@acme-corp.com,Engineering,Engineer,L5,NL,2023-07-03,94796,EUR
IMP-06113,Carmen,Jackson,imp.06113@acme-corp.com,Sales,Analyst,L2,NO,2015-04-21,556736,NOK
IMP-06114,Rahul,Huang,imp.06114@acme-corp.com,Operations,Manager,L1,DE,2024-09-19,52780,EUR
IMP-06115,Kenji,Jones,imp.06115@acme-corp.com,Engineering,Engineer,L5,AE,2023-02-23,388616,AED
IMP-06116,Richard,Jones,imp.06116@acme-corp.com,Finance,Analyst,L1,JP,2024-09-15,5030250,JPY
IMP-06117,Min,Xu,imp.06117@acme-corp.com,Finance,Analyst,L2,SG,2017-01-09,100534,SGD
IMP-06118,Karen,Smith,imp.06118@acme-corp.com,Sales,Analyst,L2,US,2021-03-21,62119,USD
IMP-06119,Chen,Lim,imp.06119@acme-corp.com,Operations,Manager,L6,FR,2020-11-22,105269,EUR
IMP-06120,Robert,Garcia,imp.06120@acme-corp.com,Finance,Analyst,L2,AE,2020-10-08,211755,AED
IMP-06121,Francisco,Patel,imp.06121@acme-corp.com,Engineering,Engineer,L2,IE,2021-08-25,139054,EUR
IMP-06122,Liu,Martin,imp.06122@acme-corp.com,Sales,Analyst,L6,TW,2021-09-13,1349352,TWD
IMP-06123,Layla,Wang,imp.06123@acme-corp.com,Engineering,Engineer,L5,AU,2023-11-05,180845,AUD
IMP-06124,Ibrahim,Davis,imp.06124@acme-corp.com,Engineering,Engineer,L2,ES,2016-07-24,62510,EUR
IMP-06125,Min,Reddy,imp.06125@acme-corp.com,Engineering,Engineer,L4,MX,2020-11-09,926595,MXN
IMP-06126,Chen,White,imp.06126@acme-corp.com,Engineering,Engineer,L5,NO,2019-01-01,766186,NOK
IMP-06127,Pedro,Simon,imp.06127@acme-corp.com,Design,Designer,L4,DE,2015-09-30,90914,EUR
IMP-06128,Kenji,Dupont,imp.06128@acme-corp.com,HR,Manager,L2,US,2016-04-15,164620,USD
IMP-06129,Ibrahim,Schulz,imp.06129@acme-corp.com,Engineering,Engineer,L6,IN,2017-09-05,3419470,INR
IMP-06130,Barbara,Han,imp.06130@acme-corp.com,Sales,Analyst,L5,FR,2022-11-18,127765,EUR
IMP-06131,Zhang,Richter,imp.06131@acme-corp.com,Operations,Manager,L4,SE,2023-06-22,782091,SEK
IMP-06132,Ananya,Martin,imp.06132@acme-corp.com,Operations,Manager,L2,DE,2023-03-11,69526,EUR
IMP-06133,Jose,White,imp.06133@acme-corp.com,HR,Manager,L1,AU,2023-12-14,154655,AUD
IMP-06134,Sarah,Weber,imp.06134@acme-corp.com,Operations,Manager,L3,GB,2024-08-02,100578,GBP
IMP-06135,Sung-min,Kim,imp.06135@acme-corp.com,HR,Manager,L5,NO,2024-01-12,458577,NOK
IMP-06136,Barbara,Wu,imp.06136@acme-corp.com,Engineering,Engineer,L6,DE,2020-01-04,119501,EUR
IMP-06137,Layla,Thompson,imp.06137@acme-corp.com,Sales,Analyst,L6,SG,2024-01-24,96806,SGD
IMP-06138,Linda,Bernard,imp.06138@acme-corp.com,HR,Manager,L5,CA,2024-02-02,108935,CAD
IMP-06139,Sung-min,Moreau,imp.06139@acme-corp.com,Finance,Analyst,L2,IE,2019-07-07,137925,EUR
IMP-06140,Fatima,Garcia,imp.06140@acme-corp.com,Operations,Manager,L4,TW,2020-03-14,2966297,TWD
IMP-06141,Rosa,Garcia,imp.06141@acme-corp.com,Sales,Analyst,L1,ES,2019-08-16,113483,EUR
IMP-06142,Takeshi,Han,imp.06142@acme-corp.com,Finance,Analyst,L5,CA,2017-07-27,78898,CAD
IMP-06143,Isabel,Fischer,imp.06143@acme-corp.com,Operations,Manager,L2,IN,2015-11-25,2914634,INR
IMP-06144,Nancy,Wu,imp.06144@acme-corp.com,Engineering,Engineer,L4,FR,2022-12-15,128579,EUR
IMP-06145,Wei,Huang,imp.06145@acme-corp.com,Engineering,Engineer,L4,US,2024-12-14,121371,USD
IMP-06146,David,Thompson,imp.06146@acme-corp.com,Operations,Manager,L2,KR,2020-06-08,72186231,KRW
IMP-06147,Susan,Chen,imp.06147@acme-corp.com,Engineering,Engineer,L1,GB,2021-09-01,135944,GBP
IMP-06148,Akiko,Thompson,imp.06148@acme-corp.com,Sales,Analyst,L6,US,2022-09-09,158318,USD
IMP-06149,Rosa,Kim,imp.06149@acme-corp.com,Engineering,Engineer,L4,ZA,2020-01-28,935614,ZAR
IMP-06150,Richard,Mehta,imp.06150@acme-corp.com,Sales,Analyst,L1,IE,2016-02-26,81672,EUR
IMP-06151,Chen,Mehta,imp.06151@acme-corp.com,Operations,Manager,L5,DE,2019-09-16,117274,EUR
IMP-06152,Luis,Singh,imp.06152@acme-corp.com,Finance,Analyst,L6,JP,2021-02-14,5873011,JPY
IMP-06153,Joseph,Dupont,imp.06153@acme-corp.com,Operations,Manager,L3,DK,2016-03-12,639008,DKK
IMP-06154,Linda,Taylor,imp.06154@acme-corp.com,Engineering,Engineer,L3,GB,2020-01-02,132083,GBP
IMP-06155,Francisco,Müller,imp.06155@acme-corp.com,Finance,Analyst,L3,CA,2018-05-07,95629,CAD
IMP-06156,Priya,Martinez,imp.06156@acme-corp.com,Engineering,Engineer,L4,CA,2021-09-02,72120,CAD
IMP-06157,Robert,Yang,imp.06157@acme-corp.com,Operations,Manager,L4,IN,2018-04-23,2924262,INR
IMP-06158,Ibrahim,Miller,imp.06158@acme-corp.com,Sales,Analyst,L4,US,2015-04-16,88091,USD
IMP-06159,Robert,Smith,imp.06159@acme-corp.com,Engineering,Engineer,L6,ES,2018-07-29,111239,EUR
IMP-06160,Thomas,Liu,imp.06160@acme-corp.com,Finance,Analyst,L2,DE,2016-09-04,56957,EUR
IMP-06161,Kenji,Müller,imp.06161@acme-corp.com,Engineering,Engineer,L6,US,2015-02-28,166875,USD
IMP-06162,Priya,Joshi,imp.06162@acme-corp.com,Engineering,Engineer,L4,JP,2024-09-28,9397316,JPY
IMP-06163,Joseph,Kim,imp.06163@acme-corp.com,Engineering,Engineer,L6,SE,2018-05-28,939207,SEK
IMP-06164,Mei,Fischer,imp.06164@acme-corp.com,Engineering,Engineer,L3,SE,2019-12-03,452417,SEK
IMP-06165,Charles,Yang,imp.06165@acme-corp.com,Engineering,Engineer,L2,PL,2016-05-24,118371,PLN
IMP-06166,Barbara,Choi,imp.06166@acme-corp.com,Engineering,Engineer,L1,CH,2022-10-27,130016,CHF
IMP-06167,Jessica,Jung,imp.06167@acme-corp.com,Engineering,Engineer,L6,FR,2017-03-01,69738,EUR
IMP-06168,Rosa,Miller,imp.06168@acme-corp.com,Engineering,Engineer,L1,FR,2023-11-15,127371,EUR
IMP-06169,Hassan,Martin,imp.06169@acme-corp.com,Engineering,Engineer,L2,PL,2021-09-10,178142,PLN
IMP-06170,Layla,Garcia,imp.06170@acme-corp.com,Sales,Analyst,L2,US,2017-06-26,169192,USD
IMP-06171,Ahmed,Thomas,imp.06171@acme-corp.com,Finance,Analyst,L3,ZA,2024-02-04,309005,ZAR
IMP-06172,Fatima,Patel,imp.06172@acme-corp.com,Sales,Analyst,L5,ZA,2015-03-30,490810,ZAR
IMP-06173,Zara,Yoon,imp.06173@acme-corp.com,Design,Designer,L3,CH,2019-11-29,119790,CHF
IMP-06174,Elizabeth,Singh,imp.06174@acme-corp.com,Engineering,Engineer,L3,TW,2020-08-15,3020809,TWD
IMP-06175,Patricia,Gupta,imp.06175@acme-corp.com,Sales,Analyst,L5,FR,2016-05-17,149707,EUR
IMP-06176,Hiroshi,Moreau,imp.06176@acme-corp.com,HR,Manager,L1,US,2020-05-18,128435,USD
IMP-06177,Linda,Sharma,imp.06177@acme-corp.com,Engineering,Engineer,L4,PL,2016-03-17,151071,PLN
IMP-06178,Kenji,Yang,imp.06178@acme-corp.com,Finance,Analyst,L2,DE,2022-07-04,88113,EUR
IMP-06179,Sakura,Martin,imp.06179@acme-corp.com,Sales,Analyst,L2,GB,2018-11-27,150523,GBP
IMP-06180,Charles,Braun,imp.06180@acme-corp.com,Engineering,Engineer,L5,DE,2020-09-07,131592,EUR
IMP-06181,Hiroshi,Hernandez,imp.06181@acme-corp.com,HR,Manager,L3,CA,2017-02-12,72888,CAD
IMP-06182,Robert,Lee,imp.06182@acme-corp.com,Operations,Manager,L1,CA,2017-12-27,106499,CAD
IMP-06183,Ji-young,Liu,imp.06183@acme-corp.com,Finance,Analyst,L1,TW,2021-09-15,1805127,TWD
IMP-06184,Robert,Liu,imp.06184@acme-corp.com,Operations,Manager,L1,MX,2019-04-25,754182,MXN
IMP-06185,Sakura,Bernard,imp.06185@acme-corp.com,Engineering,Engineer,L3,ZA,2023-07-18,531601,ZAR
IMP-06186,Karen,Moore,imp.06186@acme-corp.com,Engineering,Engineer,L2,DE,2021-12-31,58417,EUR
IMP-06187,Priya,Liu,imp.06187@acme-corp.com,Engineering,Engineer,L5,PL,2024-08-26,143409,PLN
IMP-06188,Rahul,Williams,imp.06188@acme-corp.com,Engineering,Engineer,L6,MX,2024-02-03,318856,MXN
IMP-06189,Pedro,Hernandez,imp.06189@acme-corp.com,Engineering,Engineer,L6,JP,2016-03-15,4084941,JPY
IMP-06190,Richard,Wu,imp.06190@acme-corp.com,HR,Manager,L4,PL,2024-12-19,88096,PLN
IMP-06191,Thomas,Pillai,imp.06191@acme-corp.com,Operations,Manager,L2,PL,2015-04-23,165692,PLN
IMP-06192,Charles,Singh,imp.06192@acme-corp.com,HR,Manager,L6,DE,2015-04-08,104540,EUR
IMP-06193,Jae-won,Lee,imp.06193@acme-corp.com,Engineering,Engineer,L5,FR,2016-09-04,132348,EUR
IMP-06194,James,Lee,imp.06194@acme-corp.com,HR,Manager,L2,DE,2023-02-22,92265,EUR
IMP-06195,Maria,Anderson,imp.06195@acme-corp.com,Operations,Manager,L2,MX,2017-07-05,660021,MXN
IMP-06196,Wei,Thomas,imp.06196@acme-corp.com,Sales,Analyst,L2,ZA,2021-06-29,844270,ZAR
IMP-06197,Arjun,Martinez,imp.06197@acme-corp.com,Engineering,Engineer,L6,CH,2021-09-20,92754,CHF
IMP-06198,Omar,Moore,imp.06198@acme-corp.com,Sales,Analyst,L2,NO,2020-02-03,591728,NOK
IMP-06199,James,Hoffmann,imp.06199@acme-corp.com,Finance,Analyst,L6,TW,2022-05-07,1930456,TWD
IMP-06200,Priya,Zhou,imp.06200@acme-corp.com,Sales,Analyst,L5,MX,2021-05-11,724961,MXN
IMP-06201,Isabel,Taylor,imp.06201@acme-corp.com,Engineering,Engineer,L1,US,2016-12-20,117910,USD
IMP-06202,James,Jones,imp.06202@acme-corp.com,Operations,Manager,L4,US,2016-10-01,129207,USD
IMP-06203,Francisco,Hernandez,imp.06203@acme-corp.com,Engineering,Engineer,L3,KR,2021-01-20,63251987,KRW
IMP-06204,Linda,Liu,imp.06204@acme-corp.com,Sales,Analyst,L2,CH,2017-04-09,98107,CHF
IMP-06205,Ananya,Brown,imp.06205@acme-corp.com,Finance,Analyst,L4,AE,2015-04-03,423437,AED
IMP-06206,Ananya,Park,imp.06206@acme-corp.com,HR,Manager,L5,AU,2017-05-14,111132,AUD
IMP-06207,Rosa,Johnson,imp.06207@acme-corp.com,Operations,Manager,L4,GB,2019-07-02,108908,GBP
IMP-06208,Hassan,Thomas,imp.06208@acme-corp.com,HR,Manager,L5,SG,2024-08-28,109058,SGD
IMP-06209,Ibrahim,Yoon,imp.06209@acme-corp.com,Finance,Analyst,L4,DE,2024-01-24,143908,EUR
IMP-06210,Patricia,Joshi,imp.06210@acme-corp.com,Sales,Analyst,L1,JP,2019-02-21,16406330,JPY
IMP-06211,Rahul,Anderson,imp.06211@acme-corp.com,HR,Manager,L3,KR,2019-02-22,48024124,KRW
IMP-06212,Mary,Nair,imp.06212@acme-corp.com,Sales,Analyst,L3,KR,2019-03-27,54234865,KRW
IMP-06213,Takeshi,Williams,imp.06213@acme-corp.com,Engineering,Engineer,L3,TW,2023-08-30,1751382,TWD
IMP-06214,Patricia,Hoffmann,imp.06214@acme-corp.com,Engineering,Engineer,L3,AU,2018-01-04,81827,AUD
IMP-06215,Jessica,Pillai,imp.06215@acme-corp.com,Engineering,Engineer,L5,US,2017-08-17,194051,USD
IMP-06216,Sung-min,Garcia,imp.06216@acme-corp.com,Engineering,Engineer,L2,GB,2023-03-09,138350,GBP
IMP-06217,Ana,Kim,imp.06217@acme-corp.com,Engineering,Engineer,L4,MX,2022-10-24,306382,MXN
IMP-06218,Aisha,Gupta,imp.06218@acme-corp.com,Engineering,Engineer,L1,DE,2016-03-07,95861,EUR
IMP-06219,Sarah,Weber,imp.06219@acme-corp.com,HR,Manager,L6,US,2021-05-17,201482,USD
IMP-06220,Pedro,Martinez,imp.06220@acme-corp.com,Engineering,Engineer,L6,SE,2024-02-11,984163,SEK
IMP-06221,Elizabeth,Simon,imp.06221@acme-corp.com,Engineering,Engineer,L6,SG,2018-02-22,173692,SGD
IMP-06222,Carlos,Huang,imp.06222@acme-corp.com,Sales,Analyst,L3,IN,2016-09-03,1607955,INR
IMP-06223,Jae-won,Jackson,imp.06223@acme-corp.com,Engineering,Engineer,L3,NO,2017-07-17,1346674,NOK
IMP-06224,Ji-young,Lim,imp.06224@acme-corp.com,Operations,Manager,L1,US,2020-07-26,192544,USD
IMP-06225,Ji-young,Anderson,imp.06225@acme-corp.com,Sales,Analyst,L1,AE,2021-02-19,486253,AED
IMP-06226,Rosa,Jones,imp.06226@acme-corp.com,Engineering,Engineer,L6,US,2017-08-07,122053,USD
IMP-06227,Jae-won,Wilson,imp.06227@acme-corp.com,Sales,Analyst,L5,NL,2019-10-15,141685,EUR
IMP-06228,Mary,Nair,imp.06228@acme-corp.com,Operations,Manager,L5,GB,2017-09-18,48371,GBP
IMP-06229,Carmen,Klein,imp.06229@acme-corp.com,Design,Designer,L6,CA,2016-12-28,65339,CAD
IMP-06230,Yuna,Joshi,imp.06230@acme-corp.com,Operations,Manager,L2,MX,2016-12-14,544916,MXN
IMP-06231,Jessica,Liu,imp.06231@acme-corp.com,Finance,Analyst,L2,US,2015-04-27,134554,USD
IMP-06232,Layla,Zhang,imp.06232@acme-corp.com,Operations,Manager,L2,NO,2020-05-20,959927,NOK
IMP-06233,Rahul,Schulz,imp.06233@acme-corp.com,Sales,Analyst,L1,DE,2017-03-28,65192,EUR
IMP-06234,Francisco,Mehta,imp.06234@acme-corp.com,Engineering,Engineer,L5,ES,2020-03-24,95974,EUR
IMP-06235,Rosa,Jackson,imp.06235@acme-corp.com,HR,Manager,L1,FR,2022-06-27,144066,EUR
IMP-06236,Yuna,Weber,imp.06236@acme-corp.com,Engineering,Engineer,L5,AE,2024-02-04,276831,AED
IMP-06237,Jessica,Nair,imp.06237@acme-corp.com,Operations,Manager,L6,KR,2016-04-27,42589889,KRW
IMP-06238,Aisha,Roux,imp.06238@acme-corp.com,Engineering,Engineer,L1,IN,2023-10-20,3515828,INR
IMP-06239,Zhang,Hoffmann,imp.06239@acme-corp.com,Sales,Analyst,L1,MX,2017-01-31,387294,MXN
IMP-06240,Fatima,Nair,imp.06240@acme-corp.com,Engineering,Engineer,L1,DK,2019-07-12,710094,DKK
IMP-06241,Rosa,Liu,imp.06241@acme-corp.com,Sales,Analyst,L6,DK,2020-04-18,1169481,DKK
IMP-06242,Yusuf,Bernard,imp.06242@acme-corp.com,HR,Manager,L3,AE,2022-03-15,530880,AED
IMP-06243,Maria,Martin,imp.06243@acme-corp.com,Engineering,Engineer,L3,AE,2022-03-19,540504,AED
IMP-06244,Mei,Mehta,imp.06244@acme-corp.com,Engineering,Engineer,L1,TW,2019-02-13,2807519,TWD
IMP-06245,Takeshi,Smith,imp.06245@acme-corp.com,Finance,Analyst,L3,CH,2020-05-05,109098,CHF
IMP-06246,Arjun,Thompson,imp.06246@acme-corp.com,HR,Manager,L5,NL,2016-03-13,74137,EUR
IMP-06247,Elizabeth,Kumar,imp.06247@acme-corp.com,Engineering,Engineer,L2,CA,2024-10-09,121356,CAD
IMP-06248,Carmen,Braun,imp.06248@acme-corp.com,HR,Manager,L5,FR,2015-06-04,117633,EUR
IMP-06249,Hiroshi,Pillai,imp.06249@acme-corp.com,Sales,Analyst,L3,SG,2018-04-23,127879,SGD
IMP-06250,Jae-won,Taylor,imp.06250@acme-corp.com,Sales,Analyst,L6,US,2021-06-27,107758,USD
IMP-06251,Richard,David,imp.06251@acme-corp.com,Engineering,Engineer,L3,SE,2023-11-29,780551,SEK
IMP-06252,Zara,Huang,imp.06252@acme-corp.com,Finance,Analyst,L5,TW,2015-04-20,2226851,TWD
IMP-06253,William,Yang,imp.06253@acme-corp.com,Finance,Analyst,L4,PL,2016-11-29,142492,PLN
IMP-06254,Chen,Hoffmann,imp.06254@acme-corp.com,Engineering,Engineer,L1,IN,2020-04-16,3563123,INR
IMP-06255,Rahul,Miller,imp.06255@acme-corp.com,Engineering,Engineer,L2,KR,2023-04-21,45179209,KRW
IMP-06256,Akiko,Yang,imp.06256@acme-corp.com,Engineering,Engineer,L4,ZA,2021-11-01,341538,ZAR
IMP-06257,Pedro,Han,imp.06257@acme-corp.com,Finance,Analyst,L6,CA,2023-10-16,87583,CAD
IMP-06258,Jose,Richter,imp.06258@acme-corp.com,Engineering,Engineer,L2,IN,2024-03-15,2187241,INR
IMP-06259,Richard,Jackson,imp.06259@acme-corp.com,Engineering,Engineer,L4,NO,2022-04-29,1028477,NOK
IMP-06260,Sarah,Smith,imp.06260@acme-corp.com,Finance,Analyst,L1,US,2016-05-19,150610,USD
IMP-06261,Zara,Davis,imp.06261@acme-corp.com,Operations,Manager,L5,DK,2017-05-01,696777,DKK
IMP-06262,Kenji,Taylor,imp.06262@acme-corp.com,Operations,Manager,L4,GB,2021-08-09,68504,GBP
IMP-06263,Liu,Müller,imp.06263@acme-corp.com,Finance,Analyst,L1,GB,2017-06-21,80599,GBP
IMP-06264,Patricia,Williams,imp.06264@acme-corp.com,HR,Manager,L3,AU,2020-06-25,162828,AUD
IMP-06265,Patricia,Li,imp.06265@acme-corp.com,HR,Manager,L5,MX,2019-06-20,814082,MXN
IMP-06266,David,Wang,imp.06266@acme-corp.com,Finance,Analyst,L6,DE,2019-11-02,94500,EUR
IMP-06267,David,Park,imp.06267@acme-corp.com,Operations,Manager,L2,US,2016-06-09,139581,USD
IMP-06268,Barbara,Martin,imp.06268@acme-corp.com,Sales,Analyst,L1,IN,2015-01-12,3135263,INR
IMP-06269,David,Pillai,imp.06269@acme-corp.com,Operations,Manager,L2,SG,2017-02-24,106723,SGD
IMP-06270,Liu,Thompson,imp.06270@acme-corp.com,Engineering,Engineer,L4,FR,2024-09-24,87109,EUR
IMP-06271,Chen,Kim,imp.06271@acme-corp.com,Engineering,Engineer,L6,GB,2017-07-05,127281,GBP
IMP-06272,William,Johnson,imp.06272@acme-corp.com,Engineering,Engineer,L2,IE,2016-01-22,71435,EUR
IMP-06273,Rahul,Anderson,imp.06273@acme-corp.com,Sales,Analyst,L3,NL,2022-06-06,80461,EUR
IMP-06274,Chen,Klein,imp.06274@acme-corp.com,Engineering,Engineer,L4,NO,2020-03-07,844101,NOK
IMP-06275,Jose,Zhang,imp.06275@acme-corp.com,HR,Manager,L2,DK,2022-04-14,1199574,DKK
IMP-06276,Liu,Pillai,imp.06276@acme-corp.com,HR,Manager,L5,FR,2023-06-03,106614,EUR
IMP-06277,Akiko,Han,imp.06277@acme-corp.com,HR,Manager,L5,US,2022-11-10,211948,USD
IMP-06278,Jae-won,Laurent,imp.06278@acme-corp.com,Engineering,Engineer,L6,MX,2019-10-26,741107,MXN
IMP-06279,Omar,Wu,imp.06279@acme-corp.com,Finance,Analyst,L4,SE,2023-05-22,558280,SEK
IMP-06280,Ahmed,Lee,imp.06280@acme-corp.com,Operations,Manager,L6,US,2023-01-30,175881,USD
IMP-06281,Hiroshi,Lim,imp.06281@acme-corp.com,Engineering,Engineer,L5,ZA,2023-03-10,1197340,ZAR
IMP-06282,Liu,Taylor,imp.06282@acme-corp.com,Sales,Analyst,L4,MX,2020-07-18,888663,MXN
IMP-06283,Charles,Yoon,imp.06283@acme-corp.com,Sales,Analyst,L6,DK,2018-01-25,693044,DKK
IMP-06284,Pedro,Huang,imp.06284@acme-corp.com,Sales,Analyst,L3,KR,2022-11-07,98589212,KRW
IMP-06285,Ananya,Davis,imp.06285@acme-corp.com,Sales,Analyst,L1,FR,2019-10-07,97008,EUR
IMP-06286,James,Kumar,imp.06286@acme-corp.com,Engineering,Engineer,L5,PL,2022-11-17,80547,PLN
IMP-06287,Yusuf,Xu,imp.06287@acme-corp.com,Engineering,Engineer,L1,GB,2015-06-09,152638,GBP
IMP-06288,Ji-young,Moore,imp.06288@acme-corp.com,HR,Manager,L1,US,2023-11-29,112562,USD
IMP-06289,William,Song,imp.06289@acme-corp.com,Design,Designer,L2,KR,2017-05-02,52229502,KRW
IMP-06290,Liu,Choi,imp.06290@acme-corp.com,Engineering,Engineer,L1,CA,2021-07-17,107065,CAD
IMP-06291,Susan,Jung,imp.06291@acme-corp.com,Finance,Analyst,L3,DK,2016-10-16,1149898,DKK
IMP-06292,Jae-won,Yang,imp.06292@acme-corp.com,Engineering,Engineer,L6,GB,2024-09-20,93077,GBP
IMP-06293,Patricia,Martinez,imp.06293@acme-corp.com,Operations,Manager,L4,DK,2017-06-16,745234,DKK
IMP-06294,Ananya,Yoon,imp.06294@acme-corp.com,HR,Manager,L1,MX,2017-07-26,456155,MXN
IMP-06295,Hassan,Thomas,imp.06295@acme-corp.com,Sales,Analyst,L4,ZA,2015-12-06,1294589,ZAR
IMP-06296,Zara,Yoon,imp.06296@acme-corp.com,Engineering,Engineer,L1,PL,2024-07-07,126856,PLN
IMP-06297,Michael,Martin,imp.06297@acme-corp.com,Design,Designer,L1,KR,2015-11-21,58955334,KRW
IMP-06298,David,Michel,imp.06298@acme-corp.com,Engineering,Engineer,L5,DK,2023-07-28,528011,DKK
IMP-06299,Arjun,Song,imp.06299@acme-corp.com,Engineering,Engineer,L5,ZA,2019-10-04,1237761,ZAR
IMP-06300,Hiroshi,Lim,imp.06300@acme-corp.com,Sales,Analyst,L1,IN,2024-06-11,1807802,INR
IMP-06301,Isabel,Mehta,imp.06301@acme-corp.com,Operations,Manager,L4,US,2016-03-27,107958,USD
IMP-06302,Sarah,Nair,imp.06302@acme-corp.com,Engineering,Engineer,L2,US,2017-10-18,121608,USD
IMP-06303,Ibrahim,Brown,imp.06303@acme-corp.com,Engineering,Engineer,L2,PL,2015-03-30,113518,PLN
IMP-06304,Carmen,Michel,imp.06304@acme-corp.com,Engineering,Engineer,L3,DK,2019-11-16,819521,DKK
IMP-06305,Robert,Wu,imp.06305@acme-corp.com,Engineering,Engineer,L5,ES,2023-06-10,146110,EUR
IMP-06306,Yuna,Braun,imp.06306@acme-corp.com,Operations,Manager,L6,IN,2017-02-03,2307755,INR
IMP-06307,Akiko,Kang,imp.06307@acme-corp.com,Engineering,Engineer,L2,CH,2021-10-02,102144,CHF
IMP-06308,Min,Nair,imp.06308@acme-corp.com,Sales,Analyst,L5,US,2019-01-11,112282,USD
IMP-06309,Patricia,Huang,imp.06309@acme-corp.com,Engineering,Engineer,L3,ZA,2019-04-22,1088938,ZAR
IMP-06310,Karen,Fischer,imp.06310@acme-corp.com,Sales,Analyst,L5,US,2020-08-06,98143,USD
IMP-06311,Charles,Garcia,imp.06311@acme-corp.com,Sales,Analyst,L3,US,2016-12-21,63052,USD
IMP-06312,Ibrahim,Reddy,imp.06312@acme-corp.com,Finance,Analyst,L3,US,2017-05-06,166870,USD
IMP-06313,Hiroshi,Simon,imp.06313@acme-corp.com,Sales,Analyst,L2,TW,2015-04-21,1252714,TWD
IMP-06314,Jessica,Richter,imp.06314@acme-corp.com,Engineering,Engineer,L4,TW,2021-03-14,2252591,TWD
IMP-06315,Aisha,Jones,imp.06315@acme-corp.com,Sales,Analyst,L1,ZA,2022-05-11,1435961,ZAR
IMP-06316,Chen,Taylor,imp.06316@acme-corp.com,Operations,Manager,L1,MX,2016-04-05,482625,MXN
IMP-06317,Hiroshi,Laurent,imp.06317@acme-corp.com,HR,Manager,L1,IN,2023-02-27,2520716,INR
IMP-06318,Arjun,Wu,imp.06318@acme-corp.com,Design,Designer,L3,MX,2021-01-14,734612,MXN
IMP-06319,Chen,Park,imp.06319@acme-corp.com,Operations,Manager,L5,DE,2019-05-01,117735,EUR
IMP-06320,Patricia,Davis,imp.06320@acme-corp.com,Operations,Manager,L3,TW,2018-03-28,1398209,TWD
IMP-06321,Jose,Wang,imp.06321@acme-corp.com,Engineering,Engineer,L5,HK,2017-04-16,874386,HKD
IMP-06322,Richard,David,imp.06322@acme-corp.com,Finance,Analyst,L3,DE,2021-02-13,101106,EUR
IMP-06323,Richard,Richter,imp.06323@acme-corp.com,Finance,Analyst,L6,GB,2015-08-24,158139,GBP
IMP-06324,Nancy,Roux,imp.06324@acme-corp.com,Engineering,Engineer,L1,IN,2020-08-02,3242064,INR
IMP-06325,David,Joshi,imp.06325@acme-corp.com,HR,Manager,L5,US,2022-02-22,148513,USD
IMP-06326,Thomas,Li,imp.06326@acme-corp.com,Operations,Manager,L3,JP,2019-04-14,8809644,JPY
IMP-06327,Karen,Wilson,imp.06327@acme-corp.com,Sales,Analyst,L4,SE,2023-11-05,681988,SEK
IMP-06328,Susan,Song,imp.06328@acme-corp.com,Operations,Manager,L6,CA,2019-07-11,158414,CAD
IMP-06329,Omar,Weber,imp.06329@acme-corp.com,Sales,Analyst,L2,CA,2018-03-24,93721,CAD
IMP-06330,Richard,Wu,imp.06330@acme-corp.com,Engineering,Engineer,L2,US,2022-08-13,84355,USD
IMP-06331,Kenji,Brown,imp.06331@acme-corp.com,Operations,Manager,L3,DE,2018-10-28,106646,EUR
IMP-06332,Thomas,Kumar,imp.06332@acme-corp.com,Operations,Manager,L5,MX,2020-08-05,603939,MXN
IMP-06333,Takeshi,Schmidt,imp.06333@acme-corp.com,Operations,Manager,L2,SE,2023-11-14,1162012,SEK
IMP-06334,Elizabeth,Zhou,imp.06334@acme-corp.com,Sales,Analyst,L2,IN,2020-07-18,3573893,INR
IMP-06335,Michael,Gupta,imp.06335@acme-corp.com,Sales,Analyst,L3,ZA,2018-03-05,977049,ZAR
IMP-06336,Ananya,Zhang,imp.06336@acme-corp.com,Design,Designer,L4,AE,2023-04-16,171080,AED
IMP-06337,Carmen,Huang,imp.06337@acme-corp.com,Engineering,Engineer,L3,DE,2016-06-03,124588,EUR
IMP-06338,Sakura,Roux,imp.06338@acme-corp.com,Engineering,Engineer,L3,IN,2018-03-31,4409964,INR
IMP-06339,Pedro,Simon,imp.06339@acme-corp.com,Engineering,Engineer,L1,GB,2021-06-17,95334,GBP
IMP-06340,Wei,Davis,imp.06340@acme-corp.com,Sales,Analyst,L1,SE,2017-11-15,726253,SEK
IMP-06341,Barbara,Song,imp.06341@acme-corp.com,HR,Manager,L5,AE,2022-11-10,468668,AED
IMP-06342,Pedro,Thompson,imp.06342@acme-corp.com,Sales,Analyst,L6,IN,2019-03-06,2003764,INR
IMP-06343,William,Smith,imp.06343@acme-corp.com,Engineering,Engineer,L2,CA,2018-02-16,124168,CAD
IMP-06344,Francisco,Michel,imp.06344@acme-corp.com,Engineering,Engineer,L6,FR,2015-07-27,128117,EUR
IMP-06345,Isabel,Jackson,imp.06345@acme-corp.com,Engineering,Engineer,L4,GB,2015-04-11,111510,GBP
IMP-06346,Takeshi,Martinez,imp.06346@acme-corp.com,Engineering,Engineer,L2,CH,2020-02-20,129781,CHF
IMP-06347,Pedro,Richter,imp.06347@acme-corp.com,Engineering,Engineer,L3,CH,2020-01-10,135670,CHF
IMP-06348,Karen,Kim,imp.06348@acme-corp.com,HR,Manager,L5,ZA,2022-04-12,776977,ZAR
IMP-06349,Jessica,Zhou,imp.06349@acme-corp.com,Sales,Analyst,L4,KR,2019-03-06,65488255,KRW
IMP-06350,James,Gupta,imp.06350@acme-corp.com,Finance,Analyst,L6,PL,2016-02-16,187088,PLN
IMP-06351,Zara,Jung,imp.06351@acme-corp.com,Design,Designer,L1,US,2017-06-17,136580,USD
IMP-06352,James,Zhang,imp.06352@acme-corp.com,HR,Manager,L3,GB,2021-06-09,104086,GBP
IMP-06353,Ahmed,Williams,imp.06353@acme-corp.com,Design,Designer,L4,ZA,2021-07-02,313889,ZAR
IMP-06354,Ji-young,White,imp.06354@acme-corp.com,HR,Manager,L5,AU,2016-07-10,189282,AUD
IMP-06355,Thomas,Moreau,imp.06355@acme-corp.com,Operations,Manager,L5,NL,2018-09-26,147220,EUR
IMP-06356,William,Yoon,imp.06356@acme-corp.com,Engineering,Engineer,L1,JP,2015-04-16,14093670,JPY
IMP-06357,Wei,Song,imp.06357@acme-corp.com,Engineering,Engineer,L6,AE,2018-01-21,302798,AED
IMP-06358,Rahul,Choi,imp.06358@acme-corp.com,Operations,Manager,L5,US,2019-10-12,218357,USD
IMP-06359,Yusuf,Jackson,imp.06359@acme-corp.com,Sales,Analyst,L2,US,2016-04-13,164566,USD
IMP-06360,Wei,Jackson,imp.06360@acme-corp.com,HR,Manager,L6,ES,2019-02-05,96277,EUR
IMP-06361,Carmen,Laurent,imp.06361@acme-corp.com,Engineering,Engineer,L2,AU,2023-10-22,142201,AUD
IMP-06362,Ananya,Patel,imp.06362@acme-corp.com,Engineering,Engineer,L1,US,2021-02-08,82604,USD
IMP-06363,Akiko,Garcia,imp.06363@acme-corp.com,Engineering,Engineer,L6,DE,2022-03-31,127753,EUR
IMP-06364,Ibrahim,Lee,imp.06364@acme-corp.com,Engineering,Engineer,L5,GB,2015-09-22,117802,GBP
IMP-06365,Thomas,Garcia,imp.06365@acme-corp.com,Engineering,Engineer,L5,HK,2019-07-11,369924,HKD
IMP-06366,Zhang,Becker,imp.06366@acme-corp.com,Engineering,Engineer,L5,DK,2023-11-18,865230,DKK
IMP-06367,Jessica,Park,imp.06367@acme-corp.com,HR,Manager,L2,SG,2024-06-20,96574,SGD
IMP-06368,Yusuf,Bernard,imp.06368@acme-corp.com,Finance,Analyst,L3,AE,2017-12-31,124747,AED
IMP-06369,Arjun,Jones,imp.06369@acme-corp.com,Finance,Analyst,L5,GB,2023-04-21,66807,GBP
IMP-06370,Fatima,Martinez,imp.06370@acme-corp.com,Sales,Analyst,L2,AE,2017-09-10,466979,AED
IMP-06371,Maria,Schulz,imp.06371@acme-corp.com,Finance,Analyst,L6,AE,2020-12-06,141438,AED
IMP-06372,Zara,Roux,imp.06372@acme-corp.com,Operations,Manager,L5,US,2018-03-17,69874,USD
IMP-06373,Jose,Hernandez,imp.06373@acme-corp.com,Engineering,Engineer,L6,DE,2022-06-08,65738,EUR
IMP-06374,Wei,Davis,imp.06374@acme-corp.com,Operations,Manager,L1,DK,2016-05-30,414032,DKK
IMP-06375,Joseph,Mehta,imp.06375@acme-corp.com,Engineering,Engineer,L1,CA,2017-01-11,91915,CAD
IMP-06376,Arjun,Thomas,imp.06376@acme-corp.com,Sales,Analyst,L5,ES,2018-07-23,97281,EUR
IMP-06377,Karen,Pillai,imp.06377@acme-corp.com,Operations,Manager,L6,DE,2020-11-18,135044,EUR
IMP-06378,Luis,David,imp.06378@acme-corp.com,Engineering,Engineer,L3,CA,2020-07-22,95212,CAD
IMP-06379,Susan,Park,imp.06379@acme-corp.com,Sales,Analyst,L6,GB,2016-05-10,49823,GBP
IMP-06380,Ana,Taylor,imp.06380@acme-corp.com,HR,Manager,L3,GB,2017-01-04,130760,GBP
IMP-06381,Mei,Michel,imp.06381@acme-corp.com,Finance,Analyst,L4,CH,2018-12-16,191009,CHF
IMP-06382,Jennifer,Dupont,imp.06382@acme-corp.com,Engineering,Engineer,L5,NO,2021-12-14,1255771,NOK
IMP-06383,Sakura,Hoffmann,imp.06383@acme-corp.com,Operations,Manager,L2,PL,2022-02-16,143521,PLN
IMP-06384,Rosa,Gupta,imp.06384@acme-corp.com,Engineering,Engineer,L4,JP,2020-02-02,16248746,JPY
IMP-06385,Chen,Martin,imp.06385@acme-corp.com,Finance,Analyst,L2,PL,2019-03-26,229306,PLN
IMP-06386,Liu,Garcia,imp.06386@acme-corp.com,Engineering,Engineer,L3,CA,2015-02-05,169592,CAD
IMP-06387,James,Lee,imp.06387@acme-corp.com,Engineering,Engineer,L4,US,2015-09-12,178444,USD
IMP-06388,Carlos,Han,imp.06388@acme-corp.com,Engineering,Engineer,L4,IN,2019-07-05,2626258,INR
IMP-06389,Charles,Yoon,imp.06389@acme-corp.com,Finance,Analyst,L5,DE,2016-11-04,119398,EUR
IMP-06390,Sung-min,Gupta,imp.06390@acme-corp.com,HR,Manager,L6,JP,2016-11-28,14002077,JPY
IMP-06391,Takeshi,Han,imp.06391@acme-corp.com,HR,Manager,L1,HK,2022-03-28,913489,HKD
IMP-06392,Sarah,Becker,imp.06392@acme-corp.com,Engineering,Engineer,L6,GB,2018-03-19,101273,GBP
IMP-06393,Jose,Moreau,imp.06393@acme-corp.com,Engineering,Engineer,L2,US,2023-11-29,167696,USD
IMP-06394,Pedro,Smith,imp.06394@acme-corp.com,Engineering,Engineer,L1,IN,2023-12-25,1253972,INR
IMP-06395,Linda,Joshi,imp.06395@acme-corp.com,Sales,Analyst,L2,IN,2015-02-21,2923957,INR
IMP-06396,Ibrahim,Martinez,imp.06396@acme-corp.com,Operations,Manager,L1,NL,2024-09-16,73260,EUR
IMP-06397,Richard,Chen,imp.06397@acme-corp.com,Finance,Analyst,L2,CA,2019-04-28,169186,CAD
IMP-06398,Ana,Müller,imp.06398@acme-corp.com,HR,Manager,L5,SE,2023-07-24,1122277,SEK
IMP-06399,Michael,Richter,imp.06399@acme-corp.com,Engineering,Engineer,L4,FR,2015-08-12,97742,EUR
IMP-06400,Susan,Han,imp.06400@acme-corp.com,Sales,Analyst,L5,NO,2019-03-08,750762,NOK
IMP-06401,Susan,Thompson,imp.06401@acme-corp.com,Engineering,Engineer,L5,SG,2017-02-07,153047,SGD
IMP-06402,Takeshi,Kumar,imp.06402@acme-corp.com,Finance,Analyst,L3,US,2023-05-15,168968,USD
IMP-06403,Sakura,Joshi,imp.06403@acme-corp.com,Sales,Analyst,L4,US,2020-08-30,152387,USD
IMP-06404,Sung-min,Lee,imp.06404@acme-corp.com,Operations,Manager,L5,SG,2018-08-07,100105,SGD
IMP-06405,Michael,Sharma,imp.06405@acme-corp.com,Finance,Analyst,L3,ZA,2018-07-01,1355701,ZAR
IMP-06406,Layla,Wu,imp.06406@acme-corp.com,HR,Manager,L6,IN,2019-08-09,3852669,INR
IMP-06407,Zara,Garcia,imp.06407@acme-corp.com,Finance,Analyst,L3,IN,2017-09-12,2555543,INR
IMP-06408,Ana,Fischer,imp.06408@acme-corp.com,Sales,Analyst,L4,PL,2019-04-24,221924,PLN
IMP-06409,Pedro,Wilson,imp.06409@acme-corp.com,Sales,Analyst,L2,SG,2016-10-19,146649,SGD
IMP-06410,Luis,Reddy,imp.06410@acme-corp.com,Engineering,Engineer,L6,KR,2015-08-26,78422139,KRW
IMP-06411,Joseph,Jackson,imp.06411@acme-corp.com,HR,Manager,L1,CA,2022-01-30,94160,CAD
IMP-06412,Luis,Garcia,imp.06412@acme-corp.com,Engineering,Engineer,L5,NO,2019-03-12,1250579,NOK
IMP-06413,Karen,Zhang,imp.06413@acme-corp.com,Engineering,Engineer,L2,US,2020-09-15,178707,USD
IMP-06414,Sakura,Liu,imp.06414@acme-corp.com,Sales,Analyst,L2,HK,2021-09-08,950299,HKD
IMP-06415,Priya,Martin,imp.06415@acme-corp.com,Finance,Analyst,L1,KR,2016-09-24,68792882,KRW
IMP-06416,Carmen,Sharma,imp.06416@acme-corp.com,Engineering,Engineer,L6,US,2015-03-19,119616,USD
IMP-06417,Aisha,Fischer,imp.06417@acme-corp.com,Engineering,Engineer,L4,TW,2023-07-24,1863119,TWD
IMP-06418,Jose,Williams,imp.06418@acme-corp.com,Engineering,Engineer,L6,GB,2020-12-09,149927,GBP
IMP-06419,Rahul,Moreau,imp.06419@acme-corp.com,Engineering,Engineer,L2,AE,2018-11-17,301708,AED
IMP-06420,Ahmed,Lee,imp.06420@acme-corp.com,Engineering,Engineer,L2,US,2020-08-10,215041,USD
IMP-06421,Ahmed,Roux,imp.06421@acme-corp.com,Operations,Manager,L6,HK,2019-09-16,633645,HKD
IMP-06422,Ahmed,Moreau,imp.06422@acme-corp.com,Engineering,Engineer,L1,JP,2022-08-30,17469885,JPY
IMP-06423,Aisha,Lim,imp.06423@acme-corp.com,Engineering,Engineer,L2,IN,2017-06-15,1248563,INR
IMP-06424,Joseph,Sharma,imp.06424@acme-corp.com,Engineering,Engineer,L5,US,2022-03-19,116145,USD
IMP-06425,Charles,Smith,imp.06425@acme-corp.com,Sales,Analyst,L2,CA,2017-05-30,102853,CAD
IMP-06426,Sarah,Braun,imp.06426@acme-corp.com,Engineering,Engineer,L1,DK,2017-06-23,1187626,DKK
IMP-06427,Patricia,Weber,imp.06427@acme-corp.com,HR,Manager,L3,HK,2023-05-08,607008,HKD
IMP-06428,David,Michel,imp.06428@acme-corp.com,Finance,Analyst,L2,DE,2019-09-10,96504,EUR
IMP-06429,Fatima,Michel,imp.06429@acme-corp.com,Sales,Analyst,L6,AE,2024-04-15,155037,AED
IMP-06430,Ana,Moreau,imp.06430@acme-corp.com,Finance,Analyst,L5,HK,2023-06-25,1036882,HKD
IMP-06431,Jae-won,Anderson,imp.06431@acme-corp.com,Sales,Analyst,L5,DK,2021-12-02,724375,DKK
IMP-06432,Sung-min,Mehta,imp.06432@acme-corp.com,Design,Designer,L1,SE,2022-09-26,531421,SEK
IMP-06433,Nancy,Park,imp.06433@acme-corp.com,HR,Manager,L5,DE,2021-08-29,72673,EUR
IMP-06434,Chen,Klein,imp.06434@acme-corp.com,Finance,Analyst,L4,DK,2023-08-09,1032548,DKK
IMP-06435,Yusuf,Klein,imp.06435@acme-corp.com,Engineering,Engineer,L6,GB,2019-09-02,63306,GBP
IMP-06436,Ji-young,Huang,imp.06436@acme-corp.com,HR,Manager,L1,US,2016-12-13,127810,USD
IMP-06437,Elizabeth,Kang,imp.06437@acme-corp.com,HR,Manager,L4,IN,2023-04-21,3993952,INR
IMP-06438,Arjun,Michel,imp.06438@acme-corp.com,Operations,Manager,L2,ES,2024-03-28,63913,EUR
IMP-06439,William,White,imp.06439@acme-corp.com,Engineering,Engineer,L3,US,2019-01-30,102930,USD
IMP-06440,Yuki,Mehta,imp.06440@acme-corp.com,Engineering,Engineer,L5,IE,2019-11-16,102386,EUR
IMP-06441,Elizabeth,David,imp.06441@acme-corp.com,Engineering,Engineer,L6,SG,2020-07-14,119645,SGD
IMP-06442,Charles,White,imp.06442@acme-corp.com,HR,Manager,L3,NO,2021-02-17,999793,NOK
IMP-06443,James,Wu,imp.06443@acme-corp.com,Design,Designer,L3,DK,2022-08-14,899778,DKK
IMP-06444,Carmen,Martin,imp.06444@acme-corp.com,HR,Manager,L6,JP,2017-03-05,16430006,JPY
IMP-06445,Patricia,Patel,imp.06445@acme-corp.com,Engineering,Engineer,L3,FR,2022-12-25,145471,EUR
IMP-06446,Rahul,Lee,imp.06446@acme-corp.com,Sales,Analyst,L2,US,2019-06-04,158685,USD
IMP-06447,Joseph,Richter,imp.06447@acme-corp.com,Sales,Analyst,L4,SG,2023-10-16,101299,SGD
IMP-06448,Rahul,Patel,imp.06448@acme-corp.com,Engineering,Engineer,L2,IE,2017-01-05,111621,EUR
IMP-06449,Robert,Kim,imp.06449@acme-corp.com,Engineering,Engineer,L2,GB,2020-08-16,137325,GBP
IMP-06450,Rosa,Kim,imp.06450@acme-corp.com,Engineering,Engineer,L5,CH,2020-05-04,193607,CHF
IMP-06451,Hassan,Wilson,imp.06451@acme-corp.com,Design,Designer,L3,CH,2024-10-24,114033,CHF
IMP-06452,Michael,Patel,imp.06452@acme-corp.com,Engineering,Engineer,L5,FR,2018-12-28,102051,EUR
IMP-06453,Hassan,Martinez,imp.06453@acme-corp.com,Engineering,Engineer,L6,CA,2015-02-17,169085,CAD
IMP-06454,Sakura,Smith,imp.06454@acme-corp.com,Finance,Analyst,L6,GB,2021-02-23,88481,GBP
IMP-06455,Ananya,Han,imp.06455@acme-corp.com,Sales,Analyst,L2,GB,2024-04-05,104237,GBP
IMP-06456,Aisha,Zhang,imp.06456@acme-corp.com,Engineering,Engineer,L6,IN,2020-08-21,2888502,INR
IMP-06457,Yuki,Sharma,imp.06457@acme-corp.com,Sales,Analyst,L5,PL,2022-09-30,121860,PLN
IMP-06458,Ana,Johnson,imp.06458@acme-corp.com,Engineering,Engineer,L2,US,2018-11-01,126944,USD
IMP-06459,Rosa,David,imp.06459@acme-corp.com,Engineering,Engineer,L3,NO,2015-05-03,1022951,NOK
IMP-06460,Hiroshi,Singh,imp.06460@acme-corp.com,HR,Manager,L4,DE,2021-07-14,86972,EUR
IMP-06461,Wei,Müller,imp.06461@acme-corp.com,Finance,Analyst,L1,DE,2020-02-28,103372,EUR
IMP-06462,Yuki,Lee,imp.06462@acme-corp.com,HR,Manager,L2,NO,2017-07-10,591545,NOK
IMP-06463,Thomas,Lee,imp.06463@acme-corp.com,Engineering,Engineer,L6,DK,2017-01-31,827067,DKK
IMP-06464,Richard,Zhou,imp.06464@acme-corp.com,Operations,Manager,L1,US,2022-06-07,144422,USD
IMP-06465,Rahul,Lee,imp.06465@acme-corp.com,Engineering,Engineer,L3,HK,2019-05-13,707160,HKD
IMP-06466,Sung-min,Singh,imp.06466@acme-corp.com,Operations,Manager,L2,DE,2022-09-09,125024,EUR
IMP-06467,Jennifer,Xu,imp.06467@acme-corp.com,Finance,Analyst,L4,FR,2016-02-22,106782,EUR
IMP-06468,Ana,Pillai,imp.06468@acme-corp.com,Operations,Manager,L3,DK,2024-12-19,1114887,DKK
IMP-06469,Sakura,Zhang,imp.06469@acme-corp.com,Sales,Analyst,L4,IN,2024-10-27,1143495,INR
IMP-06470,Barbara,Dupont,imp.06470@acme-corp.com,Sales,Analyst,L2,KR,2020-04-17,119971492,KRW
IMP-06471,Nancy,Chen,imp.06471@acme-corp.com,Engineering,Engineer,L4,KR,2017-08-17,116388605,KRW
IMP-06472,Sakura,Jackson,imp.06472@acme-corp.com,Engineering,Engineer,L5,JP,2016-07-13,10994955,JPY
IMP-06473,Sarah,Martin,imp.06473@acme-corp.com,Engineering,Engineer,L2,KR,2016-10-15,127045192,KRW
IMP-06474,Charles,Garcia,imp.06474@acme-corp.com,Sales,Analyst,L5,GB,2019-08-09,126246,GBP
IMP-06475,Takeshi,Richter,imp.06475@acme-corp.com,Engineering,Engineer,L1,DK,2024-04-30,494095,DKK
IMP-06476,Rosa,Anderson,imp.06476@acme-corp.com,HR,Manager,L5,ES,2022-02-15,138894,EUR
IMP-06477,Arjun,Lee,imp.06477@acme-corp.com,Engineering,Engineer,L1,FR,2021-08-04,76075,EUR
IMP-06478,Barbara,Pillai,imp.06478@acme-corp.com,Finance,Analyst,L5,NL,2023-08-14,140064,EUR
IMP-06479,Jessica,Xu,imp.06479@acme-corp.com,Engineering,Engineer,L1,SG,2016-03-17,158159,SGD
IMP-06480,Pedro,Dupont,imp.06480@acme-corp.com,Operations,Manager,L4,US,2024-09-08,137768,USD
IMP-06481,Sung-min,Sharma,imp.06481@acme-corp.com,Finance,Analyst,L1,PL,2021-08-09,126040,PLN
IMP-06482,Rosa,Joshi,imp.06482@acme-corp.com,Sales,Analyst,L2,FR,2016-07-04,87369,EUR
IMP-06483,Ji-young,Moore,imp.06483@acme-corp.com,Finance,Analyst,L4,HK,2019-11-04,427724,HKD
IMP-06484,Richard,Klein,imp.06484@acme-corp.com,Operations,Manager,L1,DE,2015-10-09,104852,EUR
IMP-06485,Susan,Kim,imp.06485@acme-corp.com,Sales,Analyst,L1,JP,2019-01-02,15005051,JPY
IMP-06486,Aisha,Weber,imp.06486@acme-corp.com,Sales,Analyst,L3,ZA,2021-12-10,311461,ZAR
IMP-06487,Zhang,Schulz,imp.06487@acme-corp.com,Design,Designer,L3,US,2020-08-11,115986,USD
IMP-06488,Hiroshi,Thomas,imp.06488@acme-corp.com,Operations,Manager,L5,PL,2016-07-03,74318,PLN
IMP-06489,Carlos,Becker,imp.06489@acme-corp.com,HR,Manager,L4,SE,2022-09-04,944591,SEK
IMP-06490,Liu,Yang,imp.06490@acme-corp.com,Sales,Analyst,L5,FR,2015-10-19,78835,EUR
IMP-06491,Kenji,Thomas,imp.06491@acme-corp.com,Engineering,Engineer,L6,SE,2019-09-13,1114856,SEK
IMP-06492,Zara,Martin,imp.06492@acme-corp.com,Sales,Analyst,L4,IN,2022-12-13,4353695,INR
IMP-06493,David,Taylor,imp.06493@acme-corp.com,Operations,Manager,L2,FR,2019-11-21,122638,EUR
IMP-06494,Wei,Schulz,imp.06494@acme-corp.com,Engineering,Engineer,L6,ES,2020-01-05,61807,EUR
IMP-06495,Yuki,Huang,imp.06495@acme-corp.com,Engineering,Engineer,L4,IN,2015-10-10,1828877,INR
IMP-06496,Barbara,Brown,imp.06496@acme-corp.com,Sales,Analyst,L4,IN,2018-03-22,1405688,INR
IMP-06497,Yuki,Kumar,imp.06497@acme-corp.com,Sales,Analyst,L1,NO,2015-02-01,1207569,NOK
IMP-06498,Barbara,Anderson,imp.06498@acme-corp.com,Finance,Analyst,L6,US,2022-07-09,167424,USD
IMP-06499,Jose,Martin,imp.06499@acme-corp.com,Sales,Analyst,L4,JP,2019-09-22,6029447,JPY
IMP-06500,Carmen,Joshi,imp.06500@acme-corp.com,Sales,Analyst,L4,PL,2024-08-26,208398,PLN
IMP-06501,Min,Schmidt,imp.06501@acme-corp.com,Operations,Manager,L5,US,2023-09-08,94874,USD
IMP-06502,Karen,Lee,imp.06502@acme-corp.com,Operations,Manager,L6,PL,2021-01-07,195543,PLN
IMP-06503,Thomas,Nair,imp.06503@acme-corp.com,HR,Manager,L4,SG,2018-04-28,190660,SGD
IMP-06504,Fatima,Thompson,imp.06504@acme-corp.com,Engineering,Engineer,L2,IE,2016-04-08,140399,EUR
IMP-06505,Fatima,Xu,imp.06505@acme-corp.com,HR,Manager,L3,NO,2018-07-07,545161,NOK
IMP-06506,Robert,Schulz,imp.06506@acme-corp.com,Sales,Analyst,L5,AE,2019-04-01,486817,AED
IMP-06507,Isabel,Wang,imp.06507@acme-corp.com,Engineering,Engineer,L1,US,2022-10-20,218306,USD
IMP-06508,Robert,Pillai,imp.06508@acme-corp.com,Engineering,Engineer,L5,DK,2015-10-29,481627,DKK
IMP-06509,Carlos,Moreau,imp.06509@acme-corp.com,Operations,Manager,L2,CH,2023-02-17,99232,CHF
IMP-06510,Zara,Liu,imp.06510@acme-corp.com,Engineering,Engineer,L2,IN,2016-03-14,3554484,INR
IMP-06511,Hiroshi,Kang,imp.06511@acme-corp.com,Engineering,Engineer,L1,DE,2018-04-17,133215,EUR
IMP-06512,Mary,Anderson,imp.06512@acme-corp.com,Finance,Analyst,L6,TW,2017-04-30,845446,TWD
IMP-06513,Priya,Liu,imp.06513@acme-corp.com,Operations,Manager,L3,GB,2023-11-29,133845,GBP
IMP-06514,Michael,Roux,imp.06514@acme-corp.com,Operations,Manager,L6,ZA,2021-03-06,338343,ZAR
IMP-06515,Karen,Klein,imp.06515@acme-corp.com,Operations,Manager,L6,ES,2020-02-05,114773,EUR
IMP-06516,Wei,Wang,imp.06516@acme-corp.com,Finance,Analyst,L1,KR,2023-03-23,129785975,KRW
IMP-06517,Karen,Jones,imp.06517@acme-corp.com,Finance,Analyst,L3,GB,2021-01-10,104865,GBP
IMP-06518,Patricia,Yoon,imp.06518@acme-corp.com,Engineering,Engineer,L6,JP,2021-10-07,7460696,JPY
IMP-06519,Carmen,Zhou,imp.06519@acme-corp.com,Design,Designer,L6,IN,2016-04-14,1610044,INR
IMP-06520,Maria,Richter,imp.06520@acme-corp.com,Engineering,Engineer,L4,SG,2023-06-27,103695,SGD
IMP-06521,Isabel,Hoffmann,imp.06521@acme-corp.com,HR,Manager,L6,IN,2024-01-31,3165676,INR
IMP-06522,Carlos,Jung,imp.06522@acme-corp.com,Operations,Manager,L2,JP,2023-05-31,5227359,JPY
IMP-06523,Sarah,Martin,imp.06523@acme-corp.com,Design,Designer,L1,FR,2020-08-31,65299,EUR
IMP-06524,Elizabeth,Moore,imp.06524@acme-corp.com,HR,Manager,L6,NO,2022-02-28,1125060,NOK
IMP-06525,Min,Becker,imp.06525@acme-corp.com,Engineering,Engineer,L6,US,2015-07-02,209760,USD
IMP-06526,Luis,Schulz,imp.06526@acme-corp.com,Operations,Manager,L1,GB,2024-04-18,81932,GBP
IMP-06527,Charles,Michel,imp.06527@acme-corp.com,Sales,Analyst,L5,DE,2023-02-26,134347,EUR
IMP-06528,Maria,Moreau,imp.06528@acme-corp.com,Engineering,Engineer,L6,MX,2020-02-08,1150722,MXN
IMP-06529,Wei,Moreau,imp.06529@acme-corp.com,Engineering,Engineer,L6,US,2017-01-11,174605,USD
IMP-06530,Thomas,Zhang,imp.06530@acme-corp.com,Engineering,Engineer,L1,US,2022-08-19,73699,USD
IMP-06531,Jessica,Johnson,imp.06531@acme-corp.com,Sales,Analyst,L2,JP,2018-11-18,13399074,JPY
IMP-06532,Zhang,Williams,imp.06532@acme-corp.com,Operations,Manager,L2,ES,2018-08-01,116358,EUR
IMP-06533,Rosa,Martinez,imp.06533@acme-corp.com,Engineering,Engineer,L2,NL,2022-08-26,93161,EUR
IMP-06534,Hiroshi,Thomas,imp.06534@acme-corp.com,Engineering,Engineer,L4,PL,2024-05-13,172239,PLN
IMP-06535,Takeshi,Kumar,imp.06535@acme-corp.com,Sales,Analyst,L2,AU,2022-05-30,131010,AUD
IMP-06536,Jose,Chen,imp.06536@acme-corp.com,Engineering,Engineer,L4,DE,2022-04-20,60291,EUR
IMP-06537,Francisco,Martin,imp.06537@acme-corp.com,Finance,Analyst,L6,ES,2024-11-05,145508,EUR
IMP-06538,Pedro,Hoffmann,imp.06538@acme-corp.com,Engineering,Engineer,L1,TW,2015-05-05,2061145,TWD
IMP-06539,Michael,Laurent,imp.06539@acme-corp.com,Engineering,Engineer,L4,GB,2017-09-18,79583,GBP
IMP-06540,Mary,Miller,imp.06540@acme-corp.com,Engineering,Engineer,L3,US,2020-02-03,207398,USD
IMP-06541,Isabel,Xu,imp.06541@acme-corp.com,Finance,Analyst,L3,US,2023-02-26,205605,USD
IMP-06542,Michael,Kang,imp.06542@acme-corp.com,Design,Designer,L1,US,2015-01-11,108956,USD
IMP-06543,Sung-min,Yang,imp.06543@acme-corp.com,Engineering,Engineer,L6,DK,2019-08-07,1009579,DKK
IMP-06544,Aisha,Laurent,imp.06544@acme-corp.com,Engineering,Engineer,L3,SG,2020-09-02,100761,SGD
IMP-06545,Susan,Hernandez,imp.06545@acme-corp.com,Sales,Analyst,L2,US,2022-04-27,81027,USD
IMP-06546,Yuki,Klein,imp.06546@acme-corp.com,Operations,Manager,L6,GB,2018-02-20,80438,GBP
IMP-06547,Maria,Li,imp.06547@acme-corp.com,Design,Designer,L1,CH,2024-06-20,116364,CHF
IMP-06548,Aisha,Roux,imp.06548@acme-corp.com,HR,Manager,L3,GB,2018-06-07,142593,GBP
IMP-06549,Pedro,Jung,imp.06549@acme-corp.com,Engineering,Engineer,L5,MX,2019-06-08,540980,MXN
IMP-06550,Thomas,Reddy,imp.06550@acme-corp.com,Engineering,Engineer,L1,US,2017-03-14,63288,USD
IMP-06551,Wei,Pillai,imp.06551@acme-corp.com,Engineering,Engineer,L2,ZA,2024-05-20,801156,ZAR
IMP-06552,Rahul,Schmidt,imp.06552@acme-corp.com,Operations,Manager,L3,SE,2023-06-11,433234,SEK
IMP-06553,Ibrahim,Garcia,imp.06553@acme-corp.com,Operations,Manager,L2,ZA,2023-06-04,1335571,ZAR
IMP-06554,Yusuf,Roux,imp.06554@acme-corp.com,Engineering,Engineer,L1,SE,2019-01-19,432130,SEK
IMP-06555,Thomas,Joshi,imp.06555@acme-corp.com,Engineering,Engineer,L6,DE,2016-05-15,61542,EUR
IMP-06556,Susan,Moore,imp.06556@acme-corp.com,Engineering,Engineer,L2,AU,2020-03-04,147712,AUD
IMP-06557,Akiko,Jones,imp.06557@acme-corp.com,Finance,Analyst,L1,JP,2020-02-15,8743735,JPY
IMP-06558,Elizabeth,Müller,imp.06558@acme-corp.com,Sales,Analyst,L3,US,2024-01-07,117149,USD
IMP-06559,Takeshi,Richter,imp.06559@acme-corp.com,Finance,Analyst,L1,GB,2021-10-23,97148,GBP
IMP-06560,Aisha,Lee,imp.06560@acme-corp.com,Engineering,Engineer,L6,AU,2024-07-28,103439,AUD
IMP-06561,Linda,Jackson,imp.06561@acme-corp.com,Sales,Analyst,L4,SG,2019-09-03,126593,SGD
IMP-06562,Sarah,Gupta,imp.06562@acme-corp.com,Engineering,Engineer,L3,PL,2024-02-14,236970,PLN
IMP-06563,Ibrahim,Jung,imp.06563@acme-corp.com,Sales,Analyst,L4,US,2022-11-07,157147,USD
IMP-06564,Yuna,Yoon,imp.06564@acme-corp.com,Engineering,Engineer,L6,HK,2016-07-05,946009,HKD
IMP-06565,Patricia,Schulz,imp.06565@acme-corp.com,Engineering,Engineer,L6,NO,2021-09-02,608979,NOK
IMP-06566,Mei,Lee,imp.06566@acme-corp.com,Design,Designer,L3,US,2022-05-12,97809,USD
IMP-06567,Jose,Song,imp.06567@acme-corp.com,Engineering,Engineer,L4,AE,2019-01-09,415814,AED
IMP-06568,Jae-won,Li,imp.06568@acme-corp.com,Engineering,Engineer,L5,HK,2022-12-11,412189,HKD
IMP-06569,Francisco,Nair,imp.06569@acme-corp.com,Engineering,Engineer,L5,SG,2017-02-12,145222,SGD
IMP-06570,Ananya,Singh,imp.06570@acme-corp.com,Engineering,Engineer,L3,FR,2019-12-11,77404,EUR
IMP-06571,Carmen,White,imp.06571@acme-corp.com,Finance,Analyst,L6,CH,2015-09-23,194961,CHF
IMP-06572,Rosa,Moore,imp.06572@acme-corp.com,Finance,Analyst,L2,TW,2024-08-08,2622731,TWD
IMP-06573,David,Fischer,imp.06573@acme-corp.com,Sales,Analyst,L3,AE,2020-02-18,424146,AED
IMP-06574,Aisha,Johnson,imp.06574@acme-corp.com,Engineering,Engineer,L5,US,2017-03-27,217390,USD
IMP-06575,Wei,Laurent,imp.06575@acme-corp.com,Design,Designer,L2,ZA,2015-03-10,1315163,ZAR
IMP-06576,Ana,Wilson,imp.06576@acme-corp.com,Operations,Manager,L1,FR,2018-01-16,113553,EUR
IMP-06577,Pedro,Pillai,imp.06577@acme-corp.com,Engineering,Engineer,L4,AE,2016-09-02,522339,AED
IMP-06578,Liu,Anderson,imp.06578@acme-corp.com,Operations,Manager,L5,JP,2015-05-26,15625120,JPY
IMP-06579,Arjun,Singh,imp.06579@acme-corp.com,Engineering,Engineer,L6,FR,2015-06-27,71873,EUR
IMP-06580,Zara,Sharma,imp.06580@acme-corp.com,Operations,Manager,L2,DE,2015-03-03,135327,EUR
IMP-06581,Jessica,Hoffmann,imp.06581@acme-corp.com,Design,Designer,L2,IE,2020-10-07,73009,EUR
IMP-06582,Mei,Mehta,imp.06582@acme-corp.com,Operations,Manager,L6,IE,2021-04-02,97967,EUR
IMP-06583,Barbara,Laurent,imp.06583@acme-corp.com,HR,Manager,L4,NO,2016-10-04,1357928,NOK
IMP-06584,Zhang,Park,imp.06584@acme-corp.com,Operations,Manager,L2,HK,2015-09-25,375017,HKD
IMP-06585,Richard,Singh,imp.06585@acme-corp.com,Operations,Manager,L2,US,2020-09-01,159074,USD
IMP-06586,Sung-min,David,imp.06586@acme-corp.com,Operations,Manager,L3,US,2023-11-02,128289,USD
IMP-06587,William,Taylor,imp.06587@acme-corp.com,Engineering,Engineer,L3,ZA,2019-03-18,859583,ZAR
IMP-06588,Sarah,Yoon,imp.06588@acme-corp.com,Engineering,Engineer,L3,IE,2022-12-12,85047,EUR
IMP-06589,Karen,Taylor,imp.06589@acme-corp.com,Design,Designer,L1,KR,2023-12-10,71544861,KRW
IMP-06590,Akiko,Fischer,imp.06590@acme-corp.com,Sales,Analyst,L5,ZA,2024-05-19,1178463,ZAR
IMP-06591,James,Jackson,imp.06591@acme-corp.com,Engineering,Engineer,L1,NL,2018-03-19,70267,EUR
IMP-06592,Pedro,Taylor,imp.06592@acme-corp.com,Operations,Manager,L6,US,2023-09-07,216623,USD
IMP-06593,Omar,Thomas,imp.06593@acme-corp.com,Sales,Analyst,L5,US,2015-03-07,129575,USD
IMP-06594,Isabel,Zhang,imp.06594@acme-corp.com,Finance,Analyst,L3,AU,2019-06-05,168235,AUD
IMP-06595,Chen,Song,imp.06595@acme-corp.com,Engineering,Engineer,L4,TW,2020-02-06,2083959,TWD
IMP-06596,Layla,Reddy,imp.06596@acme-corp.com,Engineering,Engineer,L4,US,2024-10-17,153617,USD
IMP-06597,Hassan,Jones,imp.06597@acme-corp.com,Engineering,Engineer,L3,FR,2024-08-03,110415,EUR
IMP-06598,Yuki,Miller,imp.06598@acme-corp.com,Engineering,Engineer,L3,MX,2019-11-19,1035426,MXN
IMP-06599,Charles,Kim,imp.06599@acme-corp.com,Engineering,Engineer,L6,HK,2021-10-07,345394,HKD
IMP-06600,Ananya,Sharma,imp.06600@acme-corp.com,Sales,Analyst,L4,MX,2020-10-11,539726,MXN
IMP-06601,Patricia,Müller,imp.06601@acme-corp.com,HR,Manager,L6,CA,2015-01-14,135642,CAD
IMP-06602,Carmen,Laurent,imp.06602@acme-corp.com,Operations,Manager,L2,SG,2023-04-22,181767,SGD
IMP-06603,Chen,Reddy,imp.06603@acme-corp.com,Finance,Analyst,L3,AE,2015-08-16,298054,AED
IMP-06604,Nancy,Yang,imp.06604@acme-corp.com,Sales,Analyst,L4,GB,2017-09-09,96086,GBP
IMP-06605,Kenji,Michel,imp.06605@acme-corp.com,Engineering,Engineer,L1,MX,2016-05-07,1092382,MXN
IMP-06606,Robert,Michel,imp.06606@acme-corp.com,Finance,Analyst,L6,DE,2017-10-09,72729,EUR
IMP-06607,Isabel,Xu,imp.06607@acme-corp.com,Engineering,Engineer,L3,AU,2023-08-16,128066,AUD
IMP-06608,Isabel,Singh,imp.06608@acme-corp.com,Engineering,Engineer,L3,HK,2020-09-24,854229,HKD
IMP-06609,Mary,Park,imp.06609@acme-corp.com,Operations,Manager,L1,AU,2023-08-24,171730,AUD
IMP-06610,Arjun,Kumar,imp.06610@acme-corp.com,Engineering,Engineer,L1,DK,2016-01-07,1060793,DKK
IMP-06611,Yuna,Lee,imp.06611@acme-corp.com,Sales,Analyst,L4,US,2022-10-20,198072,USD
IMP-06612,Zhang,Liu,imp.06612@acme-corp.com,Engineering,Engineer,L3,NO,2023-04-08,801083,NOK
IMP-06613,Elizabeth,Singh,imp.06613@acme-corp.com,Engineering,Engineer,L4,IN,2020-08-18,3568658,INR
IMP-06614,Jessica,Chen,imp.06614@acme-corp.com,Finance,Analyst,L1,MX,2024-12-17,400188,MXN
IMP-06615,Ibrahim,Chen,imp.06615@acme-corp.com,Operations,Manager,L1,AE,2018-02-14,232447,AED
IMP-06616,Priya,Wang,imp.06616@acme-corp.com,Design,Designer,L1,NL,2019-03-13,114328,EUR
IMP-06617,Sakura,Huang,imp.06617@acme-corp.com,Sales,Analyst,L5,CA,2021-07-24,162908,CAD
IMP-06618,Mei,Hernandez,imp.06618@acme-corp.com,Operations,Manager,L6,GB,2017-02-11,55495,GBP
IMP-06619,Min,Michel,imp.06619@acme-corp.com,Operations,Manager,L5,IN,2015-06-19,2607566,INR
IMP-06620,Robert,Thompson,imp.06620@acme-corp.com,Engineering,Engineer,L3,AU,2024-08-01,115085,AUD
IMP-06621,Carlos,Singh,imp.06621@acme-corp.com,Sales,Analyst,L5,DE,2020-09-04,140425,EUR
IMP-06622,Ana,Laurent,imp.06622@acme-corp.com,Sales,Analyst,L3,FR,2022-09-11,128581,EUR
IMP-06623,Wei,Jung,imp.06623@acme-corp.com,Engineering,Engineer,L2,AU,2018-05-01,100594,AUD
IMP-06624,Priya,Han,imp.06624@acme-corp.com,Finance,Analyst,L4,CH,2019-05-14,128297,CHF
IMP-06625,Mary,Williams,imp.06625@acme-corp.com,Operations,Manager,L1,AU,2015-09-15,167013,AUD
IMP-06626,Aisha,Roux,imp.06626@acme-corp.com,Engineering,Engineer,L3,IN,2020-05-26,1910476,INR
IMP-06627,James,Taylor,imp.06627@acme-corp.com,Engineering,Engineer,L4,KR,2016-06-20,98396628,KRW
IMP-06628,Priya,Wu,imp.06628@acme-corp.com,Engineering,Engineer,L5,DE,2018-10-30,70901,EUR
IMP-06629,Yuna,Simon,imp.06629@acme-corp.com,Engineering,Engineer,L2,CH,2022-05-28,147633,CHF
IMP-06630,Zara,Schulz,imp.06630@acme-corp.com,Sales,Analyst,L4,NO,2018-02-08,646514,NOK
IMP-06631,Robert,Bernard,imp.06631@acme-corp.com,Engineering,Engineer,L6,ES,2021-12-13,52180,EUR
IMP-06632,William,Klein,imp.06632@acme-corp.com,Finance,Analyst,L5,GB,2021-05-11,117872,GBP
IMP-06633,Arjun,David,imp.06633@acme-corp.com,Finance,Analyst,L1,DK,2016-12-26,1041884,DKK
IMP-06634,Sakura,Moreau,imp.06634@acme-corp.com,Engineering,Engineer,L6,HK,2015-11-22,991755,HKD
IMP-06635,Robert,Li,imp.06635@acme-corp.com,Engineering,Engineer,L5,PL,2023-03-14,238067,PLN
IMP-06636,Carmen,Anderson,imp.06636@acme-corp.com,Engineering,Engineer,L2,IE,2023-12-20,91019,EUR
IMP-06637,Zara,Kumar,imp.06637@acme-corp.com,Engineering,Engineer,L4,FR,2019-06-06,62299,EUR
IMP-06638,Ibrahim,Simon,imp.06638@acme-corp.com,Sales,Analyst,L3,JP,2018-04-12,5695192,JPY
IMP-06639,Jennifer,Davis,imp.06639@acme-corp.com,Sales,Analyst,L3,AU,2018-05-03,115239,AUD
IMP-06640,Wei,Miller,imp.06640@acme-corp.com,Operations,Manager,L6,AU,2018-12-07,167443,AUD
IMP-06641,Luis,Taylor,imp.06641@acme-corp.com,Design,Designer,L3,TW,2019-02-12,2890859,TWD
IMP-06642,Aisha,Kim,imp.06642@acme-corp.com,Operations,Manager,L2,CA,2017-11-02,140387,CAD
IMP-06643,Zhang,Lim,imp.06643@acme-corp.com,Engineering,Engineer,L4,US,2018-08-14,79138,USD
IMP-06644,Mary,Kang,imp.06644@acme-corp.com,Operations,Manager,L5,GB,2023-09-13,154233,GBP
IMP-06645,Priya,Taylor,imp.06645@acme-corp.com,Engineering,Engineer,L5,AU,2019-04-11,162826,AUD
IMP-06646,Patricia,Thompson,imp.06646@acme-corp.com,Engineering,Engineer,L4,JP,2021-10-11,14684791,JPY
IMP-06647,Sarah,Wang,imp.06647@acme-corp.com,Operations,Manager,L4,SG,2022-08-22,170346,SGD
IMP-06648,Elizabeth,Yang,imp.06648@acme-corp.com,Sales,Analyst,L5,TW,2016-12-07,3422811,TWD
IMP-06649,Ibrahim,Nair,imp.06649@acme-corp.com,Engineering,Engineer,L4,US,2016-06-29,110319,USD
IMP-06650,Nancy,Thomas,imp.06650@acme-corp.com,Finance,Analyst,L4,ES,2024-06-27,57296,EUR
IMP-06651,Sakura,Kim,imp.06651@acme-corp.com,Operations,Manager,L4,US,2023-05-24,142516,USD
IMP-06652,Susan,Smith,imp.06652@acme-corp.com,Engineering,Engineer,L4,US,2019-08-03,128920,USD
IMP-06653,Kenji,Sharma,imp.06653@acme-corp.com,Sales,Analyst,L1,SG,2023-02-02,177242,SGD
IMP-06654,Hassan,White,imp.06654@acme-corp.com,Sales,Analyst,L3,DE,2018-12-01,99250,EUR
IMP-06655,Zhang,Pillai,imp.06655@acme-corp.com,Sales,Analyst,L3,DE,2015-05-22,71370,EUR
IMP-06656,Rahul,Anderson,imp.06656@acme-corp.com,Operations,Manager,L2,MX,2019-05-29,546421,MXN
IMP-06657,James,Reddy,imp.06657@acme-corp.com,Operations,Manager,L6,NO,2019-06-12,935278,NOK
IMP-06658,William,Lee,imp.06658@acme-corp.com,Engineering,Engineer,L6,DE,2016-07-10,112012,EUR
IMP-06659,Francisco,Martinez,imp.06659@acme-corp.com,Sales,Analyst,L4,SG,2024-02-14,169683,SGD
IMP-06660,Mary,Thompson,imp.06660@acme-corp.com,Finance,Analyst,L1,NO,2023-10-12,559325,NOK
IMP-06661,Francisco,Wilson,imp.06661@acme-corp.com,Engineering,Engineer,L1,MX,2022-04-28,631637,MXN
IMP-06662,Omar,Martin,imp.06662@acme-corp.com,Design,Designer,L5,ZA,2016-09-20,1241051,ZAR
IMP-06663,Sarah,Zhou,imp.06663@acme-corp.com,Finance,Analyst,L6,NL,2016-11-25,113792,EUR
IMP-06664,Carmen,Patel,imp.06664@acme-corp.com,Operations,Manager,L6,JP,2023-09-20,17593644,JPY
IMP-06665,Francisco,White,imp.06665@acme-corp.com,HR,Manager,L6,GB,2015-07-26,76129,GBP
IMP-06666,Jae-won,Choi,imp.06666@acme-corp.com,Finance,Analyst,L6,US,2019-11-10,200191,USD
IMP-06667,Ananya,Jackson,imp.06667@acme-corp.com,Finance,Analyst,L6,GB,2018-10-22,83916,GBP
IMP-06668,Elizabeth,Klein,imp.06668@acme-corp.com,Finance,Analyst,L2,US,2017-03-31,91519,USD
IMP-06669,Barbara,Han,imp.06669@acme-corp.com,HR,Manager,L4,PL,2024-12-10,247654,PLN
IMP-06670,Yuki,Bernard,imp.06670@acme-corp.com,Engineering,Engineer,L3,AU,2023-02-07,187949,AUD
IMP-06671,Hiroshi,Reddy,imp.06671@acme-corp.com,HR,Manager,L3,FR,2017-04-15,69456,EUR
IMP-06672,Yuki,Richter,imp.06672@acme-corp.com,Engineering,Engineer,L6,GB,2021-05-21,72832,GBP
IMP-06673,Ji-young,Bernard,imp.06673@acme-corp.com,Operations,Manager,L4,NO,2022-07-08,793763,NOK
IMP-06674,Joseph,Zhang,imp.06674@acme-corp.com,HR,Manager,L1,IE,2016-06-22,80925,EUR
IMP-06675,Patricia,Li,imp.06675@acme-corp.com,Sales,Analyst,L4,US,2020-12-30,188692,USD
IMP-06676,Yuki,Anderson,imp.06676@acme-corp.com,Operations,Manager,L4,CA,2019-07-28,121432,CAD
IMP-06677,Wei,Michel,imp.06677@acme-corp.com,Operations,Manager,L6,US,2018-04-03,194551,USD
IMP-06678,Sakura,Thompson,imp.06678@acme-corp.com,Engineering,Engineer,L6,US,2016-08-25,191097,USD
IMP-06679,David,Choi,imp.06679@acme-corp.com,Engineering,Engineer,L4,CH,2019-11-17,167847,CHF
IMP-06680,Mary,Hoffmann,imp.06680@acme-corp.com,Sales,Analyst,L1,GB,2022-11-19,105846,GBP
IMP-06681,Pedro,Kang,imp.06681@acme-corp.com,Engineering,Engineer,L1,US,2021-09-11,68712,USD
IMP-06682,Mary,Xu,imp.06682@acme-corp.com,Engineering,Engineer,L5,DE,2022-03-10,76976,EUR
IMP-06683,Carlos,Nair,imp.06683@acme-corp.com,Engineering,Engineer,L2,ES,2024-05-25,85429,EUR
IMP-06684,Thomas,Mehta,imp.06684@acme-corp.com,Sales,Analyst,L4,DE,2024-06-03,132621,EUR
IMP-06685,Carmen,Smith,imp.06685@acme-corp.com,Sales,Analyst,L3,JP,2022-10-12,11850041,JPY
IMP-06686,Karen,Anderson,imp.06686@acme-corp.com,Engineering,Engineer,L2,GB,2015-04-01,79305,GBP
IMP-06687,Nancy,Davis,imp.06687@acme-corp.com,Operations,Manager,L1,US,2015-01-31,142770,USD
IMP-06688,Omar,Martin,imp.06688@acme-corp.com,Finance,Analyst,L1,US,2016-01-25,188937,USD
IMP-06689,Maria,Joshi,imp.06689@acme-corp.com,HR,Manager,L3,DE,2019-04-06,105898,EUR
IMP-06690,Wei,Schulz,imp.06690@acme-corp.com,HR,Manager,L2,IE,2015-04-02,109806,EUR
IMP-06691,Akiko,Nair,imp.06691@acme-corp.com,Operations,Manager,L4,SG,2022-07-21,92308,SGD
IMP-06692,Ibrahim,Roux,imp.06692@acme-corp.com,Sales,Analyst,L4,SE,2023-04-17,948144,SEK
IMP-06693,Mei,Pillai,imp.06693@acme-corp.com,Sales,Analyst,L1,IE,2020-01-08,95042,EUR
IMP-06694,Yusuf,Martin,imp.06694@acme-corp.com,Engineering,Engineer,L6,DE,2020-07-16,73762,EUR
IMP-06695,Carlos,Moreau,imp.06695@acme-corp.com,Operations,Manager,L4,ZA,2015-12-28,1267733,ZAR
IMP-06696,Aisha,Taylor,imp.06696@acme-corp.com,Finance,Analyst,L1,ES,2015-01-30,100734,EUR
IMP-06697,Francisco,Becker,imp.06697@acme-corp.com,HR,Manager,L3,DE,2015-12-27,104470,EUR
IMP-06698,Min,Martin,imp.06698@acme-corp.com,Engineering,Engineer,L3,DE,2016-11-25,101769,EUR
IMP-06699,Carlos,Patel,imp.06699@acme-corp.com,Sales,Analyst,L4,US,2024-11-04,147537,USD
IMP-06700,Rahul,Anderson,imp.06700@acme-corp.com,Engineering,Engineer,L1,KR,2018-03-12,41021330,KRW
IMP-06701,Richard,Sharma,imp.06701@acme-corp.com,Design,Designer,L2,GB,2015-10-02,49488,GBP
IMP-06702,Wei,Braun,imp.06702@acme-corp.com,Design,Designer,L3,JP,2015-07-24,12048636,JPY
IMP-06703,Ji-young,Han,imp.06703@acme-corp.com,Operations,Manager,L4,SE,2024-01-10,899107,SEK
IMP-06704,Joseph,Gupta,imp.06704@acme-corp.com,Operations,Manager,L5,IN,2021-05-21,1779033,INR
IMP-06705,Ji-young,Kang,imp.06705@acme-corp.com,Sales,Analyst,L1,US,2018-07-13,164073,USD
IMP-06706,Maria,White,imp.06706@acme-corp.com,Engineering,Engineer,L5,CA,2024-02-20,120005,CAD
IMP-06707,Ana,Klein,imp.06707@acme-corp.com,Finance,Analyst,L4,AU,2020-09-08,113703,AUD
IMP-06708,Karen,Jung,imp.06708@acme-corp.com,Sales,Analyst,L6,IE,2017-01-30,66993,EUR
IMP-06709,Karen,Brown,imp.06709@acme-corp.com,HR,Manager,L3,KR,2017-02-04,129483278,KRW
IMP-06710,Mei,Choi,imp.06710@acme-corp.com,HR,Manager,L2,GB,2022-11-07,110248,GBP
IMP-06711,Takeshi,Thomas,imp.06711@acme-corp.com,Design,Designer,L5,IN,2015-06-26,4142337,INR
IMP-06712,Hiroshi,Yang,imp.06712@acme-corp.com,Engineering,Engineer,L2,AU,2016-03-23,164482,AUD
IMP-06713,Takeshi,Mehta,imp.06713@acme-corp.com,Finance,Analyst,L1,AE,2018-10-22,486350,AED
IMP-06714,Ana,Gupta,imp.06714@acme-corp.com,Engineering,Engineer,L4,TW,2019-08-04,2474629,TWD
IMP-06715,James,Brown,imp.06715@acme-corp.com,Sales,Analyst,L4,AU,2020-12-23,158667,AUD
IMP-06716,Isabel,Park,imp.06716@acme-corp.com,Engineering,Engineer,L5,SE,2022-02-03,588126,SEK
IMP-06717,William,Richter,imp.06717@acme-corp.com,Sales,Analyst,L6,NL,2016-07-11,140642,EUR
IMP-06718,Linda,Hernandez,imp.06718@acme-corp.com,Operations,Manager,L1,MX,2019-04-30,928971,MXN
IMP-06719,Jae-won,Martin,imp.06719@acme-corp.com,Sales,Analyst,L3,JP,2017-05-11,11295688,JPY
IMP-06720,Carmen,Wu,imp.06720@acme-corp.com,Operations,Manager,L5,KR,2019-12-28,65269872,KRW
IMP-06721,David,Zhou,imp.06721@acme-corp.com,Operations,Manager,L2,JP,2021-05-05,14291562,JPY
IMP-06722,Patricia,Park,imp.06722@acme-corp.com,Operations,Manager,L1,SE,2023-04-05,1191765,SEK
IMP-06723,Isabel,Kim,imp.06723@acme-corp.com,Operations,Manager,L6,NL,2023-09-06,120799,EUR
IMP-06724,Barbara,Kim,imp.06724@acme-corp.com,Sales,Analyst,L3,US,2020-08-03,112148,USD
IMP-06725,Rosa,Smith,imp.06725@acme-corp.com,Operations,Manager,L1,DE,2021-04-26,124775,EUR
IMP-06726,Aisha,Thompson,imp.06726@acme-corp.com,Engineering,Engineer,L6,TW,2020-09-06,971894,TWD
IMP-06727,Ji-young,Davis,imp.06727@acme-corp.com,Operations,Manager,L5,DE,2016-02-22,143565,EUR
IMP-06728,Layla,Jung,imp.06728@acme-corp.com,Engineering,Engineer,L6,HK,2016-04-08,1042497,HKD
IMP-06729,Aisha,Jung,imp.06729@acme-corp.com,Finance,Analyst,L2,NO,2016-12-19,1380336,NOK
IMP-06730,Hassan,Martin,imp.06730@acme-corp.com,Sales,Analyst,L6,DK,2015-07-06,764664,DKK
IMP-06731,Luis,Dupont,imp.06731@acme-corp.com,Finance,Analyst,L5,GB,2018-03-06,109498,GBP
IMP-06732,Linda,Nair,imp.06732@acme-corp.com,Engineering,Engineer,L1,AU,2016-06-10,89982,AUD
IMP-06733,Priya,David,imp.06733@acme-corp.com,Engineering,Engineer,L5,DE,2022-04-12,71123,EUR
IMP-06734,Jose,Martinez,imp.06734@acme-corp.com,Operations,Manager,L4,TW,2020-11-23,2297328,TWD
IMP-06735,Liu,Thomas,imp.06735@acme-corp.com,HR,Manager,L6,GB,2018-06-25,144361,GBP
IMP-06736,Sarah,Mehta,imp.06736@acme-corp.com,Operations,Manager,L3,TW,2023-10-20,3209951,TWD
IMP-06737,Jae-won,Kim,imp.06737@acme-corp.com,Engineering,Engineer,L3,MX,2019-06-21,882026,MXN
IMP-06738,Jessica,Weber,imp.06738@acme-corp.com,Engineering,Engineer,L6,JP,2017-12-20,16471771,JPY
IMP-06739,Richard,Nair,imp.06739@acme-corp.com,Engineering,Engineer,L3,DE,2022-01-31,120641,EUR
IMP-06740,Wei,Martin,imp.06740@acme-corp.com,Engineering,Engineer,L1,NL,2017-04-12,105256,EUR
IMP-06741,Jose,Pillai,imp.06741@acme-corp.com,Finance,Analyst,L4,DK,2022-04-21,946177,DKK
IMP-06742,Hiroshi,Moreau,imp.06742@acme-corp.com,Engineering,Engineer,L4,DE,2016-09-20,125821,EUR
IMP-06743,William,Chen,imp.06743@acme-corp.com,Sales,Analyst,L3,NO,2024-03-23,1290829,NOK
IMP-06744,Patricia,Pillai,imp.06744@acme-corp.com,Finance,Analyst,L6,US,2024-02-22,141039,USD
IMP-06745,Mei,David,imp.06745@acme-corp.com,Sales,Analyst,L2,GB,2016-06-02,45698,GBP
IMP-06746,Yusuf,Choi,imp.06746@acme-corp.com,HR,Manager,L4,GB,2021-01-14,81400,GBP
IMP-06747,Arjun,Müller,imp.06747@acme-corp.com,HR,Manager,L2,SE,2015-05-05,1047398,SEK
IMP-06748,Carlos,Martinez,imp.06748@acme-corp.com,Operations,Manager,L3,DE,2019-10-13,103311,EUR
IMP-06749,Barbara,Kang,imp.06749@acme-corp.com,HR,Manager,L5,US,2016-09-20,137600,USD
IMP-06750,Robert,Kim,imp.06750@acme-corp.com,Engineering,Engineer,L2,KR,2019-01-30,102689834,KRW
IMP-06751,Yuki,Martinez,imp.06751@acme-corp.com,Engineering,Engineer,L6,ES,2023-10-14,97020,EUR
IMP-06752,Jessica,Hoffmann,imp.06752@acme-corp.com,Finance,Analyst,L4,DE,2021-07-25,69960,EUR
IMP-06753,Francisco,Huang,imp.06753@acme-corp.com,Operations,Manager,L5,SG,2020-09-01,122206,SGD
IMP-06754,Thomas,Moreau,imp.06754@acme-corp.com,Sales,Analyst,L3,TW,2021-04-02,983949,TWD
IMP-06755,Jae-won,Nair,imp.06755@acme-corp.com,Operations,Manager,L4,IN,2017-03-17,2670849,INR
IMP-06756,Hiroshi,Klein,imp.06756@acme-corp.com,Engineering,Engineer,L2,IE,2017-01-25,80406,EUR
IMP-06757,Sakura,Simon,imp.06757@acme-corp.com,Sales,Analyst,L6,DE,2018-03-27,89911,EUR
IMP-06758,Jessica,Johnson,imp.06758@acme-corp.com,Engineering,Engineer,L1,TW,2023-08-03,845946,TWD
IMP-06759,Luis,Huang,imp.06759@acme-corp.com,Finance,Analyst,L6,IE,2016-01-09,80290,EUR
IMP-06760,Hiroshi,Joshi,imp.06760@acme-corp.com,HR,Manager,L5,US,2015-04-13,158561,USD
IMP-06761,Sarah,Smith,imp.06761@acme-corp.com,Operations,Manager,L3,HK,2021-01-16,1157051,HKD
IMP-06762,Barbara,Davis,imp.06762@acme-corp.com,Engineering,Engineer,L3,DK,2018-06-11,944658,DKK
IMP-06763,Luis,Dupont,imp.06763@acme-corp.com,Sales,Analyst,L2,CA,2016-07-27,172101,CAD
IMP-06764,Sakura,Roux,imp.06764@acme-corp.com,Engineering,Engineer,L5,ZA,2017-02-06,368796,ZAR
IMP-06765,Min,Wang,imp.06765@acme-corp.com,Engineering,Engineer,L3,US,2022-03-18,74929,USD
IMP-06766,Ji-young,Garcia,imp.06766@acme-corp.com,Finance,Analyst,L2,AU,2015-03-25,91454,AUD
IMP-06767,Carlos,Moreau,imp.06767@acme-corp.com,Engineering,Engineer,L1,IN,2015-01-25,2142488,INR
IMP-06768,Zara,Choi,imp.06768@acme-corp.com,HR,Manager,L5,IN,2016-07-19,2676722,INR
IMP-06769,Nancy,Fischer,imp.06769@acme-corp.com,Engineering,Engineer,L3,FR,2018-04-17,59722,EUR
IMP-06770,Ahmed,Martin,imp.06770@acme-corp.com,HR,Manager,L6,HK,2016-05-29,926838,HKD
IMP-06771,Patricia,Anderson,imp.06771@acme-corp.com,Engineering,Engineer,L5,CA,2017-05-30,113477,CAD
IMP-06772,Jae-won,Lee,imp.06772@acme-corp.com,Sales,Analyst,L1,AE,2017-08-16,526259,AED
IMP-06773,Jennifer,Liu,imp.06773@acme-corp.com,HR,Manager,L1,JP,2019-04-20,10792472,JPY
IMP-06774,Sung-min,Jones,imp.06774@acme-corp.com,Engineering,Engineer,L3,PL,2016-10-30,166886,PLN
IMP-06775,Hassan,Jones,imp.06775@acme-corp.com,Finance,Analyst,L5,GB,2021-12-19,121666,GBP
IMP-06776,Omar,Xu,imp.06776@acme-corp.com,Engineering,Engineer,L4,ZA,2021-05-06,1306927,ZAR
IMP-06777,Isabel,Johnson,imp.06777@acme-corp.com,Engineering,Engineer,L3,US,2018-05-24,78103,USD
IMP-06778,Fatima,Gupta,imp.06778@acme-corp.com,Engineering,Engineer,L1,CA,2017-08-06,122714,CAD
IMP-06779,William,Jones,imp.06779@acme-corp.com,Engineering,Engineer,L4,IN,2015-04-09,2194090,INR
IMP-06780,Sakura,Lim,imp.06780@acme-corp.com,Engineering,Engineer,L5,GB,2021-08-12,53993,GBP
IMP-06781,Nancy,Li,imp.06781@acme-corp.com,Sales,Analyst,L5,ZA,2018-04-09,354365,ZAR
IMP-06782,Rahul,Fischer,imp.06782@acme-corp.com,HR,Manager,L6,IE,2016-02-13,97237,EUR
IMP-06783,William,Gupta,imp.06783@acme-corp.com,Engineering,Engineer,L4,IE,2018-01-10,84752,EUR
IMP-06784,Akiko,Hernandez,imp.06784@acme-corp.com,HR,Manager,L6,SE,2017-04-20,580882,SEK
IMP-06785,Carmen,Zhou,imp.06785@acme-corp.com,Sales,Analyst,L4,CA,2023-02-02,131806,CAD
IMP-06786,Karen,Sharma,imp.06786@acme-corp.com,Engineering,Engineer,L1,US,2023-11-04,176824,USD
IMP-06787,Jae-won,Kim,imp.06787@acme-corp.com,Finance,Analyst,L1,NO,2015-12-14,846466,NOK
IMP-06788,Min,Moore,imp.06788@acme-corp.com,Engineering,Engineer,L4,AU,2016-09-17,172093,AUD
IMP-06789,Jessica,Johnson,imp.06789@acme-corp.com,Sales,Analyst,L2,US,2016-12-07,165433,USD
IMP-06790,Robert,Jones,imp.06790@acme-corp.com,Engineering,Engineer,L6,CH,2019-03-25,177507,CHF
IMP-06791,Yusuf,Xu,imp.06791@acme-corp.com,Engineering,Engineer,L4,US,2021-06-28,62850,USD
IMP-06792,Isabel,Li,imp.06792@acme-corp.com,Engineering,Engineer,L1,AE,2015-01-22,281485,AED
IMP-06793,Ji-young,Yang,imp.06793@acme-corp.com,Engineering,Engineer,L5,AU,2015-01-16,182740,AUD
IMP-06794,Hiroshi,Pillai,imp.06794@acme-corp.com,Design,Designer,L3,US,2017-12-01,105305,USD
IMP-06795,Barbara,Sharma,imp.06795@acme-corp.com,Engineering,Engineer,L3,US,2015-06-20,170600,USD
IMP-06796,Hassan,Kim,imp.06796@acme-corp.com,Engineering,Engineer,L5,MX,2015-02-28,1123129,MXN
IMP-06797,Ji-young,Smith,imp.06797@acme-corp.com,Finance,Analyst,L5,IE,2018-09-26,76156,EUR
IMP-06798,Ana,Lim,imp.06798@acme-corp.com,Engineering,Engineer,L5,KR,2016-11-09,100468843,KRW
IMP-06799,Takeshi,Sharma,imp.06799@acme-corp.com,Sales,Analyst,L2,DK,2021-12-20,438800,DKK
IMP-06800,Ji-young,Yang,imp.06800@acme-corp.com,Engineering,Engineer,L6,KR,2018-05-12,71097099,KRW
IMP-06801,Kenji,Johnson,imp.06801@acme-corp.com,Finance,Analyst,L2,CA,2022-11-01,97244,CAD
IMP-06802,Takeshi,Braun,imp.06802@acme-corp.com,Design,Designer,L3,PL,2015-01-21,211658,PLN
IMP-06803,Ibrahim,Miller,imp.06803@acme-corp.com,Operations,Manager,L1,TW,2020-01-30,1922226,TWD
IMP-06804,Fatima,Reddy,imp.06804@acme-corp.com,Operations,Manager,L4,SE,2021-07-30,654621,SEK
IMP-06805,Jennifer,Moore,imp.06805@acme-corp.com,Finance,Analyst,L2,US,2021-06-29,169537,USD
IMP-06806,Carlos,Lim,imp.06806@acme-corp.com,Engineering,Engineer,L5,ES,2018-07-07,149857,EUR
IMP-06807,Joseph,Weber,imp.06807@acme-corp.com,Operations,Manager,L6,SE,2024-02-19,1067690,SEK
IMP-06808,Jae-won,Xu,imp.06808@acme-corp.com,Sales,Analyst,L3,GB,2022-07-07,111126,GBP
IMP-06809,Rahul,Smith,imp.06809@acme-corp.com,Operations,Manager,L5,GB,2015-10-03,60805,GBP
IMP-06810,Mei,Hoffmann,imp.06810@acme-corp.com,Engineering,Engineer,L5,HK,2018-12-08,1148262,HKD
IMP-06811,Sakura,Williams,imp.06811@acme-corp.com,Finance,Analyst,L1,IN,2024-10-24,4106467,INR
IMP-06812,Maria,Wang,imp.06812@acme-corp.com,Engineering,Engineer,L5,DK,2024-12-15,663826,DKK
IMP-06813,Karen,Choi,imp.06813@acme-corp.com,Engineering,Engineer,L1,DK,2020-10-15,1063194,DKK
IMP-06814,Barbara,Martin,imp.06814@acme-corp.com,Design,Designer,L4,NL,2020-06-03,145362,EUR
IMP-06815,Francisco,Jung,imp.06815@acme-corp.com,Engineering,Engineer,L5,PL,2015-03-30,160361,PLN
IMP-06816,Arjun,Davis,imp.06816@acme-corp.com,Sales,Analyst,L6,DE,2019-05-08,55807,EUR
IMP-06817,Kenji,Taylor,imp.06817@acme-corp.com,Engineering,Engineer,L2,AU,2018-06-28,167422,AUD
IMP-06818,Sarah,Zhang,imp.06818@acme-corp.com,Finance,Analyst,L5,MX,2024-10-06,826528,MXN
IMP-06819,Takeshi,Yang,imp.06819@acme-corp.com,Engineering,Engineer,L3,FR,2024-10-28,135372,EUR
IMP-06820,Maria,Wu,imp.06820@acme-corp.com,Engineering,Engineer,L3,US,2022-11-07,187767,USD
IMP-06821,Carlos,Moore,imp.06821@acme-corp.com,Sales,Analyst,L3,CH,2019-06-16,113484,CHF
IMP-06822,Carlos,Richter,imp.06822@acme-corp.com,Finance,Analyst,L5,AE,2022-02-10,409274,AED
IMP-06823,Charles,Moreau,imp.06823@acme-corp.com,Engineering,Engineer,L5,CH,2024-02-25,191336,CHF
IMP-06824,Chen,Jones,imp.06824@acme-corp.com,Operations,Manager,L2,NO,2023-09-26,767531,NOK
IMP-06825,Jae-won,Michel,imp.06825@acme-corp.com,Sales,Analyst,L6,HK,2023-12-11,915956,HKD
IMP-06826,Karen,Huang,imp.06826@acme-corp.com,HR,Manager,L4,US,2018-06-21,120071,USD
IMP-06827,Maria,David,imp.06827@acme-corp.com,Engineering,Engineer,L2,ES,2024-08-30,85382,EUR
IMP-06828,Maria,Thompson,imp.06828@acme-corp.com,Engineering,Engineer,L1,CH,2020-09-12,94956,CHF
IMP-06829,Jae-won,Lim,imp.06829@acme-corp.com,Sales,Analyst,L5,AE,2022-10-16,138703,AED
IMP-06830,Jose,Zhang,imp.06830@acme-corp.com,Design,Designer,L5,ZA,2018-05-17,310003,ZAR
IMP-06831,Barbara,Reddy,imp.06831@acme-corp.com,Design,Designer,L1,AE,2020-01-15,295178,AED
IMP-06832,Aisha,Richter,imp.06832@acme-corp.com,Finance,Analyst,L5,US,2021-10-05,86176,USD
IMP-06833,Karen,Nair,imp.06833@acme-corp.com,Engineering,Engineer,L2,GB,2021-10-22,108322,GBP
IMP-06834,Rosa,Patel,imp.06834@acme-corp.com,HR,Manager,L3,AE,2023-10-26,346146,AED
IMP-06835,Jae-won,Xu,imp.06835@acme-corp.com,Engineering,Engineer,L3,GB,2024-12-10,85904,GBP
IMP-06836,Ananya,David,imp.06836@acme-corp.com,HR,Manager,L3,SG,2016-04-08,142760,SGD
IMP-06837,Layla,Moore,imp.06837@acme-corp.com,Engineering,Engineer,L6,TW,2017-12-05,2898075,TWD
IMP-06838,Sarah,Taylor,imp.06838@acme-corp.com,Sales,Analyst,L3,IN,2019-04-24,4139622,INR
IMP-06839,Sakura,Li,imp.06839@acme-corp.com,Engineering,Engineer,L1,SG,2016-05-16,99271,SGD
IMP-06840,Joseph,Patel,imp.06840@acme-corp.com,Sales,Analyst,L1,CH,2018-09-29,178742,CHF
IMP-06841,Rosa,Garcia,imp.06841@acme-corp.com,Sales,Analyst,L3,JP,2021-03-12,15359790,JPY
IMP-06842,Mary,Singh,imp.06842@acme-corp.com,Engineering,Engineer,L2,DE,2024-05-31,134357,EUR
IMP-06843,Yuna,Chen,imp.06843@acme-corp.com,Engineering,Engineer,L4,DE,2020-09-23,101092,EUR
IMP-06844,Sakura,Martin,imp.06844@acme-corp.com,Operations,Manager,L2,DE,2016-04-29,60732,EUR
IMP-06845,Thomas,Yang,imp.06845@acme-corp.com,Operations,Manager,L5,CA,2022-03-08,88600,CAD
IMP-06846,Ibrahim,Dupont,imp.06846@acme-corp.com,HR,Manager,L4,ZA,2024-08-03,974496,ZAR
IMP-06847,Thomas,Lim,imp.06847@acme-corp.com,HR,Manager,L2,CH,2019-11-12,91576,CHF
IMP-06848,Michael,Reddy,imp.06848@acme-corp.com,Engineering,Engineer,L6,ES,2015-05-08,118151,EUR
IMP-06849,Mary,Liu,imp.06849@acme-corp.com,Engineering,Engineer,L4,CH,2019-12-07,109025,CHF
IMP-06850,David,Braun,imp.06850@acme-corp.com,Finance,Analyst,L5,TW,2020-08-08,2881437,TWD
IMP-06851,Charles,Choi,imp.06851@acme-corp.com,Sales,Analyst,L3,ES,2024-07-17,101817,EUR
IMP-06852,Liu,Taylor,imp.06852@acme-corp.com,Engineering,Engineer,L4,DE,2018-05-11,77261,EUR
IMP-06853,Luis,Klein,imp.06853@acme-corp.com,Engineering,Engineer,L6,DE,2022-12-09,99960,EUR
IMP-06854,Hiroshi,Li,imp.06854@acme-corp.com,Finance,Analyst,L1,GB,2016-02-04,114892,GBP
IMP-06855,Pedro,Moore,imp.06855@acme-corp.com,Engineering,Engineer,L4,IE,2022-12-17,133196,EUR
IMP-06856,Robert,Joshi,imp.06856@acme-corp.com,Engineering,Engineer,L3,MX,2023-08-17,850070,MXN
IMP-06857,Sarah,Gupta,imp.06857@acme-corp.com,Finance,Analyst,L5,PL,2022-06-10,193353,PLN
IMP-06858,Richard,Kumar,imp.06858@acme-corp.com,Sales,Analyst,L4,CH,2016-05-04,115339,CHF
IMP-06859,Liu,Thomas,imp.06859@acme-corp.com,Sales,Analyst,L5,JP,2020-12-04,8713415,JPY
IMP-06860,Yuki,David,imp.06860@acme-corp.com,Finance,Analyst,L3,DK,2016-05-11,599461,DKK
IMP-06861,Ana,Thomas,imp.06861@acme-corp.com,Operations,Manager,L1,DK,2021-09-24,554979,DKK
IMP-06862,Ahmed,Braun,imp.06862@acme-corp.com,Operations,Manager,L6,HK,2018-01-18,861793,HKD
IMP-06863,Luis,Kang,imp.06863@acme-corp.com,Operations,Manager,L2,CH,2021-07-23,107498,CHF
IMP-06864,Ananya,Dupont,imp.06864@acme-corp.com,Engineering,Engineer,L2,DK,2022-08-25,553328,DKK
IMP-06865,Jessica,Dupont,imp.06865@acme-corp.com,Engineering,Engineer,L1,AE,2023-11-28,158705,AED
IMP-06866,Ana,Choi,imp.06866@acme-corp.com,Engineering,Engineer,L4,IN,2015-12-06,2902199,INR
IMP-06867,Zara,Laurent,imp.06867@acme-corp.com,Engineering,Engineer,L5,IN,2021-12-04,2690662,INR
IMP-06868,Carmen,Yoon,imp.06868@acme-corp.com,Finance,Analyst,L6,US,2024-07-26,153717,USD
IMP-06869,Liu,Davis,imp.06869@acme-corp.com,Engineering,Engineer,L5,PL,2023-01-16,66426,PLN
IMP-06870,Takeshi,Garcia,imp.06870@acme-corp.com,Engineering,Engineer,L4,IN,2021-03-10,1539186,INR
IMP-06871,Arjun,Johnson,imp.06871@acme-corp.com,Engineering,Engineer,L4,KR,2015-12-28,51146358,KRW
IMP-06872,Linda,Roux,imp.06872@acme-corp.com,Operations,Manager,L1,US,2017-06-18,107103,USD
IMP-06873,Jae-won,Zhang,imp.06873@acme-corp.com,Finance,Analyst,L1,MX,2023-07-19,686625,MXN
IMP-06874,Takeshi,Anderson,imp.06874@acme-corp.com,Sales,Analyst,L1,AU,2018-07-20,150781,AUD
IMP-06875,Mei,David,imp.06875@acme-corp.com,Operations,Manager,L1,HK,2021-04-25,939179,HKD
IMP-06876,Liu,Garcia,imp.06876@acme-corp.com,Operations,Manager,L3,SE,2020-01-25,514843,SEK
IMP-06877,Sakura,Xu,imp.06877@acme-corp.com,Finance,Analyst,L2,US,2018-04-18,153168,USD
IMP-06878,Ibrahim,Miller,imp.06878@acme-corp.com,Sales,Analyst,L2,MX,2018-12-30,951959,MXN
IMP-06879,Rahul,Bernard,imp.06879@acme-corp.com,Sales,Analyst,L1,DE,2020-11-15,60179,EUR
IMP-06880,Rahul,Roux,imp.06880@acme-corp.com,HR,Manager,L6,CH,2022-04-23,130517,CHF
IMP-06881,Takeshi,Michel,imp.06881@acme-corp.com,Engineering,Engineer,L3,NL,2017-05-28,127553,EUR
IMP-06882,Jae-won,Hoffmann,imp.06882@acme-corp.com,Engineering,Engineer,L5,ES,2023-07-01,110705,EUR
IMP-06883,Priya,White,imp.06883@acme-corp.com,Design,Designer,L1,CH,2023-11-15,151199,CHF
IMP-06884,Carmen,Reddy,imp.06884@acme-corp.com,Engineering,Engineer,L6,IE,2018-07-15,65500,EUR
IMP-06885,Carmen,Li,imp.06885@acme-corp.com,Operations,Manager,L3,US,2018-08-05,80665,USD
IMP-06886,Hiroshi,Anderson,imp.06886@acme-corp.com,Sales,Analyst,L3,IN,2023-01-27,4234527,INR
IMP-06887,Chen,Han,imp.06887@acme-corp.com,HR,Manager,L6,HK,2022-05-20,572266,HKD
IMP-06888,Maria,Hernandez,imp.06888@acme-corp.com,Engineering,Engineer,L3,CH,2022-10-13,172258,CHF
IMP-06889,Zhang,Williams,imp.06889@acme-corp.com,Engineering,Engineer,L6,GB,2021-04-19,89833,GBP
IMP-06890,Arjun,Weber,imp.06890@acme-corp.com,Engineering,Engineer,L6,AU,2018-02-15,151767,AUD
IMP-06891,Akiko,Yoon,imp.06891@acme-corp.com,Operations,Manager,L3,AU,2018-03-07,120602,AUD
IMP-06892,Rosa,Kang,imp.06892@acme-corp.com,Finance,Analyst,L4,DE,2021-12-07,100609,EUR
IMP-06893,David,Becker,imp.06893@acme-corp.com,Engineering,Engineer,L2,PL,2022-05-22,111958,PLN
IMP-06894,Carmen,Müller,imp.06894@acme-corp.com,Operations,Manager,L4,AE,2024-10-14,289015,AED
IMP-06895,Thomas,White,imp.06895@acme-corp.com,Engineering,Engineer,L2,SG,2019-07-20,84932,SGD
IMP-06896,Kenji,Miller,imp.06896@acme-corp.com,Engineering,Engineer,L5,SE,2024-12-28,1154455,SEK
IMP-06897,Chen,Thomas,imp.06897@acme-corp.com,Engineering,Engineer,L1,SG,2020-10-12,108787,SGD
IMP-06898,Yuna,Hernandez,imp.06898@acme-corp.com,Sales,Analyst,L1,ZA,2016-06-05,971173,ZAR
IMP-06899,Thomas,Wu,imp.06899@acme-corp.com,Engineering,Engineer,L6,US,2024-07-03,184595,USD
IMP-06900,Aisha,Michel,imp.06900@acme-corp.com,Sales,Analyst,L3,NL,2015-01-29,75521,EUR
IMP-06901,Ana,Choi,imp.06901@acme-corp.com,Engineering,Engineer,L3,AU,2022-07-14,167529,AUD
IMP-06902,Min,Garcia,imp.06902@acme-corp.com,HR,Manager,L1,US,2020-06-20,211458,USD
IMP-06903,Fatima,Martin,imp.06903@acme-corp.com,Finance,Analyst,L3,US,2015-06-01,215097,USD
IMP-06904,Charles,Zhang,imp.06904@acme-corp.com,Engineering,Engineer,L4,US,2017-08-11,202256,USD
IMP-06905,Sarah,Schulz,imp.06905@acme-corp.com,HR,Manager,L1,IN,2016-09-18,2466208,INR
IMP-06906,Mei,Jackson,imp.06906@acme-corp.com,Engineering,Engineer,L2,DE,2018-04-13,105347,EUR
IMP-06907,Yuki,Thompson,imp.06907@acme-corp.com,Engineering,Engineer,L2,CH,2019-06-05,153744,CHF
IMP-06908,Zhang,Zhou,imp.06908@acme-corp.com,Engineering,Engineer,L6,TW,2018-10-07,2864394,TWD
IMP-06909,Mei,Kang,imp.06909@acme-corp.com,Sales,Analyst,L3,SE,2020-02-20,542882,SEK
IMP-06910,Thomas,Moore,imp.06910@acme-corp.com,Engineering,Engineer,L1,KR,2018-03-20,63598076,KRW
IMP-06911,Wei,Singh,imp.06911@acme-corp.com,Finance,Analyst,L1,DE,2019-08-18,79880,EUR
IMP-06912,Arjun,Weber,imp.06912@acme-corp.com,Sales,Analyst,L5,IN,2016-01-16,2787771,INR
IMP-06913,Karen,Park,imp.06913@acme-corp.com,Engineering,Engineer,L2,US,2017-06-03,154668,USD
IMP-06914,Robert,Sharma,imp.06914@acme-corp.com,Sales,Analyst,L1,US,2021-11-19,146166,USD
IMP-06915,Akiko,Choi,imp.06915@acme-corp.com,Engineering,Engineer,L5,GB,2024-06-01,79034,GBP
IMP-06916,Jose,Zhang,imp.06916@acme-corp.com,Engineering,Engineer,L2,PL,2018-04-11,157107,PLN
IMP-06917,Charles,Fischer,imp.06917@acme-corp.com,Engineering,Engineer,L4,GB,2016-03-23,118627,GBP
IMP-06918,Yuki,Wu,imp.06918@acme-corp.com,Sales,Analyst,L4,ZA,2019-03-24,574448,ZAR
IMP-06919,Ananya,Becker,imp.06919@acme-corp.com,Finance,Analyst,L2,TW,2024-12-18,835521,TWD
IMP-06920,Sung-min,Thompson,imp.06920@acme-corp.com,Finance,Analyst,L2,AE,2017-09-20,446435,AED
IMP-06921,Arjun,Klein,imp.06921@acme-corp.com,Sales,Analyst,L5,KR,2021-07-06,124494283,KRW
IMP-06922,William,Kang,imp.06922@acme-corp.com,Engineering,Engineer,L2,JP,2016-01-02,14860177,JPY
IMP-06923,Priya,Jackson,imp.06923@acme-corp.com,Engineering,Engineer,L5,PL,2020-05-30,73252,PLN
IMP-06924,Isabel,Jackson,imp.06924@acme-corp.com,Sales,Analyst,L3,NO,2023-03-30,601476,NOK
IMP-06925,Carmen,Williams,imp.06925@acme-corp.com,Operations,Manager,L3,US,2018-05-20,123630,USD
IMP-06926,Carlos,Dupont,imp.06926@acme-corp.com,Engineering,Engineer,L6,CA,2022-11-03,69433,CAD
IMP-06927,Priya,Roux,imp.06927@acme-corp.com,Engineering,Engineer,L6,ES,2020-01-22,131341,EUR
IMP-06928,Francisco,Johnson,imp.06928@acme-corp.com,HR,Manager,L3,DK,2019-12-31,511599,DKK
IMP-06929,Carlos,Choi,imp.06929@acme-corp.com,Operations,Manager,L6,US,2017-02-12,186312,USD
IMP-06930,Susan,Song,imp.06930@acme-corp.com,Sales,Analyst,L1,SE,2022-06-10,621746,SEK
IMP-06931,Min,Michel,imp.06931@acme-corp.com,Engineering,Engineer,L4,AU,2024-10-17,163137,AUD
IMP-06932,Ananya,Michel,imp.06932@acme-corp.com,Engineering,Engineer,L5,KR,2019-09-25,86206220,KRW
IMP-06933,Rosa,Davis,imp.06933@acme-corp.com,Sales,Analyst,L3,NL,2015-01-12,72246,EUR
IMP-06934,Wei,Jones,imp.06934@acme-corp.com,Engineering,Engineer,L1,DE,2016-08-05,57237,EUR
IMP-06935,Chen,Choi,imp.06935@acme-corp.com,Finance,Analyst,L6,PL,2018-07-25,96819,PLN
IMP-06936,Sarah,Martin,imp.06936@acme-corp.com,Finance,Analyst,L5,GB,2019-09-01,66707,GBP
IMP-06937,Ji-young,Wu,imp.06937@acme-corp.com,Sales,Analyst,L2,GB,2016-03-08,58669,GBP
IMP-06938,Hiroshi,Miller,imp.06938@acme-corp.com,Sales,Analyst,L6,US,2021-05-26,68437,USD
IMP-06939,Ahmed,Kumar,imp.06939@acme-corp.com,Sales,Analyst,L6,AU,2019-05-30,113760,AUD
IMP-06940,Rosa,Anderson,imp.06940@acme-corp.com,HR,Manager,L5,CA,2016-01-15,162578,CAD
IMP-06941,Fatima,Brown,imp.06941@acme-corp.com,Operations,Manager,L4,US,2023-01-20,200797,USD
IMP-06942,Takeshi,Yang,imp.06942@acme-corp.com,Engineering,Engineer,L3,US,2016-03-22,61592,USD
IMP-06943,Francisco,Wu,imp.06943@acme-corp.com,HR,Manager,L5,GB,2024-02-17,111768,GBP
IMP-06944,Jose,Richter,imp.06944@acme-corp.com,Finance,Analyst,L3,ES,2020-10-18,138299,EUR
IMP-06945,Karen,Laurent,imp.06945@acme-corp.com,Engineering,Engineer,L5,IE,2017-02-17,123674,EUR
IMP-06946,Sakura,Schmidt,imp.06946@acme-corp.com,Sales,Analyst,L3,PL,2015-12-05,222566,PLN
IMP-06947,Arjun,Johnson,imp.06947@acme-corp.com,Engineering,Engineer,L3,GB,2023-02-10,56808,GBP
IMP-06948,Isabel,Weber,imp.06948@acme-corp.com,Engineering,Engineer,L6,JP,2020-04-26,14062616,JPY
IMP-06949,Mei,Kim,imp.06949@acme-corp.com,Finance,Analyst,L1,IE,2023-11-01,71252,EUR
IMP-06950,Jennifer,Hoffmann,imp.06950@acme-corp.com,Finance,Analyst,L6,HK,2023-09-09,1198410,HKD
IMP-06951,Luis,Wu,imp.06951@acme-corp.com,Engineering,Engineer,L4,NO,2023-10-03,484084,NOK
IMP-06952,Barbara,Miller,imp.06952@acme-corp.com,Operations,Manager,L5,US,2024-08-22,94866,USD
IMP-06953,Luis,Xu,imp.06953@acme-corp.com,Operations,Manager,L4,CH,2017-01-25,100770,CHF
IMP-06954,Chen,Braun,imp.06954@acme-corp.com,HR,Manager,L2,SE,2017-01-16,1101193,SEK
IMP-06955,Akiko,Patel,imp.06955@acme-corp.com,Engineering,Engineer,L3,HK,2016-11-19,1172924,HKD
IMP-06956,Wei,Taylor,imp.06956@acme-corp.com,Engineering,Engineer,L5,CA,2023-12-19,174236,CAD
IMP-06957,Aisha,Smith,imp.06957@acme-corp.com,Finance,Analyst,L5,PL,2024-09-25,69296,PLN
IMP-06958,Ji-young,Thompson,imp.06958@acme-corp.com,Sales,Analyst,L6,TW,2024-12-10,2983656,TWD
IMP-06959,Yusuf,Hoffmann,imp.06959@acme-corp.com,Engineering,Engineer,L2,NL,2021-09-16,139605,EUR
IMP-06960,Michael,Jones,imp.06960@acme-corp.com,Sales,Analyst,L4,FR,2017-03-29,81705,EUR
IMP-06961,Rosa,Sharma,imp.06961@acme-corp.com,Engineering,Engineer,L3,NL,2023-11-23,104982,EUR
IMP-06962,Chen,Thomas,imp.06962@acme-corp.com,Engineering,Engineer,L2,DK,2015-09-02,1028698,DKK
IMP-06963,David,Chen,imp.06963@acme-corp.com,Design,Designer,L1,ZA,2022-06-17,1198053,ZAR
IMP-06964,Ahmed,Hernandez,imp.06964@acme-corp.com,Engineering,Engineer,L3,US,2015-06-12,72315,USD
IMP-06965,Chen,Smith,imp.06965@acme-corp.com,Engineering,Engineer,L6,ES,2023-03-22,107109,EUR
IMP-06966,Ana,Garcia,imp.06966@acme-corp.com,Finance,Analyst,L6,TW,2017-05-15,2668117,TWD
IMP-06967,Jose,Nair,imp.06967@acme-corp.com,Finance,Analyst,L4,DE,2021-04-28,98427,EUR
IMP-06968,Zhang,Joshi,imp.06968@acme-corp.com,Operations,Manager,L5,PL,2018-03-01,110267,PLN
IMP-06969,William,Brown,imp.06969@acme-corp.com,HR,Manager,L2,IN,2017-04-01,2629241,INR
IMP-06970,Zara,Reddy,imp.06970@acme-corp.com,Engineering,Engineer,L6,MX,2016-02-01,320490,MXN
IMP-06971,Robert,Pillai,imp.06971@acme-corp.com,Operations,Manager,L5,SG,2015-07-04,77426,SGD
IMP-06972,Jessica,Liu,imp.06972@acme-corp.com,Finance,Analyst,L5,IN,2015-11-11,2599929,INR
IMP-06973,Liu,Han,imp.06973@acme-corp.com,HR,Manager,L5,CA,2019-01-08,74674,CAD
IMP-06974,Liu,Miller,imp.06974@acme-corp.com,Sales,Analyst,L6,PL,2016-02-28,206039,PLN
IMP-06975,Pedro,Chen,imp.06975@acme-corp.com,HR,Manager,L3,GB,2022-09-07,107263,GBP
IMP-06976,Charles,Wang,imp.06976@acme-corp.com,Sales,Analyst,L4,DE,2015-02-06,113759,EUR
IMP-06977,Layla,Jones,imp.06977@acme-corp.com,Finance,Analyst,L2,PL,2021-04-26,87753,PLN
IMP-06978,Francisco,White,imp.06978@acme-corp.com,Finance,Analyst,L4,US,2019-11-23,203615,USD
IMP-06979,Takeshi,Hernandez,imp.06979@acme-corp.com,Sales,Analyst,L2,DE,2016-07-17,111153,EUR
IMP-06980,Patricia,Taylor,imp.06980@acme-corp.com,Operations,Manager,L4,IN,2021-02-02,3795714,INR
IMP-06981,Sarah,Klein,imp.06981@acme-corp.com,Sales,Analyst,L2,IN,2024-05-22,2757293,INR
IMP-06982,Hassan,Zhou,imp.06982@acme-corp.com,HR,Manager,L1,AU,2023-08-22,153941,AUD
IMP-06983,Liu,Reddy,imp.06983@acme-corp.com,HR,Manager,L4,KR,2016-11-19,95444905,KRW
IMP-06984,Pedro,Lee,imp.06984@acme-corp.com,Sales,Analyst,L1,IN,2023-03-21,1826963,INR
IMP-06985,Luis,Moreau,imp.06985@acme-corp.com,Design,Designer,L2,US,2015-02-13,141274,USD
IMP-06986,Yuki,Yoon,imp.06986@acme-corp.com,Operations,Manager,L6,PL,2015-12-30,101730,PLN
IMP-06987,Charles,Joshi,imp.06987@acme-corp.com,Finance,Analyst,L6,NO,2017-04-06,1248524,NOK
IMP-06988,Chen,Anderson,imp.06988@acme-corp.com,Design,Designer,L5,AU,2016-07-04,83837,AUD
IMP-06989,Jennifer,Becker,imp.06989@acme-corp.com,Finance,Analyst,L1,TW,2022-02-15,1349699,TWD
IMP-06990,Yuna,Schmidt,imp.06990@acme-corp.com,Operations,Manager,L6,US,2023-06-26,201227,USD
IMP-06991,Priya,Weber,imp.06991@acme-corp.com,HR,Manager,L6,DE,2024-06-08,61929,EUR
IMP-06992,Mei,Weber,imp.06992@acme-corp.com,Operations,Manager,L1,AU,2019-02-26,154899,AUD
IMP-06993,Elizabeth,Weber,imp.06993@acme-corp.com,Operations,Manager,L6,CA,2021-11-11,173862,CAD
IMP-06994,Robert,Hernandez,imp.06994@acme-corp.com,HR,Manager,L3,PL,2023-10-27,83228,PLN
IMP-06995,Kenji,Garcia,imp.06995@acme-corp.com,Operations,Manager,L1,TW,2015-12-17,2738012,TWD
IMP-06996,Thomas,Pillai,imp.06996@acme-corp.com,Engineering,Engineer,L5,TW,2015-11-24,1055573,TWD
IMP-06997,Isabel,Hernandez,imp.06997@acme-corp.com,Design,Designer,L5,KR,2022-06-25,60556958,KRW
IMP-06998,Jessica,Chen,imp.06998@acme-corp.com,Operations,Manager,L4,US,2017-11-21,163327,USD
IMP-06999,Francisco,Schulz,imp.06999@acme-corp.com,Sales,Analyst,L6,US,2016-11-03,118655,USD
IMP-07000,Priya,Lee,imp.07000@acme-corp.com,Sales,Analyst,L1,DE,2015-01-06,67641,EUR
IMP-07001,Michael,Bernard,imp.07001@acme-corp.com,Sales,Analyst,L3,HK,2016-05-08,716113,HKD
IMP-07002,Ana,Weber,imp.07002@acme-corp.com,Engineering,Engineer,L6,JP,2021-10-22,9998726,JPY
IMP-07003,Patricia,Xu,imp.07003@acme-corp.com,Operations,Manager,L5,JP,2018-08-05,16938053,JPY
IMP-07004,Susan,Becker,imp.07004@acme-corp.com,Engineering,Engineer,L6,DE,2016-05-26,54181,EUR
IMP-07005,Robert,Hernandez,imp.07005@acme-corp.com,Sales,Analyst,L5,IN,2015-07-08,2801497,INR
IMP-07006,Zhang,Martinez,imp.07006@acme-corp.com,Sales,Analyst,L3,AE,2017-05-30,483001,AED
IMP-07007,Hiroshi,Johnson,imp.07007@acme-corp.com,Sales,Analyst,L6,FR,2021-08-28,107832,EUR
IMP-07008,Jennifer,Pillai,imp.07008@acme-corp.com,Engineering,Engineer,L3,US,2023-01-01,212168,USD
IMP-07009,Jennifer,Hoffmann,imp.07009@acme-corp.com,Sales,Analyst,L5,US,2024-11-24,110081,USD
IMP-07010,Sarah,Davis,imp.07010@acme-corp.com,Sales,Analyst,L4,SE,2024-10-25,771970,SEK
IMP-07011,Robert,Lim,imp.07011@acme-corp.com,Sales,Analyst,L5,US,2015-02-24,90418,USD
IMP-07012,Isabel,Zhou,imp.07012@acme-corp.com,HR,Manager,L2,HK,2021-02-06,523392,HKD
IMP-07013,Jessica,Kang,imp.07013@acme-corp.com,Design,Designer,L1,DE,2020-05-21,118950,EUR
IMP-07014,Mary,Michel,imp.07014@acme-corp.com,Engineering,Engineer,L2,CA,2024-11-13,155764,CAD
IMP-07015,Zhang,Kim,imp.07015@acme-corp.com,Engineering,Engineer,L4,JP,2015-02-21,10240718,JPY
IMP-07016,William,Müller,imp.07016@acme-corp.com,Operations,Manager,L2,NL,2017-03-29,89164,EUR
IMP-07017,Pedro,Thompson,imp.07017@acme-corp.com,Sales,Analyst,L4,KR,2024-11-30,91040123,KRW
IMP-07018,Ana,Jones,imp.07018@acme-corp.com,HR,Manager,L6,AU,2024-08-26,183330,AUD
IMP-07019,Ji-young,David,imp.07019@acme-corp.com,Engineering,Engineer,L5,NO,2020-01-17,584522,NOK
IMP-07020,Richard,Hernandez,imp.07020@acme-corp.com,HR,Manager,L4,ES,2018-07-07,119521,EUR
IMP-07021,Jennifer,Fischer,imp.07021@acme-corp.com,HR,Manager,L5,ES,2024-08-01,106390,EUR
IMP-07022,Rahul,Simon,imp.07022@acme-corp.com,Engineering,Engineer,L1,US,2015-12-10,64834,USD
IMP-07023,Omar,Zhang,imp.07023@acme-corp.com,HR,Manager,L3,FR,2016-03-06,149937,EUR
IMP-07024,Jose,Reddy,imp.07024@acme-corp.com,Finance,Analyst,L1,PL,2022-07-25,234675,PLN
IMP-07025,Joseph,Smith,imp.07025@acme-corp.com,Operations,Manager,L5,NO,2023-01-13,741706,NOK
IMP-07026,David,Moore,imp.07026@acme-corp.com,Sales,Analyst,L1,DE,2020-01-22,96001,EUR
IMP-07027,Rahul,Kang,imp.07027@acme-corp.com,Finance,Analyst,L4,GB,2024-07-24,102290,GBP
IMP-07028,Jessica,Kumar,imp.07028@acme-corp.com,Finance,Analyst,L2,ZA,2015-01-31,369056,ZAR
IMP-07029,Susan,Martin,imp.07029@acme-corp.com,Finance,Analyst,L3,SE,2016-11-28,1020473,SEK
IMP-07030,Jessica,Kim,imp.07030@acme-corp.com,Design,Designer,L2,SE,2018-11-11,769607,SEK
IMP-07031,Pedro,Garcia,imp.07031@acme-corp.com,HR,Manager,L2,CH,2018-07-08,197630,CHF
IMP-07032,Ji-young,Michel,imp.07032@acme-corp.com,Engineering,Engineer,L3,DK,2015-07-30,787730,DKK
IMP-07033,Barbara,Li,imp.07033@acme-corp.com,Finance,Analyst,L6,HK,2016-11-21,606483,HKD
IMP-07034,Robert,Lee,imp.07034@acme-corp.com,Engineering,Engineer,L1,IE,2015-04-05,99005,EUR
IMP-07035,Joseph,Gupta,imp.07035@acme-corp.com,Engineering,Engineer,L2,MX,2020-01-25,858311,MXN
IMP-07036,Luis,Roux,imp.07036@acme-corp.com,Sales,Analyst,L6,AU,2021-08-15,178402,AUD
IMP-07037,David,Wang,imp.07037@acme-corp.com,Finance,Analyst,L1,PL,2021-01-20,126853,PLN
IMP-07038,Ahmed,Wu,imp.07038@acme-corp.com,Design,Designer,L5,SG,2017-12-03,83900,SGD
IMP-07039,Mary,Zhang,imp.07039@acme-corp.com,Sales,Analyst,L2,TW,2023-02-12,3447657,TWD
IMP-07040,Wei,Wang,imp.07040@acme-corp.com,Operations,Manager,L2,KR,2020-05-14,81308906,KRW
IMP-07041,Zara,Fischer,imp.07041@acme-corp.com,Operations,Manager,L3,SE,2016-03-22,1139313,SEK
IMP-07042,Arjun,Thompson,imp.07042@acme-corp.com,Engineering,Engineer,L6,IN,2019-03-07,2569643,INR
IMP-07043,Sung-min,Sharma,imp.07043@acme-corp.com,Engineering,Engineer,L2,IN,2016-09-27,3703986,INR
IMP-07044,Liu,Braun,imp.07044@acme-corp.com,Sales,Analyst,L3,DE,2019-10-14,147384,EUR
IMP-07045,Luis,Yang,imp.07045@acme-corp.com,Operations,Manager,L6,US,2021-11-30,139247,USD
IMP-07046,Ji-young,Lim,imp.07046@acme-corp.com,Operations,Manager,L3,SE,2024-05-05,1014782,SEK
IMP-07047,Sakura,Mehta,imp.07047@acme-corp.com,HR,Manager,L1,US,2015-04-08,128028,USD
IMP-07048,Nancy,Mehta,imp.07048@acme-corp.com,Finance,Analyst,L4,ZA,2015-12-06,940875,ZAR
IMP-07049,Mary,Schulz,imp.07049@acme-corp.com,Finance,Analyst,L3,CH,2021-01-12,123262,CHF
IMP-07050,Jennifer,Kang,imp.07050@acme-corp.com,Operations,Manager,L3,NO,2021-01-09,867065,NOK
IMP-07051,Mei,Hoffmann,imp.07051@acme-corp.com,Engineering,Engineer,L4,AE,2024-06-04,217872,AED
IMP-07052,Ahmed,Jung,imp.07052@acme-corp.com,Design,Designer,L4,SE,2015-07-24,770454,SEK
IMP-07053,Ana,Wu,imp.07053@acme-corp.com,Engineering,Engineer,L5,NO,2016-02-21,576422,NOK
IMP-07054,Joseph,White,imp.07054@acme-corp.com,Finance,Analyst,L1,SE,2017-03-27,734878,SEK
IMP-07055,James,Choi,imp.07055@acme-corp.com,Sales,Analyst,L4,NO,2015-04-08,605698,NOK
IMP-07056,Jae-won,Garcia,imp.07056@acme-corp.com,Engineering,Engineer,L4,CH,2020-11-26,92045,CHF
IMP-07057,Michael,Yoon,imp.07057@acme-corp.com,Finance,Analyst,L1,US,2021-07-01,64378,USD
IMP-07058,Fatima,Schulz,imp.07058@acme-corp.com,Engineering,Engineer,L4,US,2024-02-01,90514,USD
IMP-07059,Fatima,White,imp.07059@acme-corp.com,Operations,Manager,L6,CA,2016-01-29,78232,CAD
IMP-07060,Ananya,Xu,imp.07060@acme-corp.com,Engineering,Engineer,L4,JP,2018-09-17,8711478,JPY
IMP-07061,Chen,Song,imp.07061@acme-corp.com,Operations,Manager,L2,TW,2024-08-30,1965715,TWD
IMP-07062,Yuki,Michel,imp.07062@acme-corp.com,Finance,Analyst,L2,HK,2024-04-29,774048,HKD
IMP-07063,Hiroshi,Simon,imp.07063@acme-corp.com,HR,Manager,L1,US,2019-04-04,218953,USD
IMP-07064,Akiko,Wang,imp.07064@acme-corp.com,Sales,Analyst,L4,JP,2022-02-15,10048794,JPY
IMP-07065,Ibrahim,Becker,imp.07065@acme-corp.com,Sales,Analyst,L6,CH,2021-06-17,103861,CHF
IMP-07066,Elizabeth,Müller,imp.07066@acme-corp.com,Finance,Analyst,L2,FR,2016-09-29,112870,EUR
IMP-07067,Barbara,Taylor,imp.07067@acme-corp.com,Engineering,Engineer,L4,TW,2016-03-29,2531540,TWD
IMP-07068,Akiko,Kumar,imp.07068@acme-corp.com,Sales,Analyst,L2,PL,2020-07-28,86682,PLN
IMP-07069,Pedro,Hoffmann,imp.07069@acme-corp.com,Sales,Analyst,L4,CA,2020-06-07,86106,CAD
IMP-07070,Francisco,Pillai,imp.07070@acme-corp.com,Operations,Manager,L3,CH,2016-07-07,153122,CHF
IMP-07071,Rahul,Li,imp.07071@acme-corp.com,Finance,Analyst,L6,HK,2021-10-07,393081,HKD
IMP-07072,Pedro,Zhou,imp.07072@acme-corp.com,Sales,Analyst,L1,NO,2018-02-21,1086383,NOK
IMP-07073,Ji-young,Martinez,imp.07073@acme-corp.com,HR,Manager,L1,IN,2023-01-19,2669623,INR
IMP-07074,Zhang,Martin,imp.07074@acme-corp.com,Engineering,Engineer,L4,GB,2019-12-14,144633,GBP
IMP-07075,Sung-min,Becker,imp.07075@acme-corp.com,Operations,Manager,L6,IE,2016-11-11,51765,EUR
IMP-07076,Yusuf,Jones,imp.07076@acme-corp.com,Engineering,Engineer,L1,NO,2020-11-06,813387,NOK
IMP-07077,Karen,Garcia,imp.07077@acme-corp.com,Engineering,Engineer,L2,SG,2020-10-22,191783,SGD
IMP-07078,Charles,Braun,imp.07078@acme-corp.com,Finance,Analyst,L5,JP,2022-07-06,16025436,JPY
IMP-07079,Thomas,Kumar,imp.07079@acme-corp.com,Finance,Analyst,L2,AE,2020-12-11,420080,AED
IMP-07080,Jennifer,Michel,imp.07080@acme-corp.com,Engineering,Engineer,L6,AE,2020-07-03,447404,AED
IMP-07081,Ana,Jackson,imp.07081@acme-corp.com,Sales,Analyst,L2,DK,2015-03-07,1021055,DKK
IMP-07082,Omar,Martin,imp.07082@acme-corp.com,Engineering,Engineer,L5,IN,2024-05-02,1007844,INR
IMP-07083,James,Wu,imp.07083@acme-corp.com,Operations,Manager,L6,US,2020-03-08,95238,USD
IMP-07084,Mei,Lee,imp.07084@acme-corp.com,Operations,Manager,L6,DK,2018-10-27,1190847,DKK
IMP-07085,Robert,Fischer,imp.07085@acme-corp.com,Finance,Analyst,L2,IE,2024-09-02,128412,EUR
IMP-07086,Layla,Jones,imp.07086@acme-corp.com,Sales,Analyst,L5,SG,2023-01-01,76159,SGD
IMP-07087,Sarah,Choi,imp.07087@acme-corp.com,Finance,Analyst,L6,TW,2016-08-02,2056750,TWD
IMP-07088,Jennifer,Johnson,imp.07088@acme-corp.com,Sales,Analyst,L1,NO,2021-04-27,836127,NOK
IMP-07089,Rahul,Yang,imp.07089@acme-corp.com,Engineering,Engineer,L3,GB,2024-05-04,46843,GBP
IMP-07090,Yuna,Park,imp.07090@acme-corp.com,Engineering,Engineer,L6,US,2017-05-05,128663,USD
IMP-07091,Jose,Lee,imp.07091@acme-corp.com,HR,Manager,L2,AU,2021-04-20,95105,AUD
IMP-07092,Ananya,Lim,imp.07092@acme-corp.com,Finance,Analyst,L1,NL,2019-06-17,64847,EUR
IMP-07093,Isabel,Chen,imp.07093@acme-corp.com,Sales,Analyst,L6,SE,2019-09-29,512316,SEK
IMP-07094,Carmen,Braun,imp.07094@acme-corp.com,Finance,Analyst,L4,AU,2020-12-04,101748,AUD
IMP-07095,Mei,Smith,imp.07095@acme-corp.com,Sales,Analyst,L6,AE,2023-07-23,127129,AED
IMP-07096,Karen,Laurent,imp.07096@acme-corp.com,Sales,Analyst,L5,MX,2024-01-19,901507,MXN
IMP-07097,Linda,Hernandez,imp.07097@acme-corp.com,Operations,Manager,L5,GB,2017-06-23,94428,GBP
IMP-07098,Carmen,Nair,imp.07098@acme-corp.com,Engineering,Engineer,L6,DK,2024-09-10,616766,DKK
IMP-07099,Isabel,Joshi,imp.07099@acme-corp.com,Engineering,Engineer,L6,AE,2020-12-09,376363,AED
IMP-07100,Ibrahim,Brown,imp.07100@acme-corp.com,Design,Designer,L6,GB,2015-06-27,159079,GBP
IMP-07101,Ana,Xu,imp.07101@acme-corp.com,Finance,Analyst,L5,SG,2015-06-19,198566,SGD
IMP-07102,Yusuf,Wilson,imp.07102@acme-corp.com,Engineering,Engineer,L4,PL,2015-02-08,115033,PLN
IMP-07103,Karen,David,imp.07103@acme-corp.com,Engineering,Engineer,L2,NL,2021-10-23,124082,EUR
IMP-07104,Kenji,Jones,imp.07104@acme-corp.com,Sales,Analyst,L3,NL,2022-11-08,104316,EUR
IMP-07105,Takeshi,Garcia,imp.07105@acme-corp.com,HR,Manager,L3,AE,2019-03-25,408541,AED
IMP-07106,Elizabeth,Liu,imp.07106@acme-corp.com,Engineering,Engineer,L3,TW,2015-10-04,3330967,TWD
IMP-07107,James,Schmidt,imp.07107@acme-corp.com,Operations,Manager,L4,NO,2016-03-30,1362280,NOK
IMP-07108,Jose,Moore,imp.07108@acme-corp.com,Finance,Analyst,L4,KR,2023-11-05,84151883,KRW
IMP-07109,Hiroshi,Smith,imp.07109@acme-corp.com,Finance,Analyst,L5,DE,2020-11-07,108678,EUR
IMP-07110,Omar,Johnson,imp.07110@acme-corp.com,Design,Designer,L5,IE,2021-08-31,140049,EUR
IMP-07111,Nancy,Weber,imp.07111@acme-corp.com,Finance,Analyst,L2,GB,2021-01-01,122407,GBP
IMP-07112,Sung-min,Joshi,imp.07112@acme-corp.com,Finance,Analyst,L6,US,2019-12-06,103583,USD
IMP-07113,Michael,Jung,imp.07113@acme-corp.com,Finance,Analyst,L6,US,2017-05-25,156049,USD
IMP-07114,Chen,Lee,imp.07114@acme-corp.com,Sales,Analyst,L6,SE,2023-12-14,1032873,SEK
IMP-07115,Elizabeth,Xu,imp.07115@acme-corp.com,Operations,Manager,L1,US,2017-03-17,197173,USD
IMP-07116,Jessica,Pillai,imp.07116@acme-corp.com,HR,Manager,L5,US,2020-12-23,126805,USD
IMP-07117,Patricia,Schulz,imp.07117@acme-corp.com,Engineering,Engineer,L5,NL,2015-11-17,86422,EUR
IMP-07118,Liu,Bernard,imp.07118@acme-corp.com,Engineering,Engineer,L1,US,2020-01-22,92478,USD
IMP-07119,Jessica,Weber,imp.07119@acme-corp.com,Sales,Analyst,L3,ZA,2024-12-14,477443,ZAR
IMP-07120,Jennifer,Wang,imp.07120@acme-corp.com,Sales,Analyst,L2,AE,2022-11-11,310693,AED
IMP-07121,Zara,Klein,imp.07121@acme-corp.com,Sales,Analyst,L3,SG,2016-07-18,196450,SGD
IMP-07122,Luis,Michel,imp.07122@acme-corp.com,Engineering,Engineer,L5,NL,2024-12-12,143549,EUR
IMP-07123,Ananya,Fischer,imp.07123@acme-corp.com,HR,Manager,L2,US,2023-06-05,167966,USD
IMP-07124,Ananya,Nair,imp.07124@acme-corp.com,HR,Manager,L1,ZA,2022-02-02,758133,ZAR
IMP-07125,Zhang,Weber,imp.07125@acme-corp.com,Sales,Analyst,L3,ZA,2022-10-03,462726,ZAR
IMP-07126,Fatima,Garcia,imp.07126@acme-corp.com,Engineering,Engineer,L4,US,2024-10-12,98033,USD
IMP-07127,Barbara,Lim,imp.07127@acme-corp.com,Sales,Analyst,L4,PL,2018-10-11,121660,PLN
IMP-07128,Luis,Li,imp.07128@acme-corp.com,Sales,Analyst,L5,US,2022-03-17,186521,USD
IMP-07129,Hiroshi,Reddy,imp.07129@acme-corp.com,Sales,Analyst,L3,JP,2018-03-01,6879057,JPY
IMP-07130,Nancy,Kumar,imp.07130@acme-corp.com,Finance,Analyst,L1,NO,2021-07-15,1128961,NOK
IMP-07131,Jae-won,Simon,imp.07131@acme-corp.com,Engineering,Engineer,L2,US,2022-09-17,96399,USD
IMP-07132,Francisco,Dupont,imp.07132@acme-corp.com,Design,Designer,L1,DK,2015-10-01,1078039,DKK
IMP-07133,Nancy,Wilson,imp.07133@acme-corp.com,Engineering,Engineer,L1,ES,2016-01-04,141719,EUR
IMP-07134,Jae-won,Schulz,imp.07134@acme-corp.com,Engineering,Engineer,L1,DE,2018-08-01,103157,EUR
IMP-07135,Zhang,Wilson,imp.07135@acme-corp.com,Engineering,Engineer,L2,US,2020-11-10,145871,USD
IMP-07136,Jennifer,Garcia,imp.07136@acme-corp.com,Sales,Analyst,L5,FR,2021-03-04,118323,EUR
IMP-07137,Min,Hernandez,imp.07137@acme-corp.com,Engineering,Engineer,L4,GB,2019-03-23,110764,GBP
IMP-07138,Thomas,Lee,imp.07138@acme-corp.com,Sales,Analyst,L1,CH,2023-09-22,152567,CHF
IMP-07139,Hassan,Garcia,imp.07139@acme-corp.com,Sales,Analyst,L3,DE,2018-09-30,104325,EUR
IMP-07140,Yuna,Reddy,imp.07140@acme-corp.com,Sales,Analyst,L1,IN,2015-02-26,3080434,INR
IMP-07141,Francisco,Kim,imp.07141@acme-corp.com,Finance,Analyst,L2,ES,2017-12-30,144923,EUR
IMP-07142,Robert,Fischer,imp.07142@acme-corp.com,Engineering,Engineer,L5,ZA,2024-01-14,956171,ZAR
IMP-07143,Luis,Klein,imp.07143@acme-corp.com,Finance,Analyst,L6,GB,2021-02-06,102700,GBP
IMP-07144,Nancy,Davis,imp.07144@acme-corp.com,HR,Manager,L1,MX,2022-12-23,952251,MXN
IMP-07145,Ahmed,Klein,imp.07145@acme-corp.com,Engineering,Engineer,L5,US,2023-11-21,138981,USD
IMP-07146,Charles,Huang,imp.07146@acme-corp.com,Operations,Manager,L1,IN,2021-11-18,3819428,INR
IMP-07147,Francisco,Miller,imp.07147@acme-corp.com,Engineering,Engineer,L5,IN,2022-04-28,1889982,INR
IMP-07148,Pedro,Schmidt,imp.07148@acme-corp.com,Sales,Analyst,L2,DE,2024-03-09,132318,EUR
IMP-07149,Karen,Garcia,imp.07149@acme-corp.com,Finance,Analyst,L5,US,2021-04-06,95897,USD
IMP-07150,David,Lim,imp.07150@acme-corp.com,Design,Designer,L4,CA,2015-11-17,172859,CAD
IMP-07151,Isabel,Song,imp.07151@acme-corp.com,Engineering,Engineer,L5,GB,2019-01-23,92283,GBP
IMP-07152,Carlos,Moore,imp.07152@acme-corp.com,Finance,Analyst,L3,US,2022-05-16,191461,USD
IMP-07153,Wei,Anderson,imp.07153@acme-corp.com,Operations,Manager,L3,SE,2024-07-12,895881,SEK
IMP-07154,Robert,Jung,imp.07154@acme-corp.com,Finance,Analyst,L5,IN,2021-10-27,2621495,INR
IMP-07155,Ananya,Yang,imp.07155@acme-corp.com,Engineering,Engineer,L2,IN,2016-02-17,4104428,INR
IMP-07156,Jose,Liu,imp.07156@acme-corp.com,Engineering,Engineer,L6,US,2020-07-24,178509,USD
IMP-07157,Luis,Lee,imp.07157@acme-corp.com,Finance,Analyst,L2,US,2024-06-15,122506,USD
IMP-07158,Robert,Martin,imp.07158@acme-corp.com,HR,Manager,L6,NO,2015-08-26,492057,NOK
IMP-07159,Luis,Richter,imp.07159@acme-corp.com,Engineering,Engineer,L3,NO,2017-04-25,810072,NOK
IMP-07160,Yusuf,Lee,imp.07160@acme-corp.com,Engineering,Engineer,L3,PL,2016-11-25,215369,PLN
IMP-07161,Takeshi,Moore,imp.07161@acme-corp.com,Finance,Analyst,L3,NL,2023-06-25,78830,EUR
IMP-07162,Jennifer,Garcia,imp.07162@acme-corp.com,Design,Designer,L3,NL,2022-09-13,67411,EUR
IMP-07163,Yusuf,Becker,imp.07163@acme-corp.com,Engineering,Engineer,L1,CA,2018-01-13,92515,CAD
IMP-07164,Carlos,Martinez,imp.07164@acme-corp.com,Engineering,Engineer,L1,DK,2016-07-08,741757,DKK
IMP-07165,Hiroshi,Patel,imp.07165@acme-corp.com,Sales,Analyst,L3,NO,2022-12-11,879846,NOK
IMP-07166,Carlos,Müller,imp.07166@acme-corp.com,Operations,Manager,L5,CH,2021-06-11,156693,CHF
IMP-07167,Arjun,Jones,imp.07167@acme-corp.com,Sales,Analyst,L5,CA,2015-09-21,107329,CAD
IMP-07168,Sarah,Wu,imp.07168@acme-corp.com,Engineering,Engineer,L3,IE,2015-01-15,111069,EUR
IMP-07169,William,Li,imp.07169@acme-corp.com,Finance,Analyst,L6,HK,2019-10-27,647668,HKD
IMP-07170,Richard,Jung,imp.07170@acme-corp.com,Engineering,Engineer,L4,HK,2021-03-07,486368,HKD
IMP-07171,Carlos,Miller,imp.07171@acme-corp.com,Operations,Manager,L3,KR,2024-10-04,114306345,KRW
IMP-07172,Min,Richter,imp.07172@acme-corp.com,Sales,Analyst,L5,ZA,2015-04-17,1263253,ZAR
IMP-07173,Wei,Garcia,imp.07173@acme-corp.com,Design,Designer,L4,DE,2016-03-02,80311,EUR
IMP-07174,Ahmed,Reddy,imp.07174@acme-corp.com,Engineering,Engineer,L4,NL,2018-05-27,141903,EUR
IMP-07175,Sarah,Moore,imp.07175@acme-corp.com,Engineering,Engineer,L3,US,2021-03-03,195645,USD
IMP-07176,Yuki,Mehta,imp.07176@acme-corp.com,HR,Manager,L3,MX,2018-09-17,622664,MXN
IMP-07177,Zara,Nair,imp.07177@acme-corp.com,Engineering,Engineer,L5,US,2023-07-23,139728,USD
IMP-07178,Min,Brown,imp.07178@acme-corp.com,Engineering,Engineer,L6,CA,2020-12-01,95781,CAD
IMP-07179,Karen,Jackson,imp.07179@acme-corp.com,Operations,Manager,L1,NL,2020-05-18,116345,EUR
IMP-07180,Chen,David,imp.07180@acme-corp.com,Finance,Analyst,L4,ES,2022-09-03,67253,EUR
IMP-07181,Ana,Li,imp.07181@acme-corp.com,Design,Designer,L5,US,2018-07-13,112390,USD
IMP-07182,Karen,Lim,imp.07182@acme-corp.com,Engineering,Engineer,L5,SE,2024-09-07,558784,SEK
IMP-07183,Mei,Klein,imp.07183@acme-corp.com,HR,Manager,L2,TW,2018-12-20,3156251,TWD
IMP-07184,Zhang,Huang,imp.07184@acme-corp.com,Engineering,Engineer,L3,ES,2023-12-08,91536,EUR
IMP-07185,Carmen,Laurent,imp.07185@acme-corp.com,Finance,Analyst,L1,US,2018-03-31,179671,USD
IMP-07186,Jessica,Miller,imp.07186@acme-corp.com,Sales,Analyst,L6,PL,2019-08-18,174154,PLN
IMP-07187,Richard,Wang,imp.07187@acme-corp.com,Engineering,Engineer,L1,US,2020-02-14,186251,USD
IMP-07188,Ana,Han,imp.07188@acme-corp.com,Engineering,Engineer,L6,US,2018-12-13,188438,USD
IMP-07189,Maria,Liu,imp.07189@acme-corp.com,HR,Manager,L1,US,2018-04-25,91641,USD
IMP-07190,Charles,Song,imp.07190@acme-corp.com,Engineering,Engineer,L5,SG,2024-01-24,191679,SGD
IMP-07191,Yuki,Schulz,imp.07191@acme-corp.com,Sales,Analyst,L1,ES,2016-01-03,109235,EUR
IMP-07192,Rahul,Davis,imp.07192@acme-corp.com,Engineering,Engineer,L6,AE,2023-10-25,186294,AED
IMP-07193,Mary,Mehta,imp.07193@acme-corp.com,Finance,Analyst,L3,MX,2020-12-18,576609,MXN
IMP-07194,Fatima,Johnson,imp.07194@acme-corp.com,Finance,Analyst,L5,IN,2018-12-26,1004676,INR
IMP-07195,Luis,Thompson,imp.07195@acme-corp.com,Sales,Analyst,L3,US,2017-02-09,122466,USD
IMP-07196,Thomas,Miller,imp.07196@acme-corp.com,Engineering,Engineer,L4,GB,2023-07-03,140177,GBP
IMP-07197,Elizabeth,Joshi,imp.07197@acme-corp.com,Sales,Analyst,L1,CH,2016-01-22,107483,CHF
IMP-07198,Francisco,Anderson,imp.07198@acme-corp.com,Sales,Analyst,L2,DK,2022-01-28,767247,DKK
IMP-07199,Yuki,Kim,imp.07199@acme-corp.com,Engineering,Engineer,L2,DK,2021-02-02,1196461,DKK
IMP-07200,Layla,Kim,imp.07200@acme-corp.com,Finance,Analyst,L2,ZA,2023-11-12,749101,ZAR
IMP-07201,James,Michel,imp.07201@acme-corp.com,Finance,Analyst,L3,AU,2022-09-07,146122,AUD
IMP-07202,Richard,Roux,imp.07202@acme-corp.com,Engineering,Engineer,L3,TW,2023-06-14,1726087,TWD
IMP-07203,Layla,Laurent,imp.07203@acme-corp.com,Sales,Analyst,L1,ZA,2015-12-01,575292,ZAR
IMP-07204,Ananya,Smith,imp.07204@acme-corp.com,Sales,Analyst,L1,SE,2019-07-08,1079236,SEK
IMP-07205,Yuna,Wang,imp.07205@acme-corp.com,Engineering,Engineer,L5,PL,2023-06-28,132070,PLN
IMP-07206,Carmen,Bernard,imp.07206@acme-corp.com,Finance,Analyst,L2,ZA,2015-07-22,1384396,ZAR
IMP-07207,Yuki,Becker,imp.07207@acme-corp.com,Engineering,Engineer,L4,GB,2023-04-20,96540,GBP
IMP-07208,James,Brown,imp.07208@acme-corp.com,Engineering,Engineer,L5,JP,2015-11-15,16602261,JPY
IMP-07209,Jessica,Singh,imp.07209@acme-corp.com,Engineering,Engineer,L1,AE,2022-02-13,354078,AED
IMP-07210,Ananya,Kang,imp.07210@acme-corp.com,Engineering,Engineer,L6,US,2024-03-11,75995,USD
IMP-07211,Pedro,Smith,imp.07211@acme-corp.com,Operations,Manager,L5,US,2020-05-05,72405,USD
IMP-07212,Robert,Yoon,imp.07212@acme-corp.com,Sales,Analyst,L2,TW,2017-04-20,1702291,TWD
IMP-07213,Chen,Müller,imp.07213@acme-corp.com,Engineering,Engineer,L4,JP,2021-02-13,12887658,JPY
IMP-07214,Yuki,Johnson,imp.07214@acme-corp.com,Engineering,Engineer,L6,KR,2021-05-05,60154354,KRW
IMP-07215,Nancy,Braun,imp.07215@acme-corp.com,Design,Designer,L5,SE,2021-12-08,886123,SEK
IMP-07216,Sarah,Taylor,imp.07216@acme-corp.com,Sales,Analyst,L1,FR,2021-10-29,58964,EUR
IMP-07217,James,Yang,imp.07217@acme-corp.com,Sales,Analyst,L2,KR,2015-03-12,72585831,KRW
IMP-07218,Joseph,Joshi,imp.07218@acme-corp.com,Operations,Manager,L4,JP,2020-07-22,7746319,JPY
IMP-07219,Nancy,Choi,imp.07219@acme-corp.com,Engineering,Engineer,L5,DE,2024-11-03,143780,EUR
IMP-07220,Rosa,Davis,imp.07220@acme-corp.com,HR,Manager,L2,PL,2020-11-22,211927,PLN
IMP-07221,Hassan,White,imp.07221@acme-corp.com,Design,Designer,L1,DE,2015-10-12,143688,EUR
IMP-07222,Carlos,Schulz,imp.07222@acme-corp.com,Operations,Manager,L1,MX,2024-09-03,707003,MXN
IMP-07223,Ana,Garcia,imp.07223@acme-corp.com,Sales,Analyst,L2,KR,2022-01-24,122402362,KRW
IMP-07224,Yuna,Lee,imp.07224@acme-corp.com,Engineering,Engineer,L3,HK,2019-10-15,809065,HKD
IMP-07225,William,Anderson,imp.07225@acme-corp.com,Sales,Analyst,L6,KR,2021-08-12,120664439,KRW
IMP-07226,Elizabeth,Moreau,imp.07226@acme-corp.com,Engineering,Engineer,L4,US,2017-05-31,178166,USD
IMP-07227,James,Wilson,imp.07227@acme-corp.com,Operations,Manager,L2,AE,2022-08-27,178112,AED
IMP-07228,Carmen,Anderson,imp.07228@acme-corp.com,Design,Designer,L5,DE,2020-06-17,143804,EUR
IMP-07229,Sakura,Kumar,imp.07229@acme-corp.com,Finance,Analyst,L4,NL,2016-04-03,59903,EUR
IMP-07230,Sung-min,Wu,imp.07230@acme-corp.com,Operations,Manager,L3,HK,2024-05-10,427705,HKD
IMP-07231,Carmen,Davis,imp.07231@acme-corp.com,Finance,Analyst,L5,US,2023-02-11,217001,USD
IMP-07232,William,Song,imp.07232@acme-corp.com,Engineering,Engineer,L1,SG,2022-07-01,80116,SGD
IMP-07233,Yuki,Richter,imp.07233@acme-corp.com,HR,Manager,L4,GB,2017-02-28,111945,GBP
IMP-07234,Michael,Müller,imp.07234@acme-corp.com,Engineering,Engineer,L1,AU,2017-12-04,128089,AUD
IMP-07235,Zhang,Wang,imp.07235@acme-corp.com,Finance,Analyst,L2,KR,2017-07-05,122382505,KRW
IMP-07236,Yusuf,Bernard,imp.07236@acme-corp.com,Engineering,Engineer,L5,ZA,2020-12-11,318818,ZAR
IMP-07237,Patricia,Yoon,imp.07237@acme-corp.com,Engineering,Engineer,L3,IN,2023-08-13,1394234,INR
IMP-07238,Joseph,Kumar,imp.07238@acme-corp.com,Finance,Analyst,L5,FR,2022-03-12,78211,EUR
IMP-07239,Hassan,Song,imp.07239@acme-corp.com,Engineering,Engineer,L5,SE,2018-02-25,457717,SEK
IMP-07240,Jae-won,Davis,imp.07240@acme-corp.com,Operations,Manager,L4,US,2015-10-03,106405,USD
IMP-07241,Barbara,White,imp.07241@acme-corp.com,Sales,Analyst,L6,DE,2018-02-26,144674,EUR
IMP-07242,Maria,Dupont,imp.07242@acme-corp.com,Design,Designer,L6,KR,2016-08-05,86121964,KRW
IMP-07243,Ji-young,Nair,imp.07243@acme-corp.com,Operations,Manager,L6,SG,2021-07-13,164725,SGD
IMP-07244,Ibrahim,Williams,imp.07244@acme-corp.com,Operations,Manager,L1,SE,2019-02-04,983395,SEK
IMP-07245,Zara,Song,imp.07245@acme-corp.com,Engineering,Engineer,L2,GB,2024-10-08,67975,GBP
IMP-07246,Arjun,Liu,imp.07246@acme-corp.com,Operations,Manager,L5,ES,2016-05-16,52847,EUR
IMP-07247,Thomas,Chen,imp.07247@acme-corp.com,Sales,Analyst,L3,NO,2021-08-14,953523,NOK
IMP-07248,Zhang,David,imp.07248@acme-corp.com,HR,Manager,L4,TW,2016-03-01,1795821,TWD
IMP-07249,Akiko,Singh,imp.07249@acme-corp.com,Engineering,Engineer,L6,NO,2019-08-07,820667,NOK
IMP-07250,Zhang,Braun,imp.07250@acme-corp.com,Operations,Manager,L2,IN,2023-02-19,1059962,INR
IMP-07251,Nancy,David,imp.07251@acme-corp.com,Finance,Analyst,L4,US,2021-09-10,118567,USD
IMP-07252,Michael,Yoon,imp.07252@acme-corp.com,Engineering,Engineer,L1,NL,2017-01-07,126599,EUR
IMP-07253,Priya,Anderson,imp.07253@acme-corp.com,HR,Manager,L2,DK,2019-08-07,660456,DKK
IMP-07254,Arjun,Garcia,imp.07254@acme-corp.com,Sales,Analyst,L2,AE,2022-02-21,464142,AED
IMP-07255,Mary,Bernard,imp.07255@acme-corp.com,Engineering,Engineer,L5,DK,2023-02-08,610469,DKK
IMP-07256,Barbara,Singh,imp.07256@acme-corp.com,Operations,Manager,L4,US,2016-05-23,121708,USD
IMP-07257,Jessica,Taylor,imp.07257@acme-corp.com,Sales,Analyst,L6,PL,2019-07-31,207059,PLN
IMP-07258,Karen,Lim,imp.07258@acme-corp.com,Engineering,Engineer,L5,US,2017-04-14,191584,USD
IMP-07259,Ana,Song,imp.07259@acme-corp.com,Operations,Manager,L1,HK,2021-03-20,780141,HKD
IMP-07260,Karen,Brown,imp.07260@acme-corp.com,Engineering,Engineer,L2,US,2018-08-22,89812,USD
IMP-07261,Luis,Williams,imp.07261@acme-corp.com,Engineering,Engineer,L2,ZA,2024-12-07,1104198,ZAR
IMP-07262,Zara,Xu,imp.07262@acme-corp.com,Engineering,Engineer,L6,JP,2017-03-10,15897808,JPY
IMP-07263,Priya,Kim,imp.07263@acme-corp.com,Operations,Manager,L5,TW,2019-08-29,2812613,TWD
IMP-07264,Mary,Moreau,imp.07264@acme-corp.com,Engineering,Engineer,L1,CA,2021-07-26,108737,CAD
IMP-07265,Isabel,Martinez,imp.07265@acme-corp.com,Engineering,Engineer,L6,AE,2022-11-28,378100,AED
IMP-07266,Ji-young,Wilson,imp.07266@acme-corp.com,Engineering,Engineer,L4,GB,2015-10-21,106732,GBP
IMP-07267,Ji-young,White,imp.07267@acme-corp.com,Engineering,Engineer,L2,ES,2024-04-18,75251,EUR
IMP-07268,Barbara,Müller,imp.07268@acme-corp.com,Sales,Analyst,L4,DE,2021-09-10,80402,EUR
IMP-07269,Liu,Schmidt,imp.07269@acme-corp.com,Sales,Analyst,L6,DK,2015-12-15,991686,DKK
IMP-07270,Zhang,Wang,imp.07270@acme-corp.com,Engineering,Engineer,L2,NL,2024-12-25,143473,EUR
IMP-07271,Ji-young,Martin,imp.07271@acme-corp.com,Engineering,Engineer,L6,PL,2021-07-26,234034,PLN
IMP-07272,Kenji,Davis,imp.07272@acme-corp.com,Design,Designer,L6,NL,2015-08-09,92691,EUR
IMP-07273,Ahmed,Singh,imp.07273@acme-corp.com,Operations,Manager,L2,AE,2022-12-29,344203,AED
IMP-07274,Thomas,Becker,imp.07274@acme-corp.com,Design,Designer,L1,KR,2017-04-25,73511403,KRW
IMP-07275,Thomas,Michel,imp.07275@acme-corp.com,HR,Manager,L5,GB,2022-07-05,89654,GBP
IMP-07276,Takeshi,Park,imp.07276@acme-corp.com,Design,Designer,L5,AU,2024-08-07,139416,AUD
IMP-07277,Min,Davis,imp.07277@acme-corp.com,Sales,Analyst,L4,US,2016-03-10,219863,USD
IMP-07278,Ahmed,Kim,imp.07278@acme-corp.com,Finance,Analyst,L5,MX,2017-09-16,700405,MXN
IMP-07279,Zara,Sharma,imp.07279@acme-corp.com,Engineering,Engineer,L3,FR,2021-11-13,87197,EUR
IMP-07280,Susan,Laurent,imp.07280@acme-corp.com,Finance,Analyst,L1,HK,2023-11-28,329263,HKD
IMP-07281,Rahul,Anderson,imp.07281@acme-corp.com,Engineering,Engineer,L1,GB,2015-12-21,141687,GBP
IMP-07282,Joseph,Han,imp.07282@acme-corp.com,Operations,Manager,L4,IN,2022-05-07,3744431,INR
IMP-07283,Jennifer,Han,imp.07283@acme-corp.com,Sales,Analyst,L2,CA,2018-09-04,127675,CAD
IMP-07284,Liu,Reddy,imp.07284@acme-corp.com,Engineering,Engineer,L3,GB,2023-12-16,84159,GBP
IMP-07285,Layla,Zhang,imp.07285@acme-corp.com,Operations,Manager,L5,PL,2018-10-28,207333,PLN
IMP-07286,Yusuf,Michel,imp.07286@acme-corp.com,Operations,Manager,L4,GB,2022-04-17,158627,GBP
IMP-07287,Kenji,Miller,imp.07287@acme-corp.com,Sales,Analyst,L5,NO,2016-07-30,777044,NOK
IMP-07288,Ahmed,Moore,imp.07288@acme-corp.com,Engineering,Engineer,L3,DE,2022-10-04,110359,EUR
IMP-07289,Luis,Dupont,imp.07289@acme-corp.com,Operations,Manager,L2,FR,2020-07-04,114986,EUR
IMP-07290,Kenji,Joshi,imp.07290@acme-corp.com,Finance,Analyst,L4,DE,2017-04-14,90720,EUR
IMP-07291,Ananya,Kang,imp.07291@acme-corp.com,HR,Manager,L4,TW,2024-11-04,2240242,TWD
IMP-07292,Charles,Michel,imp.07292@acme-corp.com,Engineering,Engineer,L5,DK,2018-08-18,582038,DKK
IMP-07293,Maria,Li,imp.07293@acme-corp.com,Finance,Analyst,L5,SG,2017-03-08,199577,SGD
IMP-07294,Aisha,Michel,imp.07294@acme-corp.com,Finance,Analyst,L3,GB,2015-10-25,75376,GBP
IMP-07295,Zara,Müller,imp.07295@acme-corp.com,Engineering,Engineer,L2,NL,2015-03-30,96962,EUR
IMP-07296,Hassan,Xu,imp.07296@acme-corp.com,Engineering,Engineer,L4,NL,2020-01-04,98664,EUR
IMP-07297,Carlos,Xu,imp.07297@acme-corp.com,Engineering,Engineer,L1,JP,2016-12-09,9662782,JPY
IMP-07298,Linda,Bernard,imp.07298@acme-corp.com,Sales,Analyst,L3,FR,2018-05-14,106961,EUR
IMP-07299,Omar,Thomas,imp.07299@acme-corp.com,Sales,Analyst,L2,DE,2015-10-04,85222,EUR
IMP-07300,Rosa,Hoffmann,imp.07300@acme-corp.com,Design,Designer,L1,US,2021-07-25,134007,USD
IMP-07301,Layla,Jones,imp.07301@acme-corp.com,Operations,Manager,L6,AE,2024-06-10,486530,AED
IMP-07302,Luis,Lee,imp.07302@acme-corp.com,Engineering,Engineer,L3,SG,2023-09-12,94369,SGD
IMP-07303,Ibrahim,Patel,imp.07303@acme-corp.com,Engineering,Engineer,L6,NO,2018-03-14,846915,NOK
IMP-07304,Yuna,Weber,imp.07304@acme-corp.com,Sales,Analyst,L1,IN,2021-03-19,3481781,INR
IMP-07305,Mary,Liu,imp.07305@acme-corp.com,Finance,Analyst,L3,JP,2019-12-21,5790327,JPY
IMP-07306,Ana,Zhou,imp.07306@acme-corp.com,Design,Designer,L6,NL,2019-04-05,80200,EUR
IMP-07307,James,Smith,imp.07307@acme-corp.com,Engineering,Engineer,L2,IN,2016-05-20,2460407,INR
IMP-07308,Sarah,Braun,imp.07308@acme-corp.com,Engineering,Engineer,L6,NO,2017-08-04,569579,NOK
IMP-07309,James,Martinez,imp.07309@acme-corp.com,Engineering,Engineer,L1,SE,2024-11-28,957499,SEK
IMP-07310,Hassan,Sharma,imp.07310@acme-corp.com,Sales,Analyst,L5,CH,2024-02-23,106401,CHF
IMP-07311,Rahul,Miller,imp.07311@acme-corp.com,Engineering,Engineer,L2,IN,2022-04-23,3960042,INR
IMP-07312,Hassan,Thomas,imp.07312@acme-corp.com,Sales,Analyst,L5,KR,2015-09-08,126277447,KRW
IMP-07313,Min,Hernandez,imp.07313@acme-corp.com,Engineering,Engineer,L6,IN,2024-01-09,811738,INR
IMP-07314,Isabel,Fischer,imp.07314@acme-corp.com,Engineering,Engineer,L1,ZA,2016-03-01,887399,ZAR
IMP-07315,Liu,Hoffmann,imp.07315@acme-corp.com,Sales,Analyst,L4,JP,2019-12-08,10998227,JPY
IMP-07316,Francisco,Anderson,imp.07316@acme-corp.com,Engineering,Engineer,L2,CH,2018-06-09,113868,CHF
IMP-07317,Ji-young,Yoon,imp.07317@acme-corp.com,Engineering,Engineer,L6,JP,2021-06-18,11592045,JPY
IMP-07318,Jennifer,Singh,imp.07318@acme-corp.com,Engineering,Engineer,L2,DE,2017-11-27,137035,EUR
IMP-07319,Sakura,Chen,imp.07319@acme-corp.com,Operations,Manager,L2,CA,2021-05-08,80279,CAD
IMP-07320,Maria,Martinez,imp.07320@acme-corp.com,Engineering,Engineer,L5,US,2015-08-04,95982,USD
IMP-07321,Layla,Song,imp.07321@acme-corp.com,Finance,Analyst,L2,CA,2022-04-01,111784,CAD
IMP-07322,Maria,Joshi,imp.07322@acme-corp.com,Engineering,Engineer,L4,PL,2015-10-08,232393,PLN
IMP-07323,Yusuf,Williams,imp.07323@acme-corp.com,Engineering,Engineer,L4,DK,2020-01-02,401217,DKK
IMP-07324,Sakura,Chen,imp.07324@acme-corp.com,Engineering,Engineer,L5,NL,2015-05-31,80160,EUR
IMP-07325,Jae-won,Joshi,imp.07325@acme-corp.com,HR,Manager,L4,GB,2023-01-03,106321,GBP
IMP-07326,Robert,Xu,imp.07326@acme-corp.com,Finance,Analyst,L3,ZA,2023-05-12,849349,ZAR
IMP-07327,Hiroshi,Müller,imp.07327@acme-corp.com,Finance,Analyst,L6,AE,2023-05-29,536670,AED
IMP-07328,Richard,Joshi,imp.07328@acme-corp.com,Engineering,Engineer,L2,AE,2022-04-23,540932,AED
IMP-07329,Sarah,Patel,imp.07329@acme-corp.com,Operations,Manager,L5,FR,2021-02-05,134238,EUR
IMP-07330,Thomas,Schmidt,imp.07330@acme-corp.com,HR,Manager,L3,NO,2019-03-22,800155,NOK
IMP-07331,Yusuf,Roux,imp.07331@acme-corp.com,Finance,Analyst,L1,DE,2015-01-10,136251,EUR
IMP-07332,Carlos,David,imp.07332@acme-corp.com,Sales,Analyst,L2,GB,2018-06-30,138599,GBP
IMP-07333,Akiko,Song,imp.07333@acme-corp.com,Finance,Analyst,L4,TW,2021-05-09,1467970,TWD
IMP-07334,Nancy,Williams,imp.07334@acme-corp.com,Sales,Analyst,L6,JP,2019-02-04,8146456,JPY
IMP-07335,Yuna,Simon,imp.07335@acme-corp.com,Engineering,Engineer,L5,ZA,2018-07-11,1364031,ZAR
IMP-07336,Barbara,Weber,imp.07336@acme-corp.com,Engineering,Engineer,L6,FR,2015-07-16,85605,EUR
IMP-07337,Rahul,Kumar,imp.07337@acme-corp.com,Engineering,Engineer,L3,DE,2023-10-23,110050,EUR
IMP-07338,Charles,Klein,imp.07338@acme-corp.com,Operations,Manager,L6,AE,2017-06-26,210434,AED
IMP-07339,Pedro,Jackson,imp.07339@acme-corp.com,Sales,Analyst,L1,FR,2023-08-07,52994,EUR
IMP-07340,Sung-min,Thompson,imp.07340@acme-corp.com,Engineering,Engineer,L6,HK,2024-09-07,1152650,HKD
IMP-07341,Jose,Hernandez,imp.07341@acme-corp.com,Operations,Manager,L5,CA,2024-02-01,81857,CAD
IMP-07342,Wei,Laurent,imp.07342@acme-corp.com,Engineering,Engineer,L1,US,2021-11-25,116276,USD
IMP-07343,Mei,Simon,imp.07343@acme-corp.com,HR,Manager,L6,DK,2017-06-13,534294,DKK
IMP-07344,Elizabeth,Lee,imp.07344@acme-corp.com,Operations,Manager,L6,DK,2018-11-23,1107361,DKK
IMP-07345,Mary,Taylor,imp.07345@acme-corp.com,Design,Designer,L3,US,2024-06-11,82188,USD
IMP-07346,Carlos,Zhou,imp.07346@acme-corp.com,Operations,Manager,L5,AU,2019-06-10,103874,AUD
IMP-07347,Takeshi,Reddy,imp.07347@acme-corp.com,Finance,Analyst,L6,HK,2017-12-12,577568,HKD
IMP-07348,Akiko,Thompson,imp.07348@acme-corp.com,Operations,Manager,L4,SG,2024-11-08,100535,SGD
IMP-07349,Linda,Anderson,imp.07349@acme-corp.com,Sales,Analyst,L3,IN,2017-07-09,3997334,INR
IMP-07350,Aisha,Park,imp.07350@acme-corp.com,Operations,Manager,L6,US,2019-02-03,65908,USD
IMP-07351,Richard,Bernard,imp.07351@acme-corp.com,Operations,Manager,L5,JP,2017-03-28,11579278,JPY
IMP-07352,Michael,Lim,imp.07352@acme-corp.com,Engineering,Engineer,L1,SG,2019-08-29,166293,SGD
IMP-07353,Mei,Martinez,imp.07353@acme-corp.com,Sales,Analyst,L5,GB,2022-04-06,110739,GBP
IMP-07354,Pedro,Park,imp.07354@acme-corp.com,Engineering,Engineer,L1,TW,2024-03-19,2728388,TWD
IMP-07355,Karen,Braun,imp.07355@acme-corp.com,Engineering,Engineer,L4,SE,2023-07-02,949377,SEK
IMP-07356,Charles,Davis,imp.07356@acme-corp.com,Sales,Analyst,L2,GB,2019-05-26,114974,GBP
IMP-07357,Pedro,Davis,imp.07357@acme-corp.com,Operations,Manager,L4,NO,2018-07-30,680775,NOK
IMP-07358,Joseph,Weber,imp.07358@acme-corp.com,Design,Designer,L4,JP,2015-03-17,14862553,JPY
IMP-07359,Priya,Singh,imp.07359@acme-corp.com,Engineering,Engineer,L4,NO,2024-11-28,941197,NOK
IMP-07360,Rosa,Reddy,imp.07360@acme-corp.com,Engineering,Engineer,L3,US,2016-03-26,155898,USD
IMP-07361,Carlos,Singh,imp.07361@acme-corp.com,Sales,Analyst,L4,AE,2017-04-15,330207,AED
IMP-07362,Takeshi,Thomas,imp.07362@acme-corp.com,HR,Manager,L5,KR,2020-02-16,96478388,KRW
IMP-07363,Carmen,Brown,imp.07363@acme-corp.com,Operations,Manager,L4,FR,2015-04-01,109781,EUR
IMP-07364,Wei,Kang,imp.07364@acme-corp.com,Engineering,Engineer,L4,DE,2023-05-28,50055,EUR
IMP-07365,Isabel,Martinez,imp.07365@acme-corp.com,Sales,Analyst,L2,GB,2020-04-17,68324,GBP
IMP-07366,Maria,Miller,imp.07366@acme-corp.com,Operations,Manager,L3,TW,2016-08-15,2897823,TWD
IMP-07367,Chen,Brown,imp.07367@acme-corp.com,Finance,Analyst,L5,AU,2015-01-12,107712,AUD
IMP-07368,Arjun,Roux,imp.07368@acme-corp.com,Engineering,Engineer,L1,US,2016-04-22,165666,USD
IMP-07369,Hiroshi,Johnson,imp.07369@acme-corp.com,Engineering,Engineer,L1,ES,2019-11-13,111871,EUR
IMP-07370,Linda,Becker,imp.07370@acme-corp.com,Engineering,Engineer,L6,DE,2020-07-24,128262,EUR
IMP-07371,Ahmed,Garcia,imp.07371@acme-corp.com,Engineering,Engineer,L1,MX,2016-07-11,1007318,MXN
IMP-07372,Maria,Nair,imp.07372@acme-corp.com,HR,Manager,L4,FR,2020-05-18,117816,EUR
IMP-07373,Hassan,Kang,imp.07373@acme-corp.com,Design,Designer,L4,FR,2017-07-09,144012,EUR
IMP-07374,Omar,Roux,imp.07374@acme-corp.com,Finance,Analyst,L3,US,2016-06-19,115492,USD
IMP-07375,Jae-won,Reddy,imp.07375@acme-corp.com,Engineering,Engineer,L5,IN,2022-12-24,3378659,INR
IMP-07376,Rosa,Bernard,imp.07376@acme-corp.com,Sales,Analyst,L5,NL,2024-12-18,142078,EUR
IMP-07377,Susan,Yoon,imp.07377@acme-corp.com,Operations,Manager,L3,HK,2020-10-17,870880,HKD
IMP-07378,Yuki,Moore,imp.07378@acme-corp.com,Sales,Analyst,L6,US,2023-12-26,156221,USD
IMP-07379,Wei,Reddy,imp.07379@acme-corp.com,Sales,Analyst,L2,HK,2020-10-16,963214,HKD
IMP-07380,Wei,Taylor,imp.07380@acme-corp.com,Engineering,Engineer,L5,CA,2017-05-10,115471,CAD
IMP-07381,Susan,Jung,imp.07381@acme-corp.com,HR,Manager,L6,US,2024-10-29,139299,USD
IMP-07382,Priya,Hoffmann,imp.07382@acme-corp.com,Operations,Manager,L6,HK,2021-03-24,469739,HKD
IMP-07383,Yuki,Schulz,imp.07383@acme-corp.com,Engineering,Engineer,L2,TW,2015-03-06,2365471,TWD
IMP-07384,Susan,Kumar,imp.07384@acme-corp.com,Engineering,Engineer,L4,DK,2017-10-07,938124,DKK
IMP-07385,Ana,Kim,imp.07385@acme-corp.com,Operations,Manager,L1,SG,2024-06-28,130333,SGD
IMP-07386,Elizabeth,Becker,imp.07386@acme-corp.com,Engineering,Engineer,L4,CA,2019-11-11,122364,CAD
IMP-07387,Fatima,Lee,imp.07387@acme-corp.com,Sales,Analyst,L4,US,2019-05-05,79774,USD
IMP-07388,Omar,Kang,imp.07388@acme-corp.com,Finance,Analyst,L4,GB,2019-07-26,74139,GBP
IMP-07389,Isabel,Mehta,imp.07389@acme-corp.com,Operations,Manager,L6,GB,2019-06-11,47645,GBP
IMP-07390,Linda,Garcia,imp.07390@acme-corp.com,Engineering,Engineer,L3,US,2020-03-20,77468,USD
IMP-07391,Barbara,Kang,imp.07391@acme-corp.com,Engineering,Engineer,L6,IN,2021-08-31,3788204,INR
IMP-07392,William,Pillai,imp.07392@acme-corp.com,Sales,Analyst,L4,AE,2023-03-13,350421,AED
IMP-07393,Karen,Kim,imp.07393@acme-corp.com,Operations,Manager,L5,SE,2024-08-21,1072620,SEK
IMP-07394,Richard,David,imp.07394@acme-corp.com,Sales,Analyst,L3,GB,2019-02-24,131215,GBP
IMP-07395,Karen,Hernandez,imp.07395@acme-corp.com,Engineering,Engineer,L6,KR,2020-07-13,59790260,KRW
IMP-07396,Patricia,Han,imp.07396@acme-corp.com,HR,Manager,L3,US,2018-03-30,169179,USD
IMP-07397,Carmen,David,imp.07397@acme-corp.com,Engineering,Engineer,L4,HK,2018-12-01,323527,HKD
IMP-07398,Chen,Sharma,imp.07398@acme-corp.com,Finance,Analyst,L1,DE,2017-08-21,60162,EUR
IMP-07399,Isabel,Taylor,imp.07399@acme-corp.com,Engineering,Engineer,L2,SG,2017-12-18,199524,SGD
IMP-07400,Wei,Martin,imp.07400@acme-corp.com,Sales,Analyst,L3,SG,2024-05-15,127280,SGD
IMP-07401,Omar,Zhou,imp.07401@acme-corp.com,HR,Manager,L4,GB,2019-04-08,101225,GBP
IMP-07402,Jae-won,Davis,imp.07402@acme-corp.com,Engineering,Engineer,L3,KR,2019-07-29,51220320,KRW
IMP-07403,Ana,Simon,imp.07403@acme-corp.com,Design,Designer,L4,AE,2015-09-10,446957,AED
IMP-07404,Nancy,Yoon,imp.07404@acme-corp.com,Finance,Analyst,L2,CA,2021-02-07,135188,CAD
IMP-07405,Wei,Kang,imp.07405@acme-corp.com,Operations,Manager,L4,DK,2015-07-07,767160,DKK
IMP-07406,Karen,Chen,imp.07406@acme-corp.com,Sales,Analyst,L1,IN,2015-06-13,2961759,INR
IMP-07407,Michael,Zhang,imp.07407@acme-corp.com,Sales,Analyst,L3,ZA,2020-10-06,917114,ZAR
IMP-07408,Yuki,Becker,imp.07408@acme-corp.com,Engineering,Engineer,L4,CH,2018-09-04,160780,CHF
IMP-07409,Sung-min,Schmidt,imp.07409@acme-corp.com,Engineering,Engineer,L2,DE,2021-07-26,95948,EUR
IMP-07410,Karen,Sharma,imp.07410@acme-corp.com,Sales,Analyst,L5,JP,2017-06-09,11110596,JPY
IMP-07411,Aisha,Simon,imp.07411@acme-corp.com,HR,Manager,L1,FR,2021-09-22,144381,EUR
IMP-07412,Omar,Martin,imp.07412@acme-corp.com,Sales,Analyst,L6,DK,2023-06-04,892467,DKK
IMP-07413,Nancy,Bernard,imp.07413@acme-corp.com,Engineering,Engineer,L2,GB,2016-10-31,47872,GBP
IMP-07414,Sarah,Brown,imp.07414@acme-corp.com,Sales,Analyst,L3,SG,2022-11-19,125417,SGD
IMP-07415,Rosa,Lee,imp.07415@acme-corp.com,Operations,Manager,L4,JP,2022-12-06,4890450,JPY
IMP-07416,Richard,Nair,imp.07416@acme-corp.com,Finance,Analyst,L1,NL,2023-09-22,112921,EUR
IMP-07417,Sung-min,Gupta,imp.07417@acme-corp.com,Operations,Manager,L3,ES,2024-03-08,75999,EUR
IMP-07418,Barbara,Becker,imp.07418@acme-corp.com,Engineering,Engineer,L1,DE,2022-05-17,131475,EUR
IMP-07419,Patricia,Simon,imp.07419@acme-corp.com,Sales,Analyst,L1,US,2015-02-10,92597,USD
IMP-07420,Hassan,Moore,imp.07420@acme-corp.com,Finance,Analyst,L4,SG,2020-01-10,115587,SGD
IMP-07421,Luis,David,imp.07421@acme-corp.com,Engineering,Engineer,L2,SG,2021-05-16,71002,SGD
IMP-07422,Priya,Garcia,imp.07422@acme-corp.com,Engineering,Engineer,L4,JP,2024-01-20,11947859,JPY
IMP-07423,David,Jung,imp.07423@acme-corp.com,Engineering,Engineer,L2,IE,2019-07-17,135055,EUR
IMP-07424,Jessica,Smith,imp.07424@acme-corp.com,HR,Manager,L3,US,2018-06-13,116032,USD
IMP-07425,Hiroshi,Joshi,imp.07425@acme-corp.com,Engineering,Engineer,L4,GB,2020-07-19,85458,GBP
IMP-07426,Arjun,Liu,imp.07426@acme-corp.com,Finance,Analyst,L6,DE,2018-07-03,69712,EUR
IMP-07427,Priya,Johnson,imp.07427@acme-corp.com,Finance,Analyst,L2,MX,2020-09-17,1128919,MXN
IMP-07428,Francisco,Becker,imp.07428@acme-corp.com,Finance,Analyst,L4,DE,2023-06-10,80742,EUR
IMP-07429,Carlos,Becker,imp.07429@acme-corp.com,Sales,Analyst,L4,ES,2016-12-19,109840,EUR
IMP-07430,James,David,imp.07430@acme-corp.com,HR,Manager,L4,US,2015-09-16,176392,USD
IMP-07431,Jennifer,Zhang,imp.07431@acme-corp.com,Operations,Manager,L6,MX,2018-04-11,928176,MXN
IMP-07432,Jennifer,Chen,imp.07432@acme-corp.com,HR,Manager,L3,GB,2023-07-12,109798,GBP
IMP-07433,Luis,Bernard,imp.07433@acme-corp.com,Engineering,Engineer,L5,AE,2017-10-26,397000,AED
IMP-07434,Zara,Patel,imp.07434@acme-corp.com,HR,Manager,L3,JP,2018-03-15,15651360,JPY
IMP-07435,Ana,Bernard,imp.07435@acme-corp.com,Engineering,Engineer,L5,AE,2021-05-21,257605,AED
IMP-07436,Yuki,Lim,imp.07436@acme-corp.com,Finance,Analyst,L4,GB,2017-07-14,151174,GBP
IMP-07437,William,Yoon,imp.07437@acme-corp.com,Engineering,Engineer,L6,US,2018-11-05,135747,USD
IMP-07438,Sarah,Moore,imp.07438@acme-corp.com,Finance,Analyst,L6,IN,2017-11-08,4472743,INR
IMP-07439,Susan,Klein,imp.07439@acme-corp.com,Operations,Manager,L3,AU,2022-05-29,157947,AUD
IMP-07440,Chen,Dupont,imp.07440@acme-corp.com,Engineering,Engineer,L6,DK,2016-08-31,436524,DKK
IMP-07441,Barbara,Martinez,imp.07441@acme-corp.com,HR,Manager,L6,JP,2019-04-07,15980077,JPY
IMP-07442,James,Zhou,imp.07442@acme-corp.com,Engineering,Engineer,L2,MX,2019-09-09,439408,MXN
IMP-07443,Barbara,Martin,imp.07443@acme-corp.com,Sales,Analyst,L1,SE,2021-04-19,716438,SEK
IMP-07444,Takeshi,Jackson,imp.07444@acme-corp.com,Design,Designer,L5,TW,2018-07-14,1634282,TWD
IMP-07445,Yuna,Becker,imp.07445@acme-corp.com,Operations,Manager,L6,IE,2015-11-22,149833,EUR
IMP-07446,Linda,Jones,imp.07446@acme-corp.com,Engineering,Engineer,L2,NO,2015-07-03,1019906,NOK
IMP-07447,Mary,Lim,imp.07447@acme-corp.com,Sales,Analyst,L4,HK,2016-10-28,680766,HKD
IMP-07448,Wei,Sharma,imp.07448@acme-corp.com,HR,Manager,L3,DK,2023-10-03,568145,DKK
IMP-07449,Rosa,Taylor,imp.07449@acme-corp.com,Finance,Analyst,L5,US,2016-08-22,112206,USD
IMP-07450,Charles,Kumar,imp.07450@acme-corp.com,Design,Designer,L2,KR,2015-08-10,110552124,KRW
IMP-07451,Min,Reddy,imp.07451@acme-corp.com,Finance,Analyst,L6,IE,2024-08-08,149128,EUR
IMP-07452,Zhang,Schmidt,imp.07452@acme-corp.com,Operations,Manager,L5,ES,2020-09-01,67159,EUR
IMP-07453,Kenji,Choi,imp.07453@acme-corp.com,Operations,Manager,L1,NL,2016-11-10,96027,EUR
IMP-07454,Hassan,Kim,imp.07454@acme-corp.com,Engineering,Engineer,L6,GB,2015-03-01,146178,GBP
IMP-07455,Barbara,Lim,imp.07455@acme-corp.com,Finance,Analyst,L5,SG,2020-11-02,91472,SGD
IMP-07456,Min,Anderson,imp.07456@acme-corp.com,Design,Designer,L4,ES,2022-10-25,95672,EUR
IMP-07457,Ibrahim,Sharma,imp.07457@acme-corp.com,Sales,Analyst,L3,FR,2017-02-28,104480,EUR
IMP-07458,Priya,Martinez,imp.07458@acme-corp.com,HR,Manager,L6,US,2018-09-13,98339,USD
IMP-07459,Jessica,White,imp.07459@acme-corp.com,Engineering,Engineer,L4,ZA,2019-01-30,672694,ZAR
IMP-07460,Arjun,Xu,imp.07460@acme-corp.com,Finance,Analyst,L6,SG,2019-08-05,74458,SGD
IMP-07461,Arjun,Wu,imp.07461@acme-corp.com,Sales,Analyst,L6,NL,2016-02-26,63416,EUR
IMP-07462,Hassan,Jones,imp.07462@acme-corp.com,Engineering,Engineer,L1,US,2024-02-05,123192,USD
IMP-07463,Carmen,White,imp.07463@acme-corp.com,Operations,Manager,L3,PL,2019-09-12,214188,PLN
IMP-07464,Omar,Jung,imp.07464@acme-corp.com,HR,Manager,L1,AU,2015-04-11,140799,AUD
IMP-07465,Rosa,Smith,imp.07465@acme-corp.com,Engineering,Engineer,L3,IN,2023-08-21,1703615,INR
IMP-07466,Pedro,Gupta,imp.07466@acme-corp.com,Design,Designer,L4,HK,2023-12-16,501414,HKD
IMP-07467,Omar,Jung,imp.07467@acme-corp.com,Engineering,Engineer,L3,AE,2015-02-25,537078,AED
IMP-07468,Yusuf,Nair,imp.07468@acme-corp.com,Sales,Analyst,L5,TW,2022-12-30,1962426,TWD
IMP-07469,Robert,Huang,imp.07469@acme-corp.com,Finance,Analyst,L6,US,2019-07-27,140219,USD
IMP-07470,Carmen,Martinez,imp.07470@acme-corp.com,Sales,Analyst,L4,FR,2017-09-03,69984,EUR
IMP-07471,Thomas,Thomas,imp.07471@acme-corp.com,Engineering,Engineer,L5,DE,2016-08-07,132109,EUR
IMP-07472,Ji-young,Huang,imp.07472@acme-corp.com,Sales,Analyst,L1,IN,2023-08-19,4284535,INR
IMP-07473,Luis,Jung,imp.07473@acme-corp.com,Operations,Manager,L4,HK,2022-04-28,1124278,HKD
IMP-07474,Richard,Jung,imp.07474@acme-corp.com,Engineering,Engineer,L6,SG,2021-06-21,189810,SGD
IMP-07475,Arjun,Fischer,imp.07475@acme-corp.com,Operations,Manager,L2,ZA,2024-06-02,1393267,ZAR
IMP-07476,Aisha,David,imp.07476@acme-corp.com,Engineering,Engineer,L3,IN,2015-08-29,3186873,INR
IMP-07477,Jessica,Miller,imp.07477@acme-corp.com,Sales,Analyst,L3,SG,2015-02-09,175793,SGD
IMP-07478,Ana,Jones,imp.07478@acme-corp.com,HR,Manager,L3,MX,2015-12-19,653624,MXN
IMP-07479,Yuna,Michel,imp.07479@acme-corp.com,Operations,Manager,L1,GB,2023-02-23,74482,GBP
IMP-07480,Hiroshi,Park,imp.07480@acme-corp.com,HR,Manager,L5,US,2024-07-27,84966,USD
IMP-07481,Robert,Lee,imp.07481@acme-corp.com,Engineering,Engineer,L3,DK,2017-08-31,860054,DKK
IMP-07482,Mei,Williams,imp.07482@acme-corp.com,Operations,Manager,L5,NO,2022-05-24,501673,NOK
IMP-07483,Hassan,Bernard,imp.07483@acme-corp.com,Operations,Manager,L4,GB,2019-02-21,108202,GBP
IMP-07484,Ibrahim,Singh,imp.07484@acme-corp.com,Finance,Analyst,L6,SE,2022-07-07,1193101,SEK
IMP-07485,Elizabeth,Song,imp.07485@acme-corp.com,Design,Designer,L2,DK,2015-09-13,406197,DKK
IMP-07486,Elizabeth,Lim,imp.07486@acme-corp.com,Engineering,Engineer,L4,JP,2022-11-11,6605543,JPY
IMP-07487,Carmen,Mehta,imp.07487@acme-corp.com,Engineering,Engineer,L3,ES,2017-07-15,139307,EUR
IMP-07488,Fatima,Joshi,imp.07488@acme-corp.com,HR,Manager,L3,SE,2021-11-06,1065405,SEK
IMP-07489,Chen,Klein,imp.07489@acme-corp.com,Design,Designer,L1,NL,2024-07-14,73365,EUR
IMP-07490,Min,Moreau,imp.07490@acme-corp.com,Finance,Analyst,L1,IN,2018-10-20,1669461,INR
IMP-07491,Richard,Brown,imp.07491@acme-corp.com,Engineering,Engineer,L1,PL,2018-10-17,217229,PLN
IMP-07492,Pedro,Han,imp.07492@acme-corp.com,Engineering,Engineer,L1,JP,2021-08-26,11396814,JPY
IMP-07493,Chen,Reddy,imp.07493@acme-corp.com,Finance,Analyst,L3,US,2023-07-22,184547,USD
IMP-07494,Linda,Li,imp.07494@acme-corp.com,Sales,Analyst,L5,AU,2020-03-22,119138,AUD
IMP-07495,Elizabeth,Anderson,imp.07495@acme-corp.com,Finance,Analyst,L4,ZA,2015-08-13,894353,ZAR
IMP-07496,Jose,Pillai,imp.07496@acme-corp.com,Sales,Analyst,L6,IN,2017-06-12,2527761,INR
IMP-07497,Ana,Joshi,imp.07497@acme-corp.com,Engineering,Engineer,L2,CA,2019-08-12,92307,CAD
IMP-07498,Kenji,Song,imp.07498@acme-corp.com,Engineering,Engineer,L3,GB,2021-02-05,94416,GBP
IMP-07499,Nancy,Jung,imp.07499@acme-corp.com,Finance,Analyst,L5,AU,2017-06-18,119517,AUD
IMP-07500,Akiko,Yang,imp.07500@acme-corp.com,Engineering,Engineer,L3,US,2020-02-04,72353,USD
IMP-07501,Michael,Choi,imp.07501@acme-corp.com,Sales,Analyst,L3,SG,2016-10-29,75855,SGD
IMP-07502,Karen,Yang,imp.07502@acme-corp.com,HR,Manager,L1,SG,2022-05-27,183965,SGD
IMP-07503,Pedro,Li,imp.07503@acme-corp.com,Design,Designer,L2,CA,2020-01-08,128902,CAD
IMP-07504,Sarah,Wu,imp.07504@acme-corp.com,Operations,Manager,L2,DE,2017-09-21,63412,EUR
IMP-07505,Yuna,Schulz,imp.07505@acme-corp.com,Engineering,Engineer,L4,US,2015-11-25,92946,USD
IMP-07506,Sarah,Johnson,imp.07506@acme-corp.com,Engineering,Engineer,L6,TW,2022-02-16,2606788,TWD
IMP-07507,Hiroshi,Jackson,imp.07507@acme-corp.com,Engineering,Engineer,L1,KR,2018-03-28,56428923,KRW
IMP-07508,Carlos,Lee,imp.07508@acme-corp.com,Engineering,Engineer,L5,CH,2024-01-14,98717,CHF
IMP-07509,Rahul,Reddy,imp.07509@acme-corp.com,Engineering,Engineer,L5,DK,2018-01-17,1153543,DKK
IMP-07510,Jose,Patel,imp.07510@acme-corp.com,Finance,Analyst,L5,US,2016-12-31,161147,USD
IMP-07511,Nancy,Martin,imp.07511@acme-corp.com,Engineering,Engineer,L6,ZA,2017-02-04,1385877,ZAR
IMP-07512,Ji-young,Singh,imp.07512@acme-corp.com,Finance,Analyst,L6,TW,2018-10-06,2993294,TWD
IMP-07513,Karen,Smith,imp.07513@acme-corp.com,Design,Designer,L1,NL,2017-05-21,58437,EUR
IMP-07514,Barbara,Miller,imp.07514@acme-corp.com,HR,Manager,L1,SE,2023-06-23,529166,SEK
IMP-07515,Karen,Sharma,imp.07515@acme-corp.com,Operations,Manager,L1,GB,2016-05-15,59167,GBP
IMP-07516,Rosa,Mehta,imp.07516@acme-corp.com,Engineering,Engineer,L3,US,2017-04-23,164622,USD
IMP-07517,Jae-won,Wilson,imp.07517@acme-corp.com,Engineering,Engineer,L1,KR,2017-03-23,54166811,KRW
IMP-07518,Charles,Lim,imp.07518@acme-corp.com,Engineering,Engineer,L5,US,2017-06-11,129273,USD
IMP-07519,Rosa,Taylor,imp.07519@acme-corp.com,Design,Designer,L1,DE,2022-03-31,130227,EUR
IMP-07520,Ana,Song,imp.07520@acme-corp.com,Operations,Manager,L4,GB,2022-04-28,55283,GBP
IMP-07521,Jae-won,Fischer,imp.07521@acme-corp.com,Engineering,Engineer,L4,US,2017-09-14,193575,USD
IMP-07522,Ananya,Patel,imp.07522@acme-corp.com,Engineering,Engineer,L5,AU,2018-07-18,119838,AUD
IMP-07523,Jose,Roux,imp.07523@acme-corp.com,Operations,Manager,L2,AE,2019-11-20,337676,AED
IMP-07524,Karen,Song,imp.07524@acme-corp.com,Sales,Analyst,L3,SG,2022-09-13,146437,SGD
IMP-07525,Liu,Yoon,imp.07525@acme-corp.com,Engineering,Engineer,L6,US,2023-06-12,97232,USD
IMP-07526,Ananya,Schmidt,imp.07526@acme-corp.com,Engineering,Engineer,L5,CA,2021-09-14,142472,CAD
IMP-07527,Jessica,Roux,imp.07527@acme-corp.com,Engineering,Engineer,L1,US,2016-11-08,203539,USD
IMP-07528,Ahmed,Li,imp.07528@acme-corp.com,Engineering,Engineer,L4,KR,2023-08-21,68658161,KRW
IMP-07529,William,Lee,imp.07529@acme-corp.com,Sales,Analyst,L6,JP,2015-11-30,8688825,JPY
IMP-07530,Ji-young,Liu,imp.07530@acme-corp.com,Engineering,Engineer,L2,NO,2023-07-20,657557,NOK
IMP-07531,Jessica,Singh,imp.07531@acme-corp.com,Sales,Analyst,L3,US,2018-01-26,196692,USD
IMP-07532,Zara,Schulz,imp.07532@acme-corp.com,HR,Manager,L4,CA,2018-10-13,153151,CAD
IMP-07533,Yusuf,Anderson,imp.07533@acme-corp.com,Engineering,Engineer,L2,AU,2023-01-21,85466,AUD
IMP-07534,Jennifer,Patel,imp.07534@acme-corp.com,Operations,Manager,L5,HK,2018-08-25,454118,HKD
IMP-07535,Aisha,Schulz,imp.07535@acme-corp.com,Engineering,Engineer,L4,GB,2015-03-25,53373,GBP
IMP-07536,Liu,Kumar,imp.07536@acme-corp.com,Sales,Analyst,L2,NO,2020-05-26,1329569,NOK
IMP-07537,Jae-won,Becker,imp.07537@acme-corp.com,Finance,Analyst,L4,IN,2020-05-06,3842094,INR
IMP-07538,Luis,Zhou,imp.07538@acme-corp.com,HR,Manager,L1,DE,2015-12-02,52084,EUR
IMP-07539,Rahul,Becker,imp.07539@acme-corp.com,Engineering,Engineer,L6,GB,2020-12-02,78096,GBP
IMP-07540,Min,Thomas,imp.07540@acme-corp.com,Engineering,Engineer,L6,ES,2021-10-08,81772,EUR
IMP-07541,Sung-min,Jung,imp.07541@acme-corp.com,Engineering,Engineer,L3,SG,2022-03-16,139053,SGD
IMP-07542,Yuki,Xu,imp.07542@acme-corp.com,Operations,Manager,L6,HK,2024-02-27,717195,HKD
IMP-07543,Susan,Schmidt,imp.07543@acme-corp.com,Operations,Manager,L4,AU,2024-02-19,134222,AUD
IMP-07544,Mary,Singh,imp.07544@acme-corp.com,Design,Designer,L2,US,2017-05-21,196581,USD
IMP-07545,Arjun,Wilson,imp.07545@acme-corp.com,HR,Manager,L3,CH,2015-09-24,199136,CHF
IMP-07546,Zara,Wang,imp.07546@acme-corp.com,Sales,Analyst,L2,NL,2024-02-12,63982,EUR
IMP-07547,Jae-won,Jackson,imp.07547@acme-corp.com,Engineering,Engineer,L3,IE,2021-04-09,51585,EUR
IMP-07548,Carlos,Patel,imp.07548@acme-corp.com,Engineering,Engineer,L1,DE,2016-02-05,78510,EUR
IMP-07549,Francisco,Kim,imp.07549@acme-corp.com,Engineering,Engineer,L2,IN,2019-08-28,2899505,INR
IMP-07550,Sarah,Singh,imp.07550@acme-corp.com,Engineering,Engineer,L6,TW,2015-06-05,2851497,TWD
IMP-07551,Jae-won,Michel,imp.07551@acme-corp.com,Operations,Manager,L5,KR,2021-07-14,128499215,KRW
IMP-07552,Rahul,Wu,imp.07552@acme-corp.com,Sales,Analyst,L6,FR,2020-04-16,122417,EUR
IMP-07553,William,Patel,imp.07553@acme-corp.com,Operations,Manager,L5,DE,2023-10-05,118061,EUR
IMP-07554,Susan,Jung,imp.07554@acme-corp.com,Engineering,Engineer,L6,NL,2015-11-30,71858,EUR
IMP-07555,Carmen,Martin,imp.07555@acme-corp.com,Sales,Analyst,L3,MX,2018-01-14,927224,MXN
IMP-07556,Carmen,Smith,imp.07556@acme-corp.com,Sales,Analyst,L6,AE,2019-10-11,431718,AED
IMP-07557,Linda,Gupta,imp.07557@acme-corp.com,Sales,Analyst,L4,IN,2021-08-02,1513339,INR
IMP-07558,Kenji,Davis,imp.07558@acme-corp.com,Engineering,Engineer,L4,US,2018-11-23,142253,USD
IMP-07559,Jennifer,Jones,imp.07559@acme-corp.com,Operations,Manager,L1,US,2021-02-25,178751,USD
IMP-07560,James,Kang,imp.07560@acme-corp.com,Sales,Analyst,L1,IN,2018-06-04,2703978,INR
IMP-07561,Fatima,Simon,imp.07561@acme-corp.com,Operations,Manager,L1,TW,2021-06-16,1516110,TWD
IMP-07562,Chen,Lee,imp.07562@acme-corp.com,Finance,Analyst,L1,AU,2017-08-03,79046,AUD
IMP-07563,Aisha,Han,imp.07563@acme-corp.com,Finance,Analyst,L3,US,2016-05-31,187873,USD
IMP-07564,Jae-won,Wang,imp.07564@acme-corp.com,Engineering,Engineer,L2,IN,2015-06-03,3059439,INR
IMP-07565,Omar,Moreau,imp.07565@acme-corp.com,Design,Designer,L5,GB,2024-02-24,140879,GBP
IMP-07566,Arjun,Choi,imp.07566@acme-corp.com,Engineering,Engineer,L4,DK,2016-05-06,1120776,DKK
IMP-07567,Zhang,Thomas,imp.07567@acme-corp.com,Engineering,Engineer,L2,US,2015-06-06,152983,USD
IMP-07568,Joseph,Xu,imp.07568@acme-corp.com,Sales,Analyst,L2,ES,2020-11-25,118179,EUR
IMP-07569,Robert,Yang,imp.07569@acme-corp.com,Engineering,Engineer,L5,CA,2022-01-09,77062,CAD
IMP-07570,Zhang,Sharma,imp.07570@acme-corp.com,Sales,Analyst,L6,DE,2023-02-15,133694,EUR
IMP-07571,Rosa,Wu,imp.07571@acme-corp.com,Design,Designer,L2,KR,2015-01-30,122260861,KRW
IMP-07572,Min,Schmidt,imp.07572@acme-corp.com,Engineering,Engineer,L1,JP,2021-11-16,8525850,JPY
IMP-07573,Elizabeth,Huang,imp.07573@acme-corp.com,Finance,Analyst,L2,DE,2019-12-19,77344,EUR
IMP-07574,Ibrahim,Michel,imp.07574@acme-corp.com,Operations,Manager,L3,ES,2018-09-30,103006,EUR
IMP-07575,Jennifer,Anderson,imp.07575@acme-corp.com,Design,Designer,L3,IE,2022-02-16,87277,EUR
IMP-07576,Takeshi,Dupont,imp.07576@acme-corp.com,Engineering,Engineer,L6,CH,2019-01-19,171699,CHF
IMP-07577,Rosa,Becker,imp.07577@acme-corp.com,Sales,Analyst,L3,US,2019-07-06,177470,USD
IMP-07578,Jose,Garcia,imp.07578@acme-corp.com,Sales,Analyst,L6,CH,2023-05-14,175340,CHF
IMP-07579,David,Becker,imp.07579@acme-corp.com,Engineering,Engineer,L5,IN,2015-01-04,3529523,INR
IMP-07580,Jessica,Jung,imp.07580@acme-corp.com,Sales,Analyst,L6,NO,2019-06-07,738838,NOK
IMP-07581,Mei,Song,imp.07581@acme-corp.com,Engineering,Engineer,L6,NO,2016-12-05,1137940,NOK
IMP-07582,Sarah,Moreau,imp.07582@acme-corp.com,Finance,Analyst,L5,GB,2023-10-01,145119,GBP
IMP-07583,Zara,Joshi,imp.07583@acme-corp.com,Sales,Analyst,L6,NO,2024-09-09,1230828,NOK
IMP-07584,Carmen,Han,imp.07584@acme-corp.com,Finance,Analyst,L3,FR,2016-11-22,130634,EUR
IMP-07585,David,Martin,imp.07585@acme-corp.com,Engineering,Engineer,L4,GB,2019-02-05,50856,GBP
IMP-07586,Liu,Wu,imp.07586@acme-corp.com,Sales,Analyst,L1,IN,2021-10-16,1151118,INR
IMP-07587,Akiko,Schmidt,imp.07587@acme-corp.com,Engineering,Engineer,L6,IE,2019-05-29,122155,EUR
IMP-07588,Hiroshi,Yang,imp.07588@acme-corp.com,Engineering,Engineer,L5,NO,2021-08-12,1371666,NOK
IMP-07589,Michael,Hernandez,imp.07589@acme-corp.com,Engineering,Engineer,L6,JP,2018-01-18,4873829,JPY
IMP-07590,Jose,Liu,imp.07590@acme-corp.com,Engineering,Engineer,L6,ES,2015-09-20,88796,EUR
IMP-07591,Ana,Martinez,imp.07591@acme-corp.com,HR,Manager,L5,DE,2019-07-30,102875,EUR
IMP-07592,Maria,Choi,imp.07592@acme-corp.com,Operations,Manager,L3,PL,2022-03-13,86213,PLN
IMP-07593,Arjun,Michel,imp.07593@acme-corp.com,Operations,Manager,L2,CA,2021-10-20,110607,CAD
IMP-07594,Yusuf,Pillai,imp.07594@acme-corp.com,HR,Manager,L4,DK,2018-09-07,565889,DKK
IMP-07595,Jose,Thomas,imp.07595@acme-corp.com,Sales,Analyst,L2,US,2016-10-27,162805,USD
IMP-07596,Liu,Patel,imp.07596@acme-corp.com,Design,Designer,L5,SE,2024-06-22,674160,SEK
IMP-07597,Zhang,Zhou,imp.07597@acme-corp.com,Engineering,Engineer,L5,CA,2022-01-26,137218,CAD
IMP-07598,Yuna,Mehta,imp.07598@acme-corp.com,Finance,Analyst,L6,US,2024-08-17,68166,USD
IMP-07599,Liu,Davis,imp.07599@acme-corp.com,Sales,Analyst,L3,GB,2016-04-10,114605,GBP
IMP-07600,Mei,Smith,imp.07600@acme-corp.com,HR,Manager,L2,AE,2021-12-19,528103,AED
IMP-07601,Barbara,David,imp.07601@acme-corp.com,Engineering,Engineer,L6,FR,2021-04-19,79315,EUR
IMP-07602,Hassan,Wang,imp.07602@acme-corp.com,Operations,Manager,L1,IE,2018-11-22,64983,EUR
IMP-07603,David,Kim,imp.07603@acme-corp.com,Engineering,Engineer,L3,CH,2020-05-02,191096,CHF
IMP-07604,Joseph,Kim,imp.07604@acme-corp.com,Engineering,Engineer,L3,AU,2021-01-16,125010,AUD
IMP-07605,Aisha,Song,imp.07605@acme-corp.com,Engineering,Engineer,L6,DK,2019-11-05,925690,DKK
IMP-07606,Hiroshi,Johnson,imp.07606@acme-corp.com,Engineering,Engineer,L2,FR,2018-06-14,129190,EUR
IMP-07607,Carmen,Sharma,imp.07607@acme-corp.com,Engineering,Engineer,L3,GB,2020-08-08,121095,GBP
IMP-07608,Richard,Choi,imp.07608@acme-corp.com,Engineering,Engineer,L3,ES,2018-01-12,73282,EUR
IMP-07609,James,Müller,imp.07609@acme-corp.com,Engineering,Engineer,L1,PL,2020-12-30,135399,PLN
IMP-07610,Sung-min,Sharma,imp.07610@acme-corp.com,Sales,Analyst,L4,JP,2015-12-27,17485318,JPY
IMP-07611,James,Joshi,imp.07611@acme-corp.com,HR,Manager,L3,CA,2023-05-26,109293,CAD
IMP-07612,Yuki,Lim,imp.07612@acme-corp.com,Engineering,Engineer,L3,TW,2018-05-09,1935782,TWD
IMP-07613,Pedro,Hernandez,imp.07613@acme-corp.com,Engineering,Engineer,L1,HK,2016-12-18,758835,HKD
IMP-07614,Rosa,Huang,imp.07614@acme-corp.com,Operations,Manager,L2,US,2022-01-05,145560,USD
IMP-07615,Hassan,Thompson,imp.07615@acme-corp.com,Operations,Manager,L1,GB,2018-08-24,53670,GBP
IMP-07616,Ananya,Han,imp.07616@acme-corp.com,Engineering,Engineer,L3,GB,2016-11-11,73521,GBP
IMP-07617,Carlos,Brown,imp.07617@acme-corp.com,Operations,Manager,L1,AE,2017-11-10,414019,AED
IMP-07618,Pedro,Chen,imp.07618@acme-corp.com,Design,Designer,L1,FR,2017-06-09,87897,EUR
IMP-07619,James,Roux,imp.07619@acme-corp.com,Engineering,Engineer,L4,US,2019-05-20,137141,USD
IMP-07620,William,Michel,imp.07620@acme-corp.com,Design,Designer,L3,DK,2016-10-11,449303,DKK
IMP-07621,Rahul,Nair,imp.07621@acme-corp.com,Engineering,Engineer,L6,SE,2019-09-16,795251,SEK
IMP-07622,Karen,Miller,imp.07622@acme-corp.com,Sales,Analyst,L1,DK,2015-06-29,821918,DKK
IMP-07623,Maria,Zhang,imp.07623@acme-corp.com,Finance,Analyst,L4,IN,2019-01-18,4351973,INR
IMP-07624,Maria,Klein,imp.07624@acme-corp.com,Engineering,Engineer,L5,ES,2019-01-27,116596,EUR
IMP-07625,Nancy,Richter,imp.07625@acme-corp.com,Sales,Analyst,L2,GB,2022-12-12,117294,GBP
IMP-07626,Karen,Smith,imp.07626@acme-corp.com,Finance,Analyst,L3,US,2020-06-04,79478,USD
IMP-07627,Layla,Pillai,imp.07627@acme-corp.com,Engineering,Engineer,L6,DE,2019-10-03,91088,EUR
IMP-07628,Joseph,Mehta,imp.07628@acme-corp.com,Operations,Manager,L1,US,2015-03-06,147271,USD
IMP-07629,Yuna,Schulz,imp.07629@acme-corp.com,Engineering,Engineer,L3,IN,2022-04-25,2440846,INR
IMP-07630,Mary,Zhou,imp.07630@acme-corp.com,Finance,Analyst,L1,SE,2016-01-03,604044,SEK
IMP-07631,Hassan,Moore,imp.07631@acme-corp.com,Sales,Analyst,L3,FR,2024-03-31,99871,EUR
IMP-07632,Jessica,Kim,imp.07632@acme-corp.com,Engineering,Engineer,L4,KR,2015-04-26,56149918,KRW
IMP-07633,Sung-min,Singh,imp.07633@acme-corp.com,Sales,Analyst,L3,FR,2017-12-19,106946,EUR
IMP-07634,Rahul,Wu,imp.07634@acme-corp.com,Sales,Analyst,L4,US,2022-01-22,108213,USD
IMP-07635,Susan,Reddy,imp.07635@acme-corp.com,Sales,Analyst,L2,NO,2022-06-05,1338008,NOK
IMP-07636,Ana,Kim,imp.07636@acme-corp.com,Design,Designer,L1,NO,2015-06-02,869400,NOK
IMP-07637,Layla,Huang,imp.07637@acme-corp.com,Engineering,Engineer,L6,NL,2017-08-17,85118,EUR
IMP-07638,Carmen,Davis,imp.07638@acme-corp.com,Engineering,Engineer,L1,AE,2019-08-27,393687,AED
IMP-07639,Ahmed,Schmidt,imp.07639@acme-corp.com,Finance,Analyst,L6,US,2024-12-20,164709,USD
IMP-07640,Jose,Anderson,imp.07640@acme-corp.com,Finance,Analyst,L4,SG,2016-09-21,146830,SGD
IMP-07641,Ananya,Weber,imp.07641@acme-corp.com,Finance,Analyst,L1,US,2015-03-10,119719,USD
IMP-07642,Zhang,Bernard,imp.07642@acme-corp.com,HR,Manager,L3,JP,2018-01-01,15620544,JPY
IMP-07643,Richard,Dupont,imp.07643@acme-corp.com,Finance,Analyst,L5,GB,2020-01-31,47130,GBP
IMP-07644,Jae-won,Anderson,imp.07644@acme-corp.com,HR,Manager,L6,ZA,2022-06-10,1187292,ZAR
IMP-07645,Min,Reddy,imp.07645@acme-corp.com,Operations,Manager,L4,AE,2018-07-28,331245,AED
IMP-07646,Kenji,Choi,imp.07646@acme-corp.com,Engineering,Engineer,L2,JP,2021-05-08,10870157,JPY
IMP-07647,Layla,Lim,imp.07647@acme-corp.com,Engineering,Engineer,L3,IE,2023-07-16,111008,EUR
IMP-07648,Rosa,Reddy,imp.07648@acme-corp.com,Engineering,Engineer,L2,IE,2015-10-11,142913,EUR
IMP-07649,Sung-min,Kang,imp.07649@acme-corp.com,HR,Manager,L1,FR,2018-02-28,93273,EUR
IMP-07650,Ji-young,Richter,imp.07650@acme-corp.com,Finance,Analyst,L2,CH,2022-07-12,175825,CHF
IMP-07651,Kenji,Zhou,imp.07651@acme-corp.com,Sales,Analyst,L5,AE,2022-08-18,309398,AED
IMP-07652,Zara,Choi,imp.07652@acme-corp.com,Finance,Analyst,L1,CH,2015-04-09,123319,CHF
IMP-07653,Priya,Jackson,imp.07653@acme-corp.com,HR,Manager,L5,DE,2016-12-11,123412,EUR
IMP-07654,Carlos,Nair,imp.07654@acme-corp.com,Engineering,Engineer,L2,AU,2020-12-29,183621,AUD
IMP-07655,Thomas,Li,imp.07655@acme-corp.com,Engineering,Engineer,L6,MX,2020-05-24,406361,MXN
IMP-07656,Isabel,David,imp.07656@acme-corp.com,Engineering,Engineer,L6,DE,2022-06-23,69475,EUR
IMP-07657,Maria,Mehta,imp.07657@acme-corp.com,Engineering,Engineer,L2,KR,2020-01-23,77209840,KRW
IMP-07658,Ana,Schulz,imp.07658@acme-corp.com,Engineering,Engineer,L5,DK,2021-01-08,677741,DKK
IMP-07659,Arjun,Pillai,imp.07659@acme-corp.com,Engineering,Engineer,L1,ES,2023-07-12,71376,EUR
IMP-07660,Francisco,Nair,imp.07660@acme-corp.com,Engineering,Engineer,L3,MX,2021-04-19,741590,MXN
IMP-07661,Ahmed,Fischer,imp.07661@acme-corp.com,Engineering,Engineer,L5,DE,2023-07-25,137477,EUR
IMP-07662,Elizabeth,Klein,imp.07662@acme-corp.com,Engineering,Engineer,L5,US,2015-10-23,186220,USD
IMP-07663,Omar,Bernard,imp.07663@acme-corp.com,Sales,Analyst,L6,FR,2019-07-13,125537,EUR
IMP-07664,Isabel,Davis,imp.07664@acme-corp.com,Engineering,Engineer,L2,PL,2019-11-18,173065,PLN
IMP-07665,Carmen,Hoffmann,imp.07665@acme-corp.com,Operations,Manager,L1,US,2017-01-17,61893,USD
IMP-07666,Francisco,Smith,imp.07666@acme-corp.com,Finance,Analyst,L3,TW,2019-07-01,1835970,TWD
IMP-07667,Yuki,Becker,imp.07667@acme-corp.com,Operations,Manager,L3,PL,2019-10-08,139651,PLN
IMP-07668,Zara,Lim,imp.07668@acme-corp.com,Operations,Manager,L4,TW,2016-10-17,2061118,TWD
IMP-07669,Sakura,Yoon,imp.07669@acme-corp.com,Sales,Analyst,L4,CA,2020-12-17,144983,CAD
IMP-07670,Charles,Han,imp.07670@acme-corp.com,Operations,Manager,L6,AU,2017-12-24,179177,AUD
IMP-07671,Jennifer,Jung,imp.07671@acme-corp.com,Operations,Manager,L4,NO,2018-07-14,1176022,NOK
IMP-07672,Jessica,Anderson,imp.07672@acme-corp.com,Finance,Analyst,L6,SG,2016-08-02,159838,SGD
IMP-07673,Chen,Hernandez,imp.07673@acme-corp.com,Sales,Analyst,L1,DK,2021-09-11,607188,DKK
IMP-07674,Jessica,Kang,imp.07674@acme-corp.com,Sales,Analyst,L6,KR,2015-01-28,78088683,KRW
IMP-07675,Carlos,Dupont,imp.07675@acme-corp.com,HR,Manager,L5,MX,2021-08-30,883966,MXN
IMP-07676,Min,Wu,imp.07676@acme-corp.com,Engineering,Engineer,L4,ZA,2016-06-26,742626,ZAR
IMP-07677,Jose,Taylor,imp.07677@acme-corp.com,Engineering,Engineer,L6,SG,2015-09-28,164510,SGD
IMP-07678,Carmen,Thomas,imp.07678@acme-corp.com,Sales,Analyst,L6,NL,2017-08-31,105967,EUR
IMP-07679,Sung-min,Chen,imp.07679@acme-corp.com,Engineering,Engineer,L1,GB,2024-12-08,70782,GBP
IMP-07680,Carmen,Liu,imp.07680@acme-corp.com,Operations,Manager,L1,FR,2020-12-01,126758,EUR
IMP-07681,Yuki,Reddy,imp.07681@acme-corp.com,Finance,Analyst,L3,MX,2021-12-12,744447,MXN
IMP-07682,Carmen,Gupta,imp.07682@acme-corp.com,Engineering,Engineer,L4,SG,2019-01-25,196994,SGD
IMP-07683,Jose,Patel,imp.07683@acme-corp.com,Operations,Manager,L1,ES,2024-11-12,128765,EUR
IMP-07684,Ana,Patel,imp.07684@acme-corp.com,Engineering,Engineer,L5,GB,2024-06-30,65722,GBP
IMP-07685,Hiroshi,Chen,imp.07685@acme-corp.com,HR,Manager,L3,US,2019-04-26,89262,USD
IMP-07686,Yuna,Reddy,imp.07686@acme-corp.com,Operations,Manager,L4,FR,2024-03-03,78477,EUR
IMP-07687,Jennifer,Martin,imp.07687@acme-corp.com,Sales,Analyst,L6,DK,2016-02-19,783606,DKK
IMP-07688,Richard,Roux,imp.07688@acme-corp.com,Engineering,Engineer,L2,CA,2019-07-03,77861,CAD
IMP-07689,Aisha,Jung,imp.07689@acme-corp.com,Sales,Analyst,L4,NO,2020-05-04,1137795,NOK
IMP-07690,Yuna,Schmidt,imp.07690@acme-corp.com,Finance,Analyst,L3,CH,2023-03-08,194506,CHF
IMP-07691,James,Richter,imp.07691@acme-corp.com,Operations,Manager,L6,DK,2020-06-16,1064012,DKK
IMP-07692,Francisco,Yoon,imp.07692@acme-corp.com,Finance,Analyst,L3,DE,2017-03-11,145794,EUR
IMP-07693,Liu,Choi,imp.07693@acme-corp.com,Operations,Manager,L2,US,2023-06-10,94365,USD
IMP-07694,Barbara,Williams,imp.07694@acme-corp.com,Finance,Analyst,L6,US,2017-10-26,127013,USD
IMP-07695,Chen,Taylor,imp.07695@acme-corp.com,Sales,Analyst,L2,ZA,2024-01-31,973204,ZAR
IMP-07696,Jessica,Martin,imp.07696@acme-corp.com,Engineering,Engineer,L2,PL,2016-05-28,124657,PLN
IMP-07697,Chen,Lee,imp.07697@acme-corp.com,Engineering,Engineer,L5,ES,2015-06-28,141424,EUR
IMP-07698,Elizabeth,Roux,imp.07698@acme-corp.com,Engineering,Engineer,L5,PL,2022-09-10,157476,PLN
IMP-07699,David,Gupta,imp.07699@acme-corp.com,Finance,Analyst,L4,FR,2021-05-28,72693,EUR
IMP-07700,Ji-young,Mehta,imp.07700@acme-corp.com,Engineering,Engineer,L1,DE,2016-01-26,55770,EUR
IMP-07701,Karen,Michel,imp.07701@acme-corp.com,HR,Manager,L1,NL,2021-11-14,145146,EUR
IMP-07702,Charles,Sharma,imp.07702@acme-corp.com,Engineering,Engineer,L6,DK,2023-09-05,1085792,DKK
IMP-07703,Ana,Anderson,imp.07703@acme-corp.com,HR,Manager,L1,DE,2021-08-26,144517,EUR
IMP-07704,Karen,Hernandez,imp.07704@acme-corp.com,Engineering,Engineer,L5,GB,2016-02-17,152682,GBP
IMP-07705,Rahul,Thomas,imp.07705@acme-corp.com,Operations,Manager,L6,SG,2020-12-10,95493,SGD
IMP-07706,Robert,Garcia,imp.07706@acme-corp.com,HR,Manager,L5,TW,2021-02-04,2559522,TWD
IMP-07707,Yuki,Singh,imp.07707@acme-corp.com,Engineering,Engineer,L4,GB,2017-01-14,94524,GBP
IMP-07708,Yusuf,Xu,imp.07708@acme-corp.com,HR,Manager,L4,AE,2016-07-03,548440,AED
IMP-07709,David,Braun,imp.07709@acme-corp.com,Sales,Analyst,L1,DK,2018-11-16,942635,DKK
IMP-07710,Jennifer,Joshi,imp.07710@acme-corp.com,Operations,Manager,L1,PL,2023-12-30,137408,PLN
IMP-07711,Takeshi,Smith,imp.07711@acme-corp.com,Engineering,Engineer,L6,IN,2017-02-22,2596395,INR
IMP-07712,Rahul,Martinez,imp.07712@acme-corp.com,Sales,Analyst,L3,DE,2019-02-13,54975,EUR
IMP-07713,Karen,Pillai,imp.07713@acme-corp.com,Sales,Analyst,L1,NL,2017-06-30,119640,EUR
IMP-07714,Layla,Nair,imp.07714@acme-corp.com,Engineering,Engineer,L6,MX,2019-12-19,769949,MXN
IMP-07715,Barbara,Gupta,imp.07715@acme-corp.com,Engineering,Engineer,L5,JP,2022-07-06,8823848,JPY
IMP-07716,Chen,Moore,imp.07716@acme-corp.com,Finance,Analyst,L1,CH,2024-10-19,132035,CHF
IMP-07717,Charles,Nair,imp.07717@acme-corp.com,HR,Manager,L6,IE,2017-01-25,118944,EUR
IMP-07718,Zara,Garcia,imp.07718@acme-corp.com,Engineering,Engineer,L1,GB,2022-12-26,75006,GBP
IMP-07719,Min,Fischer,imp.07719@acme-corp.com,Sales,Analyst,L2,DK,2020-10-01,844961,DKK
IMP-07720,Isabel,Huang,imp.07720@acme-corp.com,Sales,Analyst,L2,US,2020-06-18,96525,USD
IMP-07721,Jose,Martinez,imp.07721@acme-corp.com,Sales,Analyst,L3,IN,2022-03-06,1392865,INR
IMP-07722,Mei,Kumar,imp.07722@acme-corp.com,Sales,Analyst,L5,TW,2024-12-14,3497416,TWD
IMP-07723,Maria,Fischer,imp.07723@acme-corp.com,Sales,Analyst,L3,US,2021-07-16,175409,USD
IMP-07724,Omar,Liu,imp.07724@acme-corp.com,Sales,Analyst,L2,FR,2017-10-04,52193,EUR
IMP-07725,Carlos,Michel,imp.07725@acme-corp.com,Engineering,Engineer,L6,HK,2024-07-23,885456,HKD
IMP-07726,Zhang,Pillai,imp.07726@acme-corp.com,HR,Manager,L4,NL,2024-02-24,56957,EUR
IMP-07727,Rosa,Xu,imp.07727@acme-corp.com,Sales,Analyst,L4,AE,2022-04-30,352472,AED
IMP-07728,Charles,Jung,imp.07728@acme-corp.com,Engineering,Engineer,L2,NO,2019-09-10,1237936,NOK
IMP-07729,Rahul,Lee,imp.07729@acme-corp.com,Sales,Analyst,L1,TW,2022-03-04,3187819,TWD
IMP-07730,Isabel,Moore,imp.07730@acme-corp.com,Engineering,Engineer,L1,CH,2018-03-09,150704,CHF
IMP-07731,Liu,Martin,imp.07731@acme-corp.com,HR,Manager,L1,DE,2016-09-29,86622,EUR
IMP-07732,Barbara,Chen,imp.07732@acme-corp.com,Design,Designer,L6,MX,2017-05-16,862510,MXN
IMP-07733,Isabel,Müller,imp.07733@acme-corp.com,Sales,Analyst,L1,DK,2018-12-27,982518,DKK
IMP-07734,Ana,Richter,imp.07734@acme-corp.com,Engineering,Engineer,L1,SG,2017-11-01,75181,SGD
IMP-07735,Ahmed,White,imp.07735@acme-corp.com,Finance,Analyst,L4,IN,2023-08-18,1270722,INR
IMP-07736,Patricia,Martinez,imp.07736@acme-corp.com,Engineering,Engineer,L6,CA,2016-02-11,111732,CAD
IMP-07737,Patricia,Lee,imp.07737@acme-corp.com,HR,Manager,L4,DE,2024-03-14,149139,EUR
IMP-07738,Barbara,Hernandez,imp.07738@acme-corp.com,Engineering,Engineer,L4,MX,2015-08-13,1128165,MXN
IMP-07739,Ananya,Weber,imp.07739@acme-corp.com,Engineering,Engineer,L5,JP,2024-03-22,6069171,JPY
IMP-07740,Charles,Müller,imp.07740@acme-corp.com,HR,Manager,L6,CA,2018-04-11,99073,CAD
IMP-07741,Carmen,Laurent,imp.07741@acme-corp.com,Engineering,Engineer,L5,AE,2022-05-25,148418,AED
IMP-07742,Richard,Anderson,imp.07742@acme-corp.com,Finance,Analyst,L5,GB,2020-07-15,140267,GBP
IMP-07743,Carlos,Li,imp.07743@acme-corp.com,Engineering,Engineer,L5,IN,2015-12-20,2975302,INR
IMP-07744,Pedro,Yang,imp.07744@acme-corp.com,Operations,Manager,L4,SG,2016-01-15,180718,SGD
IMP-07745,Aisha,Huang,imp.07745@acme-corp.com,Engineering,Engineer,L3,AU,2024-06-11,187971,AUD
IMP-07746,Ji-young,Jackson,imp.07746@acme-corp.com,Engineering,Engineer,L2,JP,2015-01-12,7439797,JPY
IMP-07747,Carlos,Weber,imp.07747@acme-corp.com,Engineering,Engineer,L2,IE,2022-12-04,61455,EUR
IMP-07748,Priya,Jones,imp.07748@acme-corp.com,Sales,Analyst,L5,GB,2015-09-29,93381,GBP
IMP-07749,Arjun,Miller,imp.07749@acme-corp.com,Engineering,Engineer,L4,US,2017-12-14,144884,USD
IMP-07750,Francisco,Huang,imp.07750@acme-corp.com,Operations,Manager,L1,TW,2020-11-01,2605679,TWD
IMP-07751,James,Park,imp.07751@acme-corp.com,Engineering,Engineer,L4,US,2019-09-30,84512,USD
IMP-07752,Ahmed,Klein,imp.07752@acme-corp.com,Sales,Analyst,L2,KR,2024-01-12,98142507,KRW
IMP-07753,Yusuf,Thompson,imp.07753@acme-corp.com,Engineering,Engineer,L2,SE,2015-08-03,537533,SEK
IMP-07754,Richard,Wilson,imp.07754@acme-corp.com,Engineering,Engineer,L2,JP,2017-03-15,13546235,JPY
IMP-07755,Jessica,Thompson,imp.07755@acme-corp.com,Finance,Analyst,L5,IE,2022-12-30,114474,EUR
IMP-07756,Wei,Lee,imp.07756@acme-corp.com,Finance,Analyst,L5,IE,2021-03-31,94748,EUR
IMP-07757,Carlos,Kang,imp.07757@acme-corp.com,Finance,Analyst,L1,GB,2020-10-28,159785,GBP
IMP-07758,Wei,Roux,imp.07758@acme-corp.com,Engineering,Engineer,L5,CH,2016-03-19,111109,CHF
IMP-07759,Nancy,Wang,imp.07759@acme-corp.com,HR,Manager,L4,FR,2018-11-10,60833,EUR
IMP-07760,Sakura,Davis,imp.07760@acme-corp.com,Sales,Analyst,L3,PL,2020-07-25,60221,PLN
IMP-07761,Susan,Lee,imp.07761@acme-corp.com,Sales,Analyst,L4,AU,2022-01-17,160320,AUD
IMP-07762,Priya,Martin,imp.07762@acme-corp.com,Engineering,Engineer,L3,AU,2019-01-03,165901,AUD
IMP-07763,Takeshi,Garcia,imp.07763@acme-corp.com,Engineering,Engineer,L5,ES,2022-08-26,121020,EUR
IMP-07764,Ahmed,Richter,imp.07764@acme-corp.com,Engineering,Engineer,L5,ES,2023-09-08,148868,EUR
IMP-07765,Yuki,Garcia,imp.07765@acme-corp.com,Finance,Analyst,L4,TW,2020-05-08,1371962,TWD
IMP-07766,Chen,Song,imp.07766@acme-corp.com,Design,Designer,L1,IE,2018-01-25,80480,EUR
IMP-07767,Sung-min,Sharma,imp.07767@acme-corp.com,Finance,Analyst,L2,US,2016-10-09,63990,USD
IMP-07768,Isabel,Williams,imp.07768@acme-corp.com,Design,Designer,L5,MX,2018-03-15,1052693,MXN
IMP-07769,Thomas,Zhou,imp.07769@acme-corp.com,Design,Designer,L4,IE,2024-01-05,68064,EUR
IMP-07770,Francisco,Mehta,imp.07770@acme-corp.com,Finance,Analyst,L6,NL,2021-03-05,88585,EUR
IMP-07771,Liu,Hoffmann,imp.07771@acme-corp.com,Sales,Analyst,L4,IN,2015-02-21,3785226,INR
IMP-07772,Patricia,Garcia,imp.07772@acme-corp.com,Operations,Manager,L5,DK,2024-04-23,667539,DKK
IMP-07773,Sung-min,Lee,imp.07773@acme-corp.com,Finance,Analyst,L4,ZA,2015-04-09,922445,ZAR
IMP-07774,Robert,David,imp.07774@acme-corp.com,Engineering,Engineer,L5,US,2017-03-14,156242,USD
IMP-07775,Mei,Martin,imp.07775@acme-corp.com,Engineering,Engineer,L3,US,2015-07-13,142963,USD
IMP-07776,Linda,Wang,imp.07776@acme-corp.com,HR,Manager,L1,ES,2024-05-23,66391,EUR
IMP-07777,Omar,Yoon,imp.07777@acme-corp.com,Engineering,Engineer,L2,IN,2021-01-08,2735830,INR
IMP-07778,Jose,Joshi,imp.07778@acme-corp.com,Sales,Analyst,L1,CA,2022-06-26,139646,CAD
IMP-07779,Robert,Gupta,imp.07779@acme-corp.com,Sales,Analyst,L2,AE,2024-03-14,422295,AED
IMP-07780,Zara,Wang,imp.07780@acme-corp.com,Finance,Analyst,L4,PL,2020-08-13,214780,PLN
IMP-07781,Richard,Schmidt,imp.07781@acme-corp.com,Sales,Analyst,L1,CA,2023-05-05,115127,CAD
IMP-07782,Elizabeth,Jackson,imp.07782@acme-corp.com,Sales,Analyst,L3,AU,2016-11-22,147595,AUD
IMP-07783,Jose,Mehta,imp.07783@acme-corp.com,Engineering,Engineer,L6,US,2022-05-11,201241,USD
IMP-07784,Carlos,Joshi,imp.07784@acme-corp.com,Engineering,Engineer,L3,ZA,2018-12-13,464078,ZAR
IMP-07785,Liu,Müller,imp.07785@acme-corp.com,Operations,Manager,L1,ES,2024-07-19,72999,EUR
IMP-07786,Carlos,Garcia,imp.07786@acme-corp.com,Sales,Analyst,L1,SG,2024-09-27,77556,SGD
IMP-07787,Ji-young,Song,imp.07787@acme-corp.com,Sales,Analyst,L4,SG,2018-09-03,87270,SGD
IMP-07788,Zara,Richter,imp.07788@acme-corp.com,HR,Manager,L2,HK,2018-07-11,974608,HKD
IMP-07789,Sung-min,Hernandez,imp.07789@acme-corp.com,Sales,Analyst,L6,GB,2020-01-25,86882,GBP
IMP-07790,Yusuf,Singh,imp.07790@acme-corp.com,Engineering,Engineer,L3,SG,2016-08-17,85356,SGD
IMP-07791,Zhang,Wu,imp.07791@acme-corp.com,Sales,Analyst,L3,JP,2020-05-28,9168286,JPY
IMP-07792,Hiroshi,Lee,imp.07792@acme-corp.com,Engineering,Engineer,L4,NO,2015-10-16,1111719,NOK
IMP-07793,Yuna,Davis,imp.07793@acme-corp.com,Sales,Analyst,L6,CH,2024-11-10,115013,CHF
IMP-07794,Sung-min,Klein,imp.07794@acme-corp.com,Engineering,Engineer,L4,DE,2018-07-29,110854,EUR
IMP-07795,Nancy,Wang,imp.07795@acme-corp.com,Sales,Analyst,L6,GB,2019-07-04,60640,GBP
IMP-07796,Ibrahim,Reddy,imp.07796@acme-corp.com,HR,Manager,L2,SE,2019-11-12,1067845,SEK
IMP-07797,Omar,Yang,imp.07797@acme-corp.com,Engineering,Engineer,L6,IE,2020-03-12,137769,EUR
IMP-07798,David,Gupta,imp.07798@acme-corp.com,Operations,Manager,L1,GB,2016-09-24,48764,GBP
IMP-07799,Zhang,Jones,imp.07799@acme-corp.com,HR,Manager,L6,ZA,2019-08-04,1338952,ZAR
IMP-07800,Aisha,Roux,imp.07800@acme-corp.com,Sales,Analyst,L4,DK,2023-04-24,1169553,DKK
IMP-07801,Karen,David,imp.07801@acme-corp.com,Sales,Analyst,L6,NL,2019-10-21,65552,EUR
IMP-07802,Rosa,Roux,imp.07802@acme-corp.com,Operations,Manager,L5,NL,2023-01-16,124016,EUR
IMP-07803,Chen,Joshi,imp.07803@acme-corp.com,Operations,Manager,L1,US,2015-07-06,191879,USD
IMP-07804,Omar,Müller,imp.07804@acme-corp.com,HR,Manager,L1,PL,2018-07-23,233339,PLN
IMP-07805,Joseph,Han,imp.07805@acme-corp.com,Operations,Manager,L3,ZA,2024-08-25,404954,ZAR
IMP-07806,Ji-young,Lee,imp.07806@acme-corp.com,Finance,Analyst,L5,TW,2017-04-04,3290976,TWD
IMP-07807,Liu,Jackson,imp.07807@acme-corp.com,Sales,Analyst,L2,DE,2019-08-12,52871,EUR
IMP-07808,Luis,Anderson,imp.07808@acme-corp.com,Engineering,Engineer,L1,ES,2020-03-12,121914,EUR
IMP-07809,Susan,Taylor,imp.07809@acme-corp.com,HR,Manager,L5,PL,2024-01-16,245990,PLN
IMP-07810,Charles,Garcia,imp.07810@acme-corp.com,Sales,Analyst,L2,US,2020-05-09,108439,USD
IMP-07811,Barbara,David,imp.07811@acme-corp.com,Sales,Analyst,L5,IE,2021-05-29,124139,EUR
IMP-07812,Omar,Wilson,imp.07812@acme-corp.com,Engineering,Engineer,L4,DK,2020-10-03,625268,DKK
IMP-07813,Maria,Taylor,imp.07813@acme-corp.com,Design,Designer,L4,DK,2019-06-16,582814,DKK
IMP-07814,Liu,Xu,imp.07814@acme-corp.com,Operations,Manager,L6,PL,2016-07-03,199317,PLN
IMP-07815,Yuna,Lee,imp.07815@acme-corp.com,Sales,Analyst,L4,KR,2021-12-18,65486936,KRW
IMP-07816,Chen,Wilson,imp.07816@acme-corp.com,Design,Designer,L1,CA,2021-02-24,127865,CAD
IMP-07817,Mary,Yang,imp.07817@acme-corp.com,Finance,Analyst,L4,FR,2017-03-10,109077,EUR
IMP-07818,Jae-won,Kumar,imp.07818@acme-corp.com,Engineering,Engineer,L2,US,2015-10-03,63677,USD
IMP-07819,Omar,Hoffmann,imp.07819@acme-corp.com,Sales,Analyst,L2,DE,2015-09-02,140679,EUR
IMP-07820,Jose,Miller,imp.07820@acme-corp.com,Design,Designer,L4,GB,2020-01-28,144607,GBP
IMP-07821,Charles,Braun,imp.07821@acme-corp.com,Operations,Manager,L3,IE,2016-04-24,127166,EUR
IMP-07822,Susan,Martin,imp.07822@acme-corp.com,Engineering,Engineer,L1,US,2024-12-12,109420,USD
IMP-07823,Richard,Lee,imp.07823@acme-corp.com,Operations,Manager,L2,US,2024-09-08,175432,USD
IMP-07824,David,Lee,imp.07824@acme-corp.com,Operations,Manager,L6,IE,2016-06-21,120781,EUR
IMP-07825,Nancy,Martin,imp.07825@acme-corp.com,Operations,Manager,L5,FR,2024-11-02,132795,EUR
IMP-07826,Susan,Johnson,imp.07826@acme-corp.com,Operations,Manager,L2,JP,2022-10-11,4325811,JPY
IMP-07827,Ibrahim,Garcia,imp.07827@acme-corp.com,Engineering,Engineer,L3,NO,2021-12-04,544163,NOK
IMP-07828,Sakura,Wilson,imp.07828@acme-corp.com,Operations,Manager,L2,PL,2023-12-18,135542,PLN
IMP-07829,Susan,Kang,imp.07829@acme-corp.com,Engineering,Engineer,L1,DE,2021-08-09,65427,EUR
IMP-07830,Mary,Zhou,imp.07830@acme-corp.com,Sales,Analyst,L4,US,2019-10-31,139975,USD
IMP-07831,Ibrahim,Müller,imp.07831@acme-corp.com,Finance,Analyst,L3,TW,2019-04-29,837463,TWD
IMP-07832,David,Anderson,imp.07832@acme-corp.com,Operations,Manager,L3,KR,2020-12-08,66942882,KRW
IMP-07833,Akiko,Müller,imp.07833@acme-corp.com,Engineering,Engineer,L1,NL,2020-04-18,114080,EUR
IMP-07834,Thomas,Taylor,imp.07834@acme-corp.com,HR,Manager,L1,AU,2016-11-02,77598,AUD
IMP-07835,Pedro,Gupta,imp.07835@acme-corp.com,Operations,Manager,L5,KR,2023-05-02,58512288,KRW
IMP-07836,Maria,Chen,imp.07836@acme-corp.com,Sales,Analyst,L3,IE,2019-04-15,143331,EUR
IMP-07837,Carlos,Martin,imp.07837@acme-corp.com,Engineering,Engineer,L1,US,2018-07-03,72043,USD
IMP-07838,Yuki,Michel,imp.07838@acme-corp.com,Engineering,Engineer,L6,SG,2023-04-13,163218,SGD
IMP-07839,Jessica,Liu,imp.07839@acme-corp.com,Design,Designer,L3,AU,2021-12-13,134863,AUD
IMP-07840,Zara,Joshi,imp.07840@acme-corp.com,Sales,Analyst,L1,IN,2023-09-09,3151845,INR
IMP-07841,Sakura,Miller,imp.07841@acme-corp.com,HR,Manager,L2,DE,2023-09-26,98609,EUR
IMP-07842,Robert,Li,imp.07842@acme-corp.com,Sales,Analyst,L5,CA,2017-10-01,79133,CAD
IMP-07843,Wei,Williams,imp.07843@acme-corp.com,Sales,Analyst,L5,SG,2022-11-13,105506,SGD
IMP-07844,Richard,Richter,imp.07844@acme-corp.com,Operations,Manager,L5,PL,2016-06-26,144314,PLN
IMP-07845,Elizabeth,Smith,imp.07845@acme-corp.com,Design,Designer,L2,FR,2023-07-22,89838,EUR
IMP-07846,Layla,Moreau,imp.07846@acme-corp.com,Operations,Manager,L2,US,2019-05-22,156146,USD
IMP-07847,Elizabeth,Michel,imp.07847@acme-corp.com,HR,Manager,L3,AU,2015-02-28,112876,AUD
IMP-07848,Yuna,Miller,imp.07848@acme-corp.com,Engineering,Engineer,L6,JP,2022-07-15,6451714,JPY
IMP-07849,Charles,Mehta,imp.07849@acme-corp.com,Engineering,Engineer,L5,US,2020-06-26,215575,USD
IMP-07850,Zhang,Lee,imp.07850@acme-corp.com,Operations,Manager,L2,KR,2018-09-07,48851393,KRW
IMP-07851,Ibrahim,Brown,imp.07851@acme-corp.com,Finance,Analyst,L4,NO,2021-07-14,536628,NOK
IMP-07852,Nancy,Wilson,imp.07852@acme-corp.com,Sales,Analyst,L5,FR,2020-07-18,68726,EUR
IMP-07853,David,Chen,imp.07853@acme-corp.com,Engineering,Engineer,L4,TW,2019-11-17,2558746,TWD
IMP-07854,Takeshi,Choi,imp.07854@acme-corp.com,Sales,Analyst,L1,DE,2024-12-14,99764,EUR
IMP-07855,Barbara,Yang,imp.07855@acme-corp.com,Operations,Manager,L6,NO,2022-12-26,895320,NOK
IMP-07856,Maria,Schmidt,imp.07856@acme-corp.com,Operations,Manager,L2,US,2015-08-27,206223,USD
IMP-07857,Charles,Lee,imp.07857@acme-corp.com,Engineering,Engineer,L6,AE,2023-01-13,474133,AED
IMP-07858,Elizabeth,Schmidt,imp.07858@acme-corp.com,Finance,Analyst,L2,CH,2017-08-29,132825,CHF
IMP-07859,Takeshi,Kim,imp.07859@acme-corp.com,Engineering,Engineer,L2,AU,2018-08-21,94464,AUD
IMP-07860,Charles,Thompson,imp.07860@acme-corp.com,Sales,Analyst,L2,US,2016-10-13,67177,USD
IMP-07861,Sarah,Kim,imp.07861@acme-corp.com,Operations,Manager,L6,DE,2024-12-24,143815,EUR
IMP-07862,Sung-min,Thomas,imp.07862@acme-corp.com,Sales,Analyst,L3,IN,2015-05-05,1118923,INR
IMP-07863,Richard,Kumar,imp.07863@acme-corp.com,Operations,Manager,L4,ZA,2022-12-16,846155,ZAR
IMP-07864,Yuna,Jones,imp.07864@acme-corp.com,HR,Manager,L6,NO,2023-10-15,907811,NOK
IMP-07865,Ahmed,Lee,imp.07865@acme-corp.com,HR,Manager,L5,US,2021-04-08,173201,USD
IMP-07866,Sakura,Singh,imp.07866@acme-corp.com,Operations,Manager,L4,TW,2019-08-09,2873219,TWD
IMP-07867,Thomas,Park,imp.07867@acme-corp.com,Engineering,Engineer,L1,US,2018-12-13,80156,USD
IMP-07868,Takeshi,Zhou,imp.07868@acme-corp.com,Engineering,Engineer,L6,GB,2015-09-06,114406,GBP
IMP-07869,Chen,Hernandez,imp.07869@acme-corp.com,HR,Manager,L4,NL,2022-06-09,139534,EUR
IMP-07870,Nancy,Dupont,imp.07870@acme-corp.com,Sales,Analyst,L1,DE,2018-03-05,59509,EUR
IMP-07871,Charles,Park,imp.07871@acme-corp.com,Design,Designer,L5,SE,2015-10-01,1031352,SEK
IMP-07872,Patricia,Thompson,imp.07872@acme-corp.com,Operations,Manager,L5,TW,2024-07-26,1192606,TWD
IMP-07873,Karen,Lee,imp.07873@acme-corp.com,HR,Manager,L2,GB,2020-03-19,144225,GBP
IMP-07874,Carlos,Yang,imp.07874@acme-corp.com,Sales,Analyst,L2,MX,2018-04-22,945291,MXN
IMP-07875,Jae-won,Martin,imp.07875@acme-corp.com,HR,Manager,L5,US,2020-05-04,127221,USD
IMP-07876,Ananya,Brown,imp.07876@acme-corp.com,Operations,Manager,L1,CH,2021-10-18,156538,CHF
IMP-07877,Susan,Roux,imp.07877@acme-corp.com,Design,Designer,L4,ES,2022-03-04,83971,EUR
IMP-07878,Michael,Joshi,imp.07878@acme-corp.com,Engineering,Engineer,L4,TW,2020-08-02,2478952,TWD
IMP-07879,William,Lee,imp.07879@acme-corp.com,Engineering,Engineer,L2,CA,2017-12-02,155862,CAD
IMP-07880,Karen,Wu,imp.07880@acme-corp.com,Engineering,Engineer,L2,AU,2024-11-05,113289,AUD
IMP-07881,Sarah,Hernandez,imp.07881@acme-corp.com,Engineering,Engineer,L5,IN,2023-12-15,4110183,INR
IMP-07882,Liu,Choi,imp.07882@acme-corp.com,HR,Manager,L5,JP,2021-06-02,8015334,JPY
IMP-07883,Jae-won,Reddy,imp.07883@acme-corp.com,Operations,Manager,L5,ZA,2024-08-26,487728,ZAR
IMP-07884,Rosa,Garcia,imp.07884@acme-corp.com,Sales,Analyst,L6,NL,2021-04-19,114983,EUR
IMP-07885,Layla,Zhang,imp.07885@acme-corp.com,Operations,Manager,L1,DK,2016-12-16,1187763,DKK
IMP-07886,Patricia,Hernandez,imp.07886@acme-corp.com,Design,Designer,L4,TW,2018-05-28,2884497,TWD
IMP-07887,Arjun,Kim,imp.07887@acme-corp.com,Operations,Manager,L4,US,2020-03-24,128022,USD
IMP-07888,Sung-min,Wu,imp.07888@acme-corp.com,Operations,Manager,L4,FR,2017-05-28,123343,EUR
IMP-07889,Sakura,Moore,imp.07889@acme-corp.com,HR,Manager,L3,JP,2024-11-12,7442045,JPY
IMP-07890,Isabel,Yang,imp.07890@acme-corp.com,Engineering,Engineer,L5,HK,2022-06-07,639401,HKD
IMP-07891,Min,Kang,imp.07891@acme-corp.com,Engineering,Engineer,L4,NO,2018-05-05,698405,NOK
IMP-07892,Yuki,Kim,imp.07892@acme-corp.com,HR,Manager,L4,US,2023-07-12,114689,USD
IMP-07893,Susan,Yoon,imp.07893@acme-corp.com,Engineering,Engineer,L6,IE,2019-04-15,118957,EUR
IMP-07894,Yuki,Bernard,imp.07894@acme-corp.com,HR,Manager,L3,PL,2018-06-25,217637,PLN
IMP-07895,Linda,Garcia,imp.07895@acme-corp.com,Sales,Analyst,L2,US,2019-06-12,128577,USD
IMP-07896,Ana,Schmidt,imp.07896@acme-corp.com,Finance,Analyst,L5,JP,2018-09-15,11164289,JPY
IMP-07897,Richard,Kim,imp.07897@acme-corp.com,Finance,Analyst,L2,TW,2015-04-09,3210758,TWD
IMP-07898,Hiroshi,Jung,imp.07898@acme-corp.com,HR,Manager,L2,ES,2017-02-27,120244,EUR
IMP-07899,Jennifer,Becker,imp.07899@acme-corp.com,HR,Manager,L1,SE,2015-12-10,1136394,SEK
IMP-07900,Isabel,Wang,imp.07900@acme-corp.com,Engineering,Engineer,L6,JP,2020-01-06,10344669,JPY
IMP-07901,Takeshi,Yang,imp.07901@acme-corp.com,Engineering,Engineer,L1,IN,2016-04-17,3568621,INR
IMP-07902,Akiko,Klein,imp.07902@acme-corp.com,Engineering,Engineer,L1,AE,2020-09-24,330779,AED
IMP-07903,Hassan,Mehta,imp.07903@acme-corp.com,Design,Designer,L2,JP,2015-11-10,12515133,JPY
IMP-07904,William,Martin,imp.07904@acme-corp.com,Engineering,Engineer,L6,AE,2024-07-04,366419,AED
IMP-07905,Ji-young,Lee,imp.07905@acme-corp.com,Engineering,Engineer,L6,MX,2017-11-24,539645,MXN
IMP-07906,Ibrahim,Wang,imp.07906@acme-corp.com,HR,Manager,L1,GB,2022-10-14,81571,GBP
IMP-07907,Liu,Michel,imp.07907@acme-corp.com,Finance,Analyst,L5,HK,2017-12-16,332848,HKD
IMP-07908,Mary,Reddy,imp.07908@acme-corp.com,Engineering,Engineer,L6,NL,2020-11-22,96561,EUR
IMP-07909,Jose,Yang,imp.07909@acme-corp.com,Engineering,Engineer,L4,DE,2022-05-10,99744,EUR
IMP-07910,Patricia,Lim,imp.07910@acme-corp.com,Finance,Analyst,L6,AE,2021-09-25,355292,AED
IMP-07911,Rahul,Taylor,imp.07911@acme-corp.com,Engineering,Engineer,L2,GB,2015-04-27,83618,GBP
IMP-07912,Jessica,Wilson,imp.07912@acme-corp.com,Engineering,Engineer,L5,AU,2020-10-23,112491,AUD
IMP-07913,Carmen,Laurent,imp.07913@acme-corp.com,Engineering,Engineer,L6,SG,2024-12-23,109610,SGD
IMP-07914,Carlos,Bernard,imp.07914@acme-corp.com,Design,Designer,L1,DK,2016-03-24,788811,DKK
IMP-07915,Omar,Sharma,imp.07915@acme-corp.com,Engineering,Engineer,L6,AE,2018-10-07,466276,AED
IMP-07916,Omar,Smith,imp.07916@acme-corp.com,Design,Designer,L6,TW,2022-07-17,1638137,TWD
IMP-07917,Liu,Hernandez,imp.07917@acme-corp.com,Sales,Analyst,L2,TW,2016-01-07,1696179,TWD
IMP-07918,Luis,Martinez,imp.07918@acme-corp.com,Operations,Manager,L1,GB,2024-10-10,85680,GBP
IMP-07919,Mei,Miller,imp.07919@acme-corp.com,Engineering,Engineer,L4,PL,2018-02-03,131075,PLN
IMP-07920,Yuki,Song,imp.07920@acme-corp.com,Finance,Analyst,L1,SE,2023-11-27,404667,SEK
IMP-07921,Chen,Jung,imp.07921@acme-corp.com,HR,Manager,L3,DE,2016-05-04,64566,EUR
IMP-07922,Jennifer,Jones,imp.07922@acme-corp.com,Operations,Manager,L2,NL,2015-07-19,61856,EUR
IMP-07923,Mei,Thompson,imp.07923@acme-corp.com,Sales,Analyst,L4,NO,2021-09-12,550625,NOK
IMP-07924,Akiko,Kang,imp.07924@acme-corp.com,Design,Designer,L5,MX,2022-05-13,354396,MXN
IMP-07925,Isabel,Li,imp.07925@acme-corp.com,Finance,Analyst,L4,IN,2019-02-26,1630040,INR
IMP-07926,Maria,Moore,imp.07926@acme-corp.com,Engineering,Engineer,L4,HK,2018-10-01,1028930,HKD
IMP-07927,Richard,Weber,imp.07927@acme-corp.com,Engineering,Engineer,L1,SG,2020-08-18,168440,SGD
IMP-07928,Sakura,Lee,imp.07928@acme-corp.com,Sales,Analyst,L3,US,2020-05-18,152245,USD
IMP-07929,Yuna,Chen,imp.07929@acme-corp.com,Sales,Analyst,L1,HK,2018-04-25,685957,HKD
IMP-07930,Ibrahim,Michel,imp.07930@acme-corp.com,Finance,Analyst,L4,SE,2024-08-14,464430,SEK
IMP-07931,Francisco,Dupont,imp.07931@acme-corp.com,Operations,Manager,L6,DE,2020-07-31,73241,EUR
IMP-07932,Arjun,David,imp.07932@acme-corp.com,Sales,Analyst,L6,GB,2021-04-11,124417,GBP
IMP-07933,Nancy,Park,imp.07933@acme-corp.com,Sales,Analyst,L6,SE,2019-01-09,589263,SEK
IMP-07934,Layla,Williams,imp.07934@acme-corp.com,Engineering,Engineer,L3,HK,2022-04-12,1143978,HKD
IMP-07935,Barbara,Hernandez,imp.07935@acme-corp.com,Engineering,Engineer,L1,ZA,2024-03-30,1058163,ZAR
IMP-07936,Fatima,Michel,imp.07936@acme-corp.com,Finance,Analyst,L6,MX,2015-09-25,319194,MXN
IMP-07937,Takeshi,Thompson,imp.07937@acme-corp.com,Sales,Analyst,L4,TW,2015-02-22,1080359,TWD
IMP-07938,Carmen,Lee,imp.07938@acme-corp.com,Operations,Manager,L1,IN,2021-08-14,4106060,INR
IMP-07939,Layla,Sharma,imp.07939@acme-corp.com,Sales,Analyst,L1,GB,2017-12-11,147298,GBP
IMP-07940,Ana,Hernandez,imp.07940@acme-corp.com,HR,Manager,L1,ZA,2022-05-30,1195768,ZAR
IMP-07941,Ahmed,Joshi,imp.07941@acme-corp.com,Engineering,Engineer,L5,ZA,2024-07-03,425706,ZAR
IMP-07942,Fatima,Klein,imp.07942@acme-corp.com,Finance,Analyst,L5,FR,2022-06-13,146102,EUR
IMP-07943,Linda,Dupont,imp.07943@acme-corp.com,Sales,Analyst,L5,DK,2023-01-23,540299,DKK
IMP-07944,Rahul,Thomas,imp.07944@acme-corp.com,Engineering,Engineer,L5,US,2021-07-31,77721,USD
IMP-07945,Yuna,Thomas,imp.07945@acme-corp.com,Sales,Analyst,L1,GB,2017-04-11,97740,GBP
IMP-07946,Mary,Wilson,imp.07946@acme-corp.com,HR,Manager,L6,NO,2019-12-18,1101361,NOK
IMP-07947,Omar,Richter,imp.07947@acme-corp.com,Design,Designer,L5,KR,2015-04-08,65958459,KRW
IMP-07948,Hassan,Wilson,imp.07948@acme-corp.com,Sales,Analyst,L5,DK,2015-07-24,1037894,DKK
IMP-07949,Sung-min,Xu,imp.07949@acme-corp.com,Operations,Manager,L3,DK,2023-08-02,647914,DKK
IMP-07950,Carmen,Sharma,imp.07950@acme-corp.com,Sales,Analyst,L4,IE,2020-04-04,76070,EUR
IMP-07951,Mei,Simon,imp.07951@acme-corp.com,Engineering,Engineer,L3,US,2020-06-21,153910,USD
IMP-07952,Joseph,Song,imp.07952@acme-corp.com,Operations,Manager,L6,CH,2020-01-12,140793,CHF
IMP-07953,Ana,Johnson,imp.07953@acme-corp.com,Engineering,Engineer,L6,ZA,2019-09-14,481396,ZAR
IMP-07954,Priya,Taylor,imp.07954@acme-corp.com,Engineering,Engineer,L6,GB,2019-07-17,52992,GBP
IMP-07955,Jae-won,Brown,imp.07955@acme-corp.com,Engineering,Engineer,L2,JP,2020-08-17,14380013,JPY
IMP-07956,Rahul,Patel,imp.07956@acme-corp.com,Engineering,Engineer,L3,ES,2022-04-28,83581,EUR
IMP-07957,Francisco,Simon,imp.07957@acme-corp.com,Finance,Analyst,L5,US,2020-06-01,89880,USD
IMP-07958,Rosa,Smith,imp.07958@acme-corp.com,Finance,Analyst,L3,AE,2017-09-14,365926,AED
IMP-07959,Ananya,Kang,imp.07959@acme-corp.com,Operations,Manager,L1,IE,2020-06-15,103092,EUR
IMP-07960,Charles,Klein,imp.07960@acme-corp.com,HR,Manager,L5,KR,2018-01-15,40955833,KRW
IMP-07961,Sarah,Schulz,imp.07961@acme-corp.com,Sales,Analyst,L2,JP,2019-01-09,9505450,JPY
IMP-07962,Nancy,Hoffmann,imp.07962@acme-corp.com,HR,Manager,L4,KR,2015-12-19,68562329,KRW
IMP-07963,Chen,Fischer,imp.07963@acme-corp.com,Engineering,Engineer,L4,ES,2021-12-02,84559,EUR
IMP-07964,Maria,Müller,imp.07964@acme-corp.com,HR,Manager,L1,GB,2021-05-15,128436,GBP
IMP-07965,Jae-won,Martinez,imp.07965@acme-corp.com,HR,Manager,L1,FR,2021-02-28,86184,EUR
IMP-07966,Yuki,Dupont,imp.07966@acme-corp.com,Finance,Analyst,L5,HK,2024-05-25,660231,HKD
IMP-07967,Isabel,Martinez,imp.07967@acme-corp.com,Operations,Manager,L5,DK,2015-07-29,1122437,DKK
IMP-07968,Zara,Thompson,imp.07968@acme-corp.com,Sales,Analyst,L2,GB,2024-08-02,143851,GBP
IMP-07969,Omar,Miller,imp.07969@acme-corp.com,Engineering,Engineer,L5,SG,2015-08-26,195532,SGD
IMP-07970,Arjun,Bernard,imp.07970@acme-corp.com,Engineering,Engineer,L4,US,2017-06-11,126475,USD
IMP-07971,Michael,Garcia,imp.07971@acme-corp.com,Design,Designer,L6,FR,2019-09-29,127143,EUR
IMP-07972,David,Hernandez,imp.07972@acme-corp.com,Finance,Analyst,L3,DE,2024-09-02,102265,EUR
IMP-07973,Michael,Huang,imp.07973@acme-corp.com,HR,Manager,L6,GB,2024-11-08,75088,GBP
IMP-07974,Robert,Lim,imp.07974@acme-corp.com,HR,Manager,L1,US,2019-11-13,76604,USD
IMP-07975,Zara,Reddy,imp.07975@acme-corp.com,Operations,Manager,L1,TW,2015-04-05,805587,TWD
IMP-07976,Richard,Park,imp.07976@acme-corp.com,HR,Manager,L6,MX,2021-10-24,1056098,MXN
IMP-07977,Michael,Anderson,imp.07977@acme-corp.com,Finance,Analyst,L1,AE,2017-07-10,539279,AED
IMP-07978,Mei,Johnson,imp.07978@acme-corp.com,Finance,Analyst,L2,KR,2022-07-23,75057523,KRW
IMP-07979,Thomas,Kang,imp.07979@acme-corp.com,Operations,Manager,L5,KR,2022-10-05,69277415,KRW
IMP-07980,Luis,Kumar,imp.07980@acme-corp.com,Design,Designer,L6,US,2023-05-17,93923,USD
IMP-07981,Aisha,Michel,imp.07981@acme-corp.com,Engineering,Engineer,L6,IN,2021-10-12,2792319,INR
IMP-07982,Nancy,Kumar,imp.07982@acme-corp.com,Engineering,Engineer,L6,DE,2016-10-18,90102,EUR
IMP-07983,Omar,Lee,imp.07983@acme-corp.com,Engineering,Engineer,L2,IE,2020-07-19,111316,EUR
IMP-07984,Ji-young,Lim,imp.07984@acme-corp.com,Engineering,Engineer,L3,AE,2016-12-10,473782,AED
IMP-07985,Jessica,White,imp.07985@acme-corp.com,Finance,Analyst,L2,NO,2016-04-14,965797,NOK
IMP-07986,William,David,imp.07986@acme-corp.com,Engineering,Engineer,L4,IN,2021-02-17,1054788,INR
IMP-07987,Carmen,Bernard,imp.07987@acme-corp.com,Engineering,Engineer,L5,MX,2023-02-28,787927,MXN
IMP-07988,Jessica,Lim,imp.07988@acme-corp.com,Sales,Analyst,L3,US,2024-05-29,133452,USD
IMP-07989,Hassan,Li,imp.07989@acme-corp.com,Engineering,Engineer,L4,SE,2019-05-21,880135,SEK
IMP-07990,Ji-young,Weber,imp.07990@acme-corp.com,Engineering,Engineer,L5,IE,2024-07-08,132254,EUR
IMP-07991,Aisha,Xu,imp.07991@acme-corp.com,Design,Designer,L6,KR,2022-07-10,42906688,KRW
IMP-07992,Maria,Li,imp.07992@acme-corp.com,HR,Manager,L3,NO,2018-03-11,640942,NOK
IMP-07993,Fatima,Kumar,imp.07993@acme-corp.com,HR,Manager,L1,TW,2018-11-29,2668785,TWD
IMP-07994,Hassan,Martinez,imp.07994@acme-corp.com,Finance,Analyst,L4,DE,2015-08-06,114363,EUR
IMP-07995,Aisha,Choi,imp.07995@acme-corp.com,Engineering,Engineer,L2,DK,2020-01-27,561274,DKK
IMP-07996,Ji-young,Sharma,imp.07996@acme-corp.com,Sales,Analyst,L5,NO,2024-08-22,585140,NOK
IMP-07997,Francisco,Anderson,imp.07997@acme-corp.com,HR,Manager,L6,NL,2020-03-06,80178,EUR
IMP-07998,Priya,Brown,imp.07998@acme-corp.com,Engineering,Engineer,L1,GB,2019-06-13,47281,GBP
IMP-07999,Jessica,Garcia,imp.07999@acme-corp.com,Engineering,Engineer,L6,CA,2018-06-16,72508,CAD
IMP-08000,William,Hoffmann,imp.08000@acme-corp.com,Engineering,Engineer,L4,IE,2024-02-23,94688,EUR
IMP-08001,Linda,White,imp.08001@acme-corp.com,Sales,Analyst,L4,IN,2020-11-16,1984149,INR
IMP-08002,Rahul,Wang,imp.08002@acme-corp.com,Sales,Analyst,L5,AU,2020-02-22,130294,AUD
IMP-08003,Jose,Jackson,imp.08003@acme-corp.com,Operations,Manager,L3,JP,2021-06-20,14846413,JPY
IMP-08004,Fatima,Johnson,imp.08004@acme-corp.com,Operations,Manager,L6,HK,2019-02-27,1171078,HKD
IMP-08005,Aisha,Lee,imp.08005@acme-corp.com,Engineering,Engineer,L5,DE,2023-07-07,65076,EUR
IMP-08006,Mary,Dupont,imp.08006@acme-corp.com,Engineering,Engineer,L6,IE,2020-02-21,126672,EUR
IMP-08007,Sakura,Williams,imp.08007@acme-corp.com,Sales,Analyst,L1,IN,2024-03-15,4252833,INR
IMP-08008,Yuki,Smith,imp.08008@acme-corp.com,Engineering,Engineer,L3,AE,2017-01-08,312232,AED
IMP-08009,Yuki,Williams,imp.08009@acme-corp.com,Engineering,Engineer,L2,TW,2018-07-23,3112660,TWD
IMP-08010,Yusuf,Lim,imp.08010@acme-corp.com,Sales,Analyst,L3,PL,2017-05-24,244058,PLN
IMP-08011,Jose,Garcia,imp.08011@acme-corp.com,Sales,Analyst,L5,GB,2018-11-01,57884,GBP
IMP-08012,James,Chen,imp.08012@acme-corp.com,Operations,Manager,L4,SE,2015-12-15,611304,SEK
IMP-08013,Carlos,Schulz,imp.08013@acme-corp.com,Sales,Analyst,L1,KR,2017-05-25,84934353,KRW
IMP-08014,Mei,Martinez,imp.08014@acme-corp.com,Operations,Manager,L6,CH,2015-01-17,178498,CHF
IMP-08015,Zhang,Bernard,imp.08015@acme-corp.com,Finance,Analyst,L4,TW,2023-08-28,1359999,TWD
IMP-08016,Yuki,Williams,imp.08016@acme-corp.com,HR,Manager,L6,GB,2017-03-12,84384,GBP
IMP-08017,Hassan,Braun,imp.08017@acme-corp.com,Engineering,Engineer,L6,IN,2020-05-23,1750766,INR
IMP-08018,Ibrahim,Simon,imp.08018@acme-corp.com,Engineering,Engineer,L2,NO,2022-03-16,1126786,NOK
IMP-08019,Yuki,Braun,imp.08019@acme-corp.com,Engineering,Engineer,L6,ZA,2015-01-01,1066866,ZAR
IMP-08020,Aisha,Li,imp.08020@acme-corp.com,HR,Manager,L2,US,2016-07-11,158598,USD
IMP-08021,Mary,Hernandez,imp.08021@acme-corp.com,Sales,Analyst,L3,GB,2018-02-04,91224,GBP
IMP-08022,Jessica,Brown,imp.08022@acme-corp.com,Engineering,Engineer,L2,IN,2020-05-17,2754082,INR
IMP-08023,Rosa,Lee,imp.08023@acme-corp.com,Sales,Analyst,L4,DE,2019-11-25,102049,EUR
IMP-08024,Linda,Thompson,imp.08024@acme-corp.com,Sales,Analyst,L5,IN,2023-01-17,3581054,INR
IMP-08025,Luis,Garcia,imp.08025@acme-corp.com,Finance,Analyst,L3,SG,2018-09-03,114523,SGD
IMP-08026,Aisha,Weber,imp.08026@acme-corp.com,Engineering,Engineer,L1,DK,2016-06-11,1012464,DKK
IMP-08027,Mei,Nair,imp.08027@acme-corp.com,Engineering,Engineer,L2,SE,2016-12-06,842541,SEK
IMP-08028,Mei,Joshi,imp.08028@acme-corp.com,Sales,Analyst,L6,PL,2019-10-13,160093,PLN
IMP-08029,Jessica,Weber,imp.08029@acme-corp.com,Engineering,Engineer,L3,CH,2021-05-04,126883,CHF
IMP-08030,Jose,Lee,imp.08030@acme-corp.com,Engineering,Engineer,L1,TW,2016-06-20,3193295,TWD
IMP-08031,Zhang,Song,imp.08031@acme-corp.com,Engineering,Engineer,L6,DK,2017-10-15,731747,DKK
IMP-08032,Ananya,Jones,imp.08032@acme-corp.com,Engineering,Engineer,L1,IE,2016-10-10,107332,EUR
IMP-08033,Priya,Huang,imp.08033@acme-corp.com,Finance,Analyst,L3,SG,2022-09-13,111575,SGD
IMP-08034,Carlos,Yang,imp.08034@acme-corp.com,HR,Manager,L4,US,2018-09-08,75226,USD
IMP-08035,Ana,Lim,imp.08035@acme-corp.com,Sales,Analyst,L1,AU,2016-05-14,102454,AUD
IMP-08036,Omar,Fischer,imp.08036@acme-corp.com,Sales,Analyst,L1,DE,2019-08-02,123350,EUR
IMP-08037,Rosa,Wilson,imp.08037@acme-corp.com,HR,Manager,L1,GB,2021-12-13,61226,GBP
IMP-08038,Ji-young,Nair,imp.08038@acme-corp.com,Engineering,Engineer,L3,NL,2022-10-08,122291,EUR
IMP-08039,Robert,Garcia,imp.08039@acme-corp.com,Engineering,Engineer,L6,GB,2017-09-09,54958,GBP
IMP-08040,Aisha,White,imp.08040@acme-corp.com,HR,Manager,L2,DK,2017-09-22,618731,DKK
IMP-08041,Jae-won,Roux,imp.08041@acme-corp.com,Engineering,Engineer,L4,FR,2023-06-27,71510,EUR
IMP-08042,Jennifer,Roux,imp.08042@acme-corp.com,Engineering,Engineer,L4,CH,2020-01-14,165800,CHF
IMP-08043,Ana,Moore,imp.08043@acme-corp.com,Engineering,Engineer,L5,CH,2015-04-30,154279,CHF
IMP-08044,Thomas,Weber,imp.08044@acme-corp.com,Finance,Analyst,L2,CH,2018-01-03,178273,CHF
IMP-08045,James,Becker,imp.08045@acme-corp.com,Sales,Analyst,L1,IN,2021-09-21,2027888,INR
IMP-08046,Yusuf,Martin,imp.08046@acme-corp.com,Sales,Analyst,L4,GB,2022-11-13,156445,GBP
IMP-08047,Yusuf,Taylor,imp.08047@acme-corp.com,Finance,Analyst,L2,FR,2016-02-20,90257,EUR
IMP-08048,Wei,Lee,imp.08048@acme-corp.com,Operations,Manager,L2,NO,2016-12-11,937994,NOK
IMP-08049,Sakura,Roux,imp.08049@acme-corp.com,Finance,Analyst,L1,ES,2020-10-30,91059,EUR
IMP-08050,Hassan,Moreau,imp.08050@acme-corp.com,Engineering,Engineer,L2,IN,2017-05-19,1539172,INR
IMP-08051,Sakura,Moore,imp.08051@acme-corp.com,Finance,Analyst,L4,US,2022-02-23,218111,USD
IMP-08052,Jessica,Joshi,imp.08052@acme-corp.com,Finance,Analyst,L4,IE,2023-11-12,73355,EUR
IMP-08053,Richard,Mehta,imp.08053@acme-corp.com,Engineering,Engineer,L4,DE,2020-08-24,121260,EUR
IMP-08054,Luis,Song,imp.08054@acme-corp.com,Engineering,Engineer,L4,GB,2024-04-15,157866,GBP
IMP-08055,Ahmed,Garcia,imp.08055@acme-corp.com,HR,Manager,L5,DE,2024-04-10,82768,EUR
IMP-08056,Sakura,Nair,imp.08056@acme-corp.com,Sales,Analyst,L2,KR,2024-02-08,45832169,KRW
IMP-08057,Isabel,Hoffmann,imp.08057@acme-corp.com,Engineering,Engineer,L4,PL,2024-06-18,211808,PLN
IMP-08058,Joseph,Martin,imp.08058@acme-corp.com,HR,Manager,L1,AU,2022-07-28,109196,AUD
IMP-08059,Rosa,Martin,imp.08059@acme-corp.com,Design,Designer,L2,ZA,2016-04-06,1404622,ZAR
IMP-08060,Isabel,Hernandez,imp.08060@acme-corp.com,Finance,Analyst,L6,GB,2015-04-04,91644,GBP
IMP-08061,Francisco,Nair,imp.08061@acme-corp.com,Finance,Analyst,L3,CA,2015-07-24,88814,CAD
IMP-08062,Akiko,Zhang,imp.08062@acme-corp.com,Operations,Manager,L4,FR,2016-08-07,109786,EUR
IMP-08063,Mei,Klein,imp.08063@acme-corp.com,Engineering,Engineer,L2,GB,2020-12-17,72280,GBP
IMP-08064,Maria,Martin,imp.08064@acme-corp.com,Sales,Analyst,L6,DE,2024-12-15,124492,EUR
IMP-08065,Hiroshi,Liu,imp.08065@acme-corp.com,Finance,Analyst,L3,NO,2021-02-04,472596,NOK
IMP-08066,James,Patel,imp.08066@acme-corp.com,Engineering,Engineer,L5,CA,2016-10-22,83620,CAD
IMP-08067,Jose,Chen,imp.08067@acme-corp.com,Engineering,Engineer,L3,MX,2024-12-12,320778,MXN
IMP-08068,Chen,Sharma,imp.08068@acme-corp.com,Finance,Analyst,L1,US,2021-03-30,68355,USD
IMP-08069,Luis,Richter,imp.08069@acme-corp.com,Engineering,Engineer,L5,GB,2021-08-09,50193,GBP
IMP-08070,Ahmed,Sharma,imp.08070@acme-corp.com,Engineering,Engineer,L5,IN,2016-04-29,902918,INR
IMP-08071,William,Patel,imp.08071@acme-corp.com,Engineering,Engineer,L2,ZA,2020-04-21,611864,ZAR
IMP-08072,Robert,Han,imp.08072@acme-corp.com,Engineering,Engineer,L1,DK,2019-10-20,631585,DKK
IMP-08073,Hassan,Fischer,imp.08073@acme-corp.com,Finance,Analyst,L4,GB,2024-08-21,142523,GBP
IMP-08074,Ananya,Williams,imp.08074@acme-corp.com,Sales,Analyst,L1,TW,2024-04-29,2334616,TWD
IMP-08075,William,Jones,imp.08075@acme-corp.com,Finance,Analyst,L4,GB,2020-07-18,157290,GBP
IMP-08076,Fatima,Williams,imp.08076@acme-corp.com,Sales,Analyst,L3,AU,2023-01-01,105546,AUD
IMP-08077,Akiko,Kumar,imp.08077@acme-corp.com,Engineering,Engineer,L5,FR,2018-01-03,109932,EUR
IMP-08078,Mei,Davis,imp.08078@acme-corp.com,Engineering,Engineer,L5,IE,2019-04-24,143028,EUR
IMP-08079,Charles,Moreau,imp.08079@acme-corp.com,HR,Manager,L4,DK,2018-06-18,872250,DKK
IMP-08080,Jae-won,Davis,imp.08080@acme-corp.com,Finance,Analyst,L6,ZA,2021-01-17,1360498,ZAR
IMP-08081,Yusuf,Reddy,imp.08081@acme-corp.com,Design,Designer,L3,DE,2016-05-18,145089,EUR
IMP-08082,Ananya,Moreau,imp.08082@acme-corp.com,Finance,Analyst,L1,KR,2017-02-13,96894616,KRW
IMP-08083,Ahmed,Lee,imp.08083@acme-corp.com,Finance,Analyst,L3,CA,2020-10-10,172379,CAD
IMP-08084,Yuki,David,imp.08084@acme-corp.com,Design,Designer,L1,DE,2019-01-23,99218,EUR
IMP-08085,Yusuf,Joshi,imp.08085@acme-corp.com,Operations,Manager,L4,SG,2022-12-31,167872,SGD
IMP-08086,Linda,Chen,imp.08086@acme-corp.com,Operations,Manager,L6,GB,2022-05-31,99969,GBP
IMP-08087,Ji-young,Yoon,imp.08087@acme-corp.com,Sales,Analyst,L1,DE,2017-04-21,85529,EUR
IMP-08088,Zhang,Davis,imp.08088@acme-corp.com,Engineering,Engineer,L1,US,2021-06-16,186094,USD
IMP-08089,Carmen,Joshi,imp.08089@acme-corp.com,Finance,Analyst,L3,CH,2020-12-30,189243,CHF
IMP-08090,Ahmed,Müller,imp.08090@acme-corp.com,Sales,Analyst,L4,DE,2018-12-20,73078,EUR
IMP-08091,Ananya,White,imp.08091@acme-corp.com,Finance,Analyst,L4,DE,2017-03-16,59737,EUR
IMP-08092,Rahul,Williams,imp.08092@acme-corp.com,Finance,Analyst,L1,SG,2015-08-02,175698,SGD
IMP-08093,Isabel,Wilson,imp.08093@acme-corp.com,Sales,Analyst,L4,AU,2016-12-20,163896,AUD
IMP-08094,Kenji,Müller,imp.08094@acme-corp.com,Operations,Manager,L4,DK,2022-02-19,976615,DKK
IMP-08095,David,Chen,imp.08095@acme-corp.com,Sales,Analyst,L5,GB,2021-03-04,155965,GBP
IMP-08096,Jose,Chen,imp.08096@acme-corp.com,HR,Manager,L2,MX,2018-08-08,1152178,MXN
IMP-08097,Jennifer,Anderson,imp.08097@acme-corp.com,HR,Manager,L3,AU,2023-03-15,107119,AUD
IMP-08098,Layla,Schmidt,imp.08098@acme-corp.com,HR,Manager,L4,CH,2024-01-06,181430,CHF
IMP-08099,William,Moore,imp.08099@acme-corp.com,Sales,Analyst,L6,ZA,2020-06-14,711513,ZAR
IMP-08100,Thomas,Martinez,imp.08100@acme-corp.com,Finance,Analyst,L2,HK,2015-07-29,470814,HKD
IMP-08101,Priya,Thomas,imp.08101@acme-corp.com,Finance,Analyst,L5,ZA,2021-03-27,1200629,ZAR
IMP-08102,Layla,Patel,imp.08102@acme-corp.com,Engineering,Engineer,L1,IN,2016-09-19,888404,INR
IMP-08103,Robert,Martinez,imp.08103@acme-corp.com,Finance,Analyst,L4,SG,2024-10-11,196861,SGD
IMP-08104,Mary,Richter,imp.08104@acme-corp.com,Engineering,Engineer,L2,NL,2015-04-10,94285,EUR
IMP-08105,Rahul,Schmidt,imp.08105@acme-corp.com,Engineering,Engineer,L5,DK,2022-10-05,891653,DKK
IMP-08106,Yuki,Reddy,imp.08106@acme-corp.com,Operations,Manager,L2,DE,2015-09-20,56059,EUR
IMP-08107,Ji-young,Gupta,imp.08107@acme-corp.com,Operations,Manager,L6,MX,2019-03-03,398495,MXN
IMP-08108,Jae-won,Hernandez,imp.08108@acme-corp.com,Operations,Manager,L4,US,2019-10-12,137950,USD
IMP-08109,Fatima,Brown,imp.08109@acme-corp.com,Engineering,Engineer,L3,AU,2018-04-12,131465,AUD
IMP-08110,Barbara,Joshi,imp.08110@acme-corp.com,Sales,Analyst,L4,DE,2017-08-19,75811,EUR
IMP-08111,Zara,Park,imp.08111@acme-corp.com,HR,Manager,L1,NL,2021-03-13,51496,EUR
IMP-08112,Michael,Laurent,imp.08112@acme-corp.com,HR,Manager,L2,FR,2024-06-07,75989,EUR
IMP-08113,Chen,Patel,imp.08113@acme-corp.com,Engineering,Engineer,L5,US,2018-10-23,196876,USD
IMP-08114,Yuki,Sharma,imp.08114@acme-corp.com,Sales,Analyst,L5,JP,2023-03-30,15310559,JPY
IMP-08115,Yusuf,Thompson,imp.08115@acme-corp.com,Sales,Analyst,L4,CH,2015-03-24,143438,CHF
IMP-08116,Chen,Thompson,imp.08116@acme-corp.com,Engineering,Engineer,L1,US,2024-06-04,217896,USD
IMP-08117,Jessica,Klein,imp.08117@acme-corp.com,Operations,Manager,L3,US,2016-12-12,92455,USD
IMP-08118,Arjun,Liu,imp.08118@acme-corp.com,Finance,Analyst,L6,TW,2024-10-09,1085476,TWD
IMP-08119,Barbara,Kumar,imp.08119@acme-corp.com,Sales,Analyst,L4,GB,2024-10-12,54247,GBP
IMP-08120,Sarah,Moore,imp.08120@acme-corp.com,Finance,Analyst,L5,CH,2015-06-17,132330,CHF
IMP-08121,Linda,Schmidt,imp.08121@acme-corp.com,Engineering,Engineer,L6,US,2018-01-03,81115,USD
IMP-08122,Karen,Davis,imp.08122@acme-corp.com,Sales,Analyst,L1,MX,2015-11-27,368208,MXN
IMP-08123,Rahul,Kumar,imp.08123@acme-corp.com,Sales,Analyst,L6,US,2018-09-07,119147,USD
IMP-08124,Maria,Thomas,imp.08124@acme-corp.com,Engineering,Engineer,L5,MX,2024-09-01,445686,MXN
IMP-08125,William,Becker,imp.08125@acme-corp.com,Sales,Analyst,L6,US,2019-01-05,132692,USD
IMP-08126,Yuki,Wang,imp.08126@acme-corp.com,Engineering,Engineer,L6,SE,2022-01-06,853305,SEK
IMP-08127,Yuna,Lim,imp.08127@acme-corp.com,HR,Manager,L2,DK,2017-10-20,412925,DKK
IMP-08128,Ana,Reddy,imp.08128@acme-corp.com,Engineering,Engineer,L1,US,2020-03-11,175159,USD
IMP-08129,Thomas,Miller,imp.08129@acme-corp.com,Engineering,Engineer,L4,ZA,2021-11-22,756490,ZAR
IMP-08130,Jose,Laurent,imp.08130@acme-corp.com,Engineering,Engineer,L1,SE,2015-10-23,1057262,SEK
IMP-08131,Isabel,Lim,imp.08131@acme-corp.com,Operations,Manager,L1,DK,2022-03-27,545781,DKK
IMP-08132,Sung-min,Weber,imp.08132@acme-corp.com,Sales,Analyst,L6,ES,2016-11-15,141268,EUR
IMP-08133,Ana,Roux,imp.08133@acme-corp.com,HR,Manager,L1,CA,2016-06-12,118119,CAD
IMP-08134,Sakura,Michel,imp.08134@acme-corp.com,Engineering,Engineer,L6,GB,2016-02-19,59309,GBP
IMP-08135,Ji-young,Garcia,imp.08135@acme-corp.com,Operations,Manager,L2,US,2024-05-07,192911,USD
IMP-08136,Ana,Garcia,imp.08136@acme-corp.com,Engineering,Engineer,L2,US,2024-04-24,190976,USD
IMP-08137,Chen,Sharma,imp.08137@acme-corp.com,Engineering,Engineer,L3,AU,2019-11-14,181496,AUD
IMP-08138,Carmen,Anderson,imp.08138@acme-corp.com,Finance,Analyst,L1,HK,2017-11-09,759668,HKD
IMP-08139,Linda,Davis,imp.08139@acme-corp.com,HR,Manager,L5,US,2016-10-01,140129,USD
IMP-08140,Jose,Kumar,imp.08140@acme-corp.com,Finance,Analyst,L5,AE,2018-05-24,315065,AED
IMP-08141,Thomas,Brown,imp.08141@acme-corp.com,HR,Manager,L1,PL,2016-02-19,156156,PLN
IMP-08142,Zara,Jackson,imp.08142@acme-corp.com,Engineering,Engineer,L6,SE,2015-12-14,1167164,SEK
IMP-08143,Patricia,Roux,imp.08143@acme-corp.com,Operations,Manager,L3,TW,2017-03-13,3226192,TWD
IMP-08144,Wei,Miller,imp.08144@acme-corp.com,Operations,Manager,L5,GB,2019-05-10,52042,GBP
IMP-08145,Layla,Park,imp.08145@acme-corp.com,Sales,Analyst,L2,CH,2020-08-04,156324,CHF
IMP-08146,Susan,Singh,imp.08146@acme-corp.com,Engineering,Engineer,L3,DK,2023-06-17,848830,DKK
IMP-08147,Robert,Roux,imp.08147@acme-corp.com,HR,Manager,L6,KR,2016-10-29,91645235,KRW
IMP-08148,Arjun,Martin,imp.08148@acme-corp.com,Engineering,Engineer,L2,US,2020-02-20,149049,USD
IMP-08149,Hassan,Bernard,imp.08149@acme-corp.com,Finance,Analyst,L5,AU,2015-03-18,121035,AUD
IMP-08150,Hassan,Reddy,imp.08150@acme-corp.com,Engineering,Engineer,L6,SG,2022-06-10,81246,SGD
IMP-08151,Mary,Hernandez,imp.08151@acme-corp.com,HR,Manager,L3,JP,2024-07-08,12882833,JPY
IMP-08152,Barbara,Wang,imp.08152@acme-corp.com,Engineering,Engineer,L5,AU,2015-11-17,82190,AUD
IMP-08153,Rosa,Wang,imp.08153@acme-corp.com,Sales,Analyst,L2,US,2020-12-11,160002,USD
IMP-08154,Sung-min,Garcia,imp.08154@acme-corp.com,Engineering,Engineer,L3,NL,2016-01-07,72843,EUR
IMP-08155,James,David,imp.08155@acme-corp.com,Operations,Manager,L5,IE,2019-05-24,149077,EUR
IMP-08156,Pedro,Park,imp.08156@acme-corp.com,Design,Designer,L5,AE,2020-04-25,183912,AED
IMP-08157,Jose,Kumar,imp.08157@acme-corp.com,HR,Manager,L4,JP,2019-11-29,12678674,JPY
IMP-08158,Karen,Simon,imp.08158@acme-corp.com,Engineering,Engineer,L2,NL,2016-04-10,112755,EUR
IMP-08159,Patricia,Miller,imp.08159@acme-corp.com,Operations,Manager,L6,FR,2017-05-14,75799,EUR
IMP-08160,Sung-min,Zhang,imp.08160@acme-corp.com,Operations,Manager,L4,US,2024-08-19,131701,USD
IMP-08161,Fatima,Joshi,imp.08161@acme-corp.com,Engineering,Engineer,L5,JP,2023-12-22,4298713,JPY
IMP-08162,Sarah,Pillai,imp.08162@acme-corp.com,Finance,Analyst,L2,SE,2023-09-23,756072,SEK
IMP-08163,Chen,Huang,imp.08163@acme-corp.com,Engineering,Engineer,L4,CA,2020-09-21,81845,CAD
IMP-08164,Charles,Dupont,imp.08164@acme-corp.com,Design,Designer,L2,IN,2021-01-25,2588523,INR
IMP-08165,Patricia,Yoon,imp.08165@acme-corp.com,Sales,Analyst,L2,DE,2020-09-01,104502,EUR
IMP-08166,Jae-won,Moore,imp.08166@acme-corp.com,Design,Designer,L4,AU,2024-11-26,136731,AUD
IMP-08167,Pedro,Lee,imp.08167@acme-corp.com,Sales,Analyst,L3,IN,2021-11-17,1929803,INR
IMP-08168,Priya,Mehta,imp.08168@acme-corp.com,Finance,Analyst,L3,IE,2016-07-28,102318,EUR
IMP-08169,Robert,Martinez,imp.08169@acme-corp.com,Finance,Analyst,L4,US,2021-06-24,71613,USD
IMP-08170,Mei,Choi,imp.08170@acme-corp.com,Sales,Analyst,L5,TW,2019-08-15,3146636,TWD
IMP-08171,Maria,Moreau,imp.08171@acme-corp.com,Design,Designer,L2,US,2021-08-18,169865,USD
IMP-08172,Nancy,Bernard,imp.08172@acme-corp.com,Operations,Manager,L2,NO,2019-10-07,821354,NOK
IMP-08173,Barbara,Huang,imp.08173@acme-corp.com,Engineering,Engineer,L6,SG,2018-07-25,126148,SGD
IMP-08174,Jessica,Gupta,imp.08174@acme-corp.com,Finance,Analyst,L6,US,2017-03-11,63590,USD
IMP-08175,Omar,Lee,imp.08175@acme-corp.com,HR,Manager,L2,NO,2021-05-30,912315,NOK
IMP-08176,Yusuf,Simon,imp.08176@acme-corp.com,HR,Manager,L3,HK,2023-01-26,311285,HKD
IMP-08177,Ananya,Richter,imp.08177@acme-corp.com,Finance,Analyst,L3,SG,2019-06-26,105457,SGD
IMP-08178,Barbara,Garcia,imp.08178@acme-corp.com,Engineering,Engineer,L5,US,2019-05-28,162206,USD
IMP-08179,Mei,Hernandez,imp.08179@acme-corp.com,Engineering,Engineer,L4,KR,2018-04-01,123167399,KRW
IMP-08180,Sarah,Jung,imp.08180@acme-corp.com,Operations,Manager,L2,JP,2016-03-30,8995830,JPY
IMP-08181,Rahul,David,imp.08181@acme-corp.com,HR,Manager,L3,CH,2021-04-05,115193,CHF
IMP-08182,Arjun,David,imp.08182@acme-corp.com,Sales,Analyst,L6,GB,2019-07-15,147857,GBP
IMP-08183,Liu,David,imp.08183@acme-corp.com,Operations,Manager,L3,CH,2016-11-25,115235,CHF
IMP-08184,Michael,Yoon,imp.08184@acme-corp.com,Engineering,Engineer,L3,DE,2015-04-24,68872,EUR
IMP-08185,Jessica,Singh,imp.08185@acme-corp.com,Operations,Manager,L2,JP,2022-02-23,14745361,JPY
IMP-08186,Mei,Kumar,imp.08186@acme-corp.com,Sales,Analyst,L3,NO,2017-04-28,1023845,NOK
IMP-08187,Richard,Müller,imp.08187@acme-corp.com,Finance,Analyst,L3,DE,2024-06-08,105005,EUR
IMP-08188,Jae-won,Miller,imp.08188@acme-corp.com,Operations,Manager,L1,IE,2024-06-29,54528,EUR
IMP-08189,Yuna,Park,imp.08189@acme-corp.com,Sales,Analyst,L1,CA,2015-09-16,162883,CAD
IMP-08190,Ibrahim,Fischer,imp.08190@acme-corp.com,Sales,Analyst,L2,GB,2016-05-27,131322,GBP
IMP-08191,Jessica,Brown,imp.08191@acme-corp.com,Engineering,Engineer,L1,ES,2017-08-19,126925,EUR
IMP-08192,Sung-min,Roux,imp.08192@acme-corp.com,HR,Manager,L3,KR,2021-03-29,68145960,KRW
IMP-08193,Omar,Song,imp.08193@acme-corp.com,Engineering,Engineer,L2,IN,2019-12-12,3256090,INR
IMP-08194,Kenji,Klein,imp.08194@acme-corp.com,Sales,Analyst,L1,US,2021-07-27,182969,USD
IMP-08195,Ananya,Kumar,imp.08195@acme-corp.com,Engineering,Engineer,L1,US,2024-07-28,146461,USD
IMP-08196,Zara,Wang,imp.08196@acme-corp.com,Operations,Manager,L3,KR,2016-12-16,95009199,KRW
IMP-08197,Carlos,Johnson,imp.08197@acme-corp.com,Engineering,Engineer,L5,IN,2016-01-21,2302619,INR
IMP-08198,Ana,Pillai,imp.08198@acme-corp.com,Finance,Analyst,L5,GB,2018-01-07,111064,GBP
IMP-08199,Mei,White,imp.08199@acme-corp.com,Engineering,Engineer,L4,IE,2024-10-26,88335,EUR
IMP-08200,Ibrahim,Park,imp.08200@acme-corp.com,Engineering,Engineer,L5,SE,2024-01-30,855797,SEK
IMP-08201,Sarah,Taylor,imp.08201@acme-corp.com,Design,Designer,L2,IN,2024-11-01,1304421,INR
IMP-08202,Yuna,Lee,imp.08202@acme-corp.com,Engineering,Engineer,L3,NO,2021-07-06,584118,NOK
IMP-08203,Sarah,Garcia,imp.08203@acme-corp.com,Operations,Manager,L4,ZA,2023-12-26,602044,ZAR
IMP-08204,Carmen,Johnson,imp.08204@acme-corp.com,Engineering,Engineer,L5,US,2022-02-26,60373,USD
IMP-08205,Min,Singh,imp.08205@acme-corp.com,Sales,Analyst,L5,CA,2018-06-30,111708,CAD
IMP-08206,Francisco,Martinez,imp.08206@acme-corp.com,Finance,Analyst,L5,CH,2020-04-23,99044,CHF
IMP-08207,Min,Garcia,imp.08207@acme-corp.com,HR,Manager,L1,NL,2019-12-28,54838,EUR
IMP-08208,Isabel,Garcia,imp.08208@acme-corp.com,Engineering,Engineer,L2,FR,2023-11-15,100412,EUR
IMP-08209,Jennifer,Pillai,imp.08209@acme-corp.com,Finance,Analyst,L2,DE,2015-05-19,141848,EUR
IMP-08210,Carmen,Huang,imp.08210@acme-corp.com,Sales,Analyst,L4,MX,2019-12-28,464583,MXN
IMP-08211,Carlos,Martin,imp.08211@acme-corp.com,Engineering,Engineer,L6,CH,2024-06-16,125634,CHF
IMP-08212,William,Becker,imp.08212@acme-corp.com,HR,Manager,L5,ES,2022-07-04,147864,EUR
IMP-08213,Ibrahim,Wang,imp.08213@acme-corp.com,Engineering,Engineer,L1,FR,2019-12-31,140783,EUR
IMP-08214,Rosa,Martinez,imp.08214@acme-corp.com,Engineering,Engineer,L6,NO,2016-07-01,750830,NOK
IMP-08215,Zhang,Martin,imp.08215@acme-corp.com,Engineering,Engineer,L2,JP,2024-04-10,12340843,JPY
IMP-08216,Richard,Jones,imp.08216@acme-corp.com,Engineering,Engineer,L1,GB,2020-01-24,106140,GBP
IMP-08217,Barbara,Li,imp.08217@acme-corp.com,Sales,Analyst,L4,ES,2023-04-24,110136,EUR
IMP-08218,Kenji,Fischer,imp.08218@acme-corp.com,Finance,Analyst,L4,DE,2015-04-06,96378,EUR
IMP-08219,Rahul,Yang,imp.08219@acme-corp.com,Engineering,Engineer,L4,NO,2018-01-28,804748,NOK
IMP-08220,Pedro,David,imp.08220@acme-corp.com,Finance,Analyst,L4,GB,2015-03-13,88327,GBP
IMP-08221,Mary,Kang,imp.08221@acme-corp.com,Finance,Analyst,L4,ES,2019-03-06,110797,EUR
IMP-08222,Chen,Joshi,imp.08222@acme-corp.com,Sales,Analyst,L5,JP,2023-08-09,13309638,JPY
IMP-08223,Robert,David,imp.08223@acme-corp.com,Engineering,Engineer,L2,CH,2020-05-31,142947,CHF
IMP-08224,Akiko,Huang,imp.08224@acme-corp.com,Sales,Analyst,L1,ES,2021-10-22,112552,EUR
IMP-08225,Omar,Anderson,imp.08225@acme-corp.com,Engineering,Engineer,L6,CA,2024-12-26,170573,CAD
IMP-08226,Michael,Taylor,imp.08226@acme-corp.com,Engineering,Engineer,L2,SG,2023-03-08,109438,SGD
IMP-08227,Mei,Jones,imp.08227@acme-corp.com,Sales,Analyst,L5,KR,2024-08-05,84767831,KRW
IMP-08228,Chen,Martin,imp.08228@acme-corp.com,Operations,Manager,L2,PL,2017-09-12,215495,PLN
IMP-08229,Barbara,Garcia,imp.08229@acme-corp.com,Engineering,Engineer,L2,ZA,2020-11-13,1025239,ZAR
IMP-08230,Kenji,Moreau,imp.08230@acme-corp.com,Finance,Analyst,L4,US,2015-03-31,172782,USD
IMP-08231,Layla,Hernandez,imp.08231@acme-corp.com,HR,Manager,L2,NO,2022-02-15,965154,NOK
IMP-08232,Akiko,Zhang,imp.08232@acme-corp.com,Sales,Analyst,L3,IN,2023-11-02,1378855,INR
IMP-08233,Hiroshi,Chen,imp.08233@acme-corp.com,Finance,Analyst,L6,US,2023-08-05,82721,USD
IMP-08234,Kenji,White,imp.08234@acme-corp.com,HR,Manager,L2,DE,2022-02-18,76418,EUR
IMP-08235,Karen,Lim,imp.08235@acme-corp.com,HR,Manager,L5,ZA,2020-12-07,812554,ZAR
IMP-08236,William,Yoon,imp.08236@acme-corp.com,Sales,Analyst,L2,AU,2024-08-28,147453,AUD
IMP-08237,Zara,Nair,imp.08237@acme-corp.com,Sales,Analyst,L6,AE,2017-11-24,137098,AED
IMP-08238,Ahmed,Moore,imp.08238@acme-corp.com,Design,Designer,L6,HK,2017-11-04,342658,HKD
IMP-08239,Carlos,Simon,imp.08239@acme-corp.com,Operations,Manager,L1,AU,2019-12-01,150358,AUD
IMP-08240,Carlos,Müller,imp.08240@acme-corp.com,Engineering,Engineer,L2,GB,2022-06-18,149859,GBP
IMP-08241,Takeshi,Klein,imp.08241@acme-corp.com,HR,Manager,L3,IE,2020-07-01,117561,EUR
IMP-08242,Pedro,Fischer,imp.08242@acme-corp.com,HR,Manager,L6,US,2021-07-12,183008,USD
IMP-08243,Mary,Martinez,imp.08243@acme-corp.com,Operations,Manager,L1,GB,2023-05-17,154810,GBP
IMP-08244,Joseph,Anderson,imp.08244@acme-corp.com,HR,Manager,L3,CA,2024-09-16,146348,CAD
IMP-08245,Aisha,Song,imp.08245@acme-corp.com,Design,Designer,L3,US,2016-09-20,154558,USD
IMP-08246,Robert,Singh,imp.08246@acme-corp.com,Engineering,Engineer,L3,CH,2024-04-19,132576,CHF
IMP-08247,Robert,Schulz,imp.08247@acme-corp.com,Finance,Analyst,L2,US,2016-03-05,178342,USD
IMP-08248,Maria,Wilson,imp.08248@acme-corp.com,Engineering,Engineer,L2,ES,2024-10-11,71529,EUR
IMP-08249,Maria,Bernard,imp.08249@acme-corp.com,Finance,Analyst,L5,FR,2017-09-21,57893,EUR
IMP-08250,Ji-young,Klein,imp.08250@acme-corp.com,Sales,Analyst,L3,IN,2019-01-14,4269696,INR
IMP-08251,Jose,Schmidt,imp.08251@acme-corp.com,Finance,Analyst,L1,IN,2016-03-23,815305,INR
IMP-08252,Elizabeth,Hoffmann,imp.08252@acme-corp.com,Operations,Manager,L5,CA,2020-06-11,153669,CAD
IMP-08253,Rahul,Nair,imp.08253@acme-corp.com,Sales,Analyst,L5,JP,2023-11-08,6584078,JPY
IMP-08254,Luis,Martin,imp.08254@acme-corp.com,Finance,Analyst,L2,NL,2018-03-30,93395,EUR
IMP-08255,Susan,Martinez,imp.08255@acme-corp.com,Operations,Manager,L5,PL,2024-04-03,89674,PLN
IMP-08256,Francisco,Hoffmann,imp.08256@acme-corp.com,Operations,Manager,L1,AE,2024-12-20,262480,AED
IMP-08257,Kenji,Michel,imp.08257@acme-corp.com,Engineering,Engineer,L2,ES,2023-04-29,124515,EUR
IMP-08258,Chen,Moore,imp.08258@acme-corp.com,HR,Manager,L1,DE,2022-07-23,97335,EUR
IMP-08259,Linda,Taylor,imp.08259@acme-corp.com,Operations,Manager,L2,GB,2016-10-21,129358,GBP
IMP-08260,Elizabeth,Davis,imp.08260@acme-corp.com,Operations,Manager,L4,GB,2023-12-28,51064,GBP
IMP-08261,Mei,Roux,imp.08261@acme-corp.com,Engineering,Engineer,L5,AE,2016-03-28,262331,AED
IMP-08262,Pedro,Dupont,imp.08262@acme-corp.com,Sales,Analyst,L1,SG,2019-02-23,170520,SGD
IMP-08263,Sung-min,Sharma,imp.08263@acme-corp.com,Engineering,Engineer,L4,US,2018-12-05,161236,USD
IMP-08264,Omar,Martin,imp.08264@acme-corp.com,Engineering,Engineer,L1,GB,2018-03-18,123447,GBP
IMP-08265,Chen,Han,imp.08265@acme-corp.com,Finance,Analyst,L5,IN,2020-09-01,1244717,INR
IMP-08266,Luis,Weber,imp.08266@acme-corp.com,Engineering,Engineer,L3,HK,2024-08-19,900882,HKD
IMP-08267,Patricia,Miller,imp.08267@acme-corp.com,Operations,Manager,L5,US,2023-07-01,76133,USD
IMP-08268,Omar,Hernandez,imp.08268@acme-corp.com,Engineering,Engineer,L2,CA,2023-01-21,111760,CAD
IMP-08269,Linda,Davis,imp.08269@acme-corp.com,Finance,Analyst,L6,SG,2023-07-02,78342,SGD
IMP-08270,Linda,Sharma,imp.08270@acme-corp.com,Engineering,Engineer,L6,SE,2020-09-25,806293,SEK
IMP-08271,Carlos,Jackson,imp.08271@acme-corp.com,Sales,Analyst,L4,GB,2021-05-26,121679,GBP
IMP-08272,Robert,Michel,imp.08272@acme-corp.com,HR,Manager,L6,NL,2019-04-17,68451,EUR
IMP-08273,Hassan,Xu,imp.08273@acme-corp.com,HR,Manager,L2,US,2018-09-17,190214,USD
IMP-08274,Karen,Moore,imp.08274@acme-corp.com,Engineering,Engineer,L3,DK,2016-10-11,999957,DKK
IMP-08275,Jennifer,Chen,imp.08275@acme-corp.com,Finance,Analyst,L4,GB,2023-04-12,96029,GBP
IMP-08276,Luis,Klein,imp.08276@acme-corp.com,Engineering,Engineer,L6,DE,2022-04-28,97647,EUR
IMP-08277,Wei,Johnson,imp.08277@acme-corp.com,Operations,Manager,L6,NO,2018-04-28,842244,NOK
IMP-08278,Robert,Wang,imp.08278@acme-corp.com,Engineering,Engineer,L3,DK,2015-06-14,423169,DKK
IMP-08279,Joseph,Lee,imp.08279@acme-corp.com,HR,Manager,L6,US,2021-05-05,126688,USD
IMP-08280,Thomas,Michel,imp.08280@acme-corp.com,Engineering,Engineer,L2,CH,2020-03-19,97526,CHF
IMP-08281,Sakura,Kang,imp.08281@acme-corp.com,Engineering,Engineer,L2,GB,2023-05-22,87513,GBP
IMP-08282,Fatima,Xu,imp.08282@acme-corp.com,Engineering,Engineer,L3,SE,2015-05-01,899739,SEK
IMP-08283,Yusuf,Wu,imp.08283@acme-corp.com,HR,Manager,L6,ES,2023-12-14,67380,EUR
IMP-08284,Zhang,Martin,imp.08284@acme-corp.com,Engineering,Engineer,L1,DK,2022-02-27,631565,DKK
IMP-08285,Omar,Moreau,imp.08285@acme-corp.com,Operations,Manager,L3,CA,2020-05-10,159258,CAD
IMP-08286,Thomas,Kim,imp.08286@acme-corp.com,Operations,Manager,L3,SG,2016-12-09,76062,SGD
IMP-08287,Elizabeth,Moore,imp.08287@acme-corp.com,Engineering,Engineer,L6,SG,2015-05-18,170496,SGD
IMP-08288,Thomas,David,imp.08288@acme-corp.com,HR,Manager,L6,CH,2022-07-02,180886,CHF
IMP-08289,Yuna,Richter,imp.08289@acme-corp.com,Sales,Analyst,L1,US,2020-05-04,144787,USD
IMP-08290,Mei,Williams,imp.08290@acme-corp.com,Sales,Analyst,L5,KR,2020-03-05,83044380,KRW
IMP-08291,Ji-young,Lee,imp.08291@acme-corp.com,Engineering,Engineer,L4,ZA,2021-05-07,302231,ZAR
IMP-08292,Aisha,Anderson,imp.08292@acme-corp.com,Engineering,Engineer,L3,MX,2016-05-26,1027256,MXN
IMP-08293,Ahmed,Choi,imp.08293@acme-corp.com,Finance,Analyst,L3,DE,2023-03-20,146102,EUR
IMP-08294,Barbara,Moore,imp.08294@acme-corp.com,Engineering,Engineer,L5,HK,2017-10-28,822711,HKD
IMP-08295,Michael,Li,imp.08295@acme-corp.com,Finance,Analyst,L3,SE,2017-11-22,565843,SEK
IMP-08296,Jennifer,Jung,imp.08296@acme-corp.com,Operations,Manager,L3,DE,2022-04-06,139505,EUR
IMP-08297,Barbara,Lee,imp.08297@acme-corp.com,Engineering,Engineer,L3,FR,2017-12-16,121929,EUR
IMP-08298,Nancy,Han,imp.08298@acme-corp.com,Sales,Analyst,L1,CA,2020-12-31,133847,CAD
IMP-08299,Jose,Bernard,imp.08299@acme-corp.com,Sales,Analyst,L6,US,2023-04-18,102386,USD
IMP-08300,Fatima,Roux,imp.08300@acme-corp.com,Operations,Manager,L5,NL,2021-04-02,135361,EUR
IMP-08301,Rahul,Reddy,imp.08301@acme-corp.com,Finance,Analyst,L4,AE,2018-07-15,254943,AED
IMP-08302,Nancy,White,imp.08302@acme-corp.com,Operations,Manager,L4,GB,2017-04-22,64498,GBP
IMP-08303,Jessica,Anderson,imp.08303@acme-corp.com,Sales,Analyst,L5,AU,2019-03-19,168538,AUD
IMP-08304,Min,Joshi,imp.08304@acme-corp.com,Engineering,Engineer,L2,US,2021-02-03,190145,USD
IMP-08305,Takeshi,Jones,imp.08305@acme-corp.com,HR,Manager,L1,DE,2019-07-23,93278,EUR
IMP-08306,Zara,Taylor,imp.08306@acme-corp.com,Sales,Analyst,L3,DE,2016-01-13,107778,EUR
IMP-08307,Takeshi,Jung,imp.08307@acme-corp.com,Sales,Analyst,L1,CH,2017-08-06,134971,CHF
IMP-08308,Fatima,Kumar,imp.08308@acme-corp.com,Operations,Manager,L5,GB,2024-06-06,76891,GBP
IMP-08309,Zara,Johnson,imp.08309@acme-corp.com,Operations,Manager,L4,HK,2023-01-24,1152363,HKD
IMP-08310,Jessica,Jackson,imp.08310@acme-corp.com,Engineering,Engineer,L5,KR,2018-03-23,75473465,KRW
IMP-08311,Rahul,Gupta,imp.08311@acme-corp.com,Operations,Manager,L5,US,2022-09-01,132635,USD
IMP-08312,Jennifer,Richter,imp.08312@acme-corp.com,Design,Designer,L5,IN,2019-05-19,3160081,INR
IMP-08313,Sakura,Thomas,imp.08313@acme-corp.com,Finance,Analyst,L5,TW,2015-03-01,3450943,TWD
IMP-08314,James,Garcia,imp.08314@acme-corp.com,Finance,Analyst,L1,NO,2015-10-20,1047595,NOK
IMP-08315,Layla,Li,imp.08315@acme-corp.com,Sales,Analyst,L2,MX,2016-01-04,662695,MXN
IMP-08316,Zhang,Simon,imp.08316@acme-corp.com,HR,Manager,L1,GB,2023-08-16,150877,GBP
IMP-08317,Maria,Zhou,imp.08317@acme-corp.com,Engineering,Engineer,L4,ZA,2016-10-02,894452,ZAR
IMP-08318,James,Choi,imp.08318@acme-corp.com,Finance,Analyst,L2,NL,2016-03-30,68666,EUR
IMP-08319,Takeshi,Richter,imp.08319@acme-corp.com,Finance,Analyst,L6,NL,2021-09-04,70374,EUR
IMP-08320,Patricia,Park,imp.08320@acme-corp.com,Finance,Analyst,L2,IN,2017-10-20,2716305,INR
IMP-08321,Wei,Schulz,imp.08321@acme-corp.com,Sales,Analyst,L6,CH,2017-07-28,102325,CHF
IMP-08322,Yusuf,Li,imp.08322@acme-corp.com,Engineering,Engineer,L2,US,2019-05-21,105259,USD
IMP-08323,Liu,Zhou,imp.08323@acme-corp.com,Sales,Analyst,L6,AU,2015-10-08,98571,AUD
IMP-08324,Yuna,Jackson,imp.08324@acme-corp.com,Engineering,Engineer,L2,ES,2023-07-07,56647,EUR
IMP-08325,Francisco,Wu,imp.08325@acme-corp.com,Design,Designer,L6,US,2016-01-15,64683,USD
IMP-08326,Ahmed,Jones,imp.08326@acme-corp.com,Engineering,Engineer,L1,GB,2019-08-13,98583,GBP
IMP-08327,Min,Jones,imp.08327@acme-corp.com,Engineering,Engineer,L1,KR,2019-12-02,105216674,KRW
IMP-08328,Rahul,Klein,imp.08328@acme-corp.com,Sales,Analyst,L4,MX,2019-05-16,813074,MXN
IMP-08329,Pedro,Martin,imp.08329@acme-corp.com,Engineering,Engineer,L5,PL,2016-09-10,94448,PLN
IMP-08330,Liu,Dupont,imp.08330@acme-corp.com,Operations,Manager,L6,TW,2021-11-11,1126962,TWD
IMP-08331,Nancy,Schulz,imp.08331@acme-corp.com,HR,Manager,L5,NO,2022-10-11,1147492,NOK
IMP-08332,Chen,Klein,imp.08332@acme-corp.com,Finance,Analyst,L6,ZA,2019-08-19,871269,ZAR
IMP-08333,Min,Simon,imp.08333@acme-corp.com,Engineering,Engineer,L3,ZA,2015-08-27,455276,ZAR
IMP-08334,Charles,Jones,imp.08334@acme-corp.com,Finance,Analyst,L6,IE,2019-11-15,88104,EUR
IMP-08335,Maria,Müller,imp.08335@acme-corp.com,Engineering,Engineer,L5,ZA,2024-10-08,1285872,ZAR
IMP-08336,Priya,Richter,imp.08336@acme-corp.com,Engineering,Engineer,L5,SG,2019-09-25,177213,SGD
IMP-08337,James,Jung,imp.08337@acme-corp.com,Engineering,Engineer,L2,US,2020-05-30,100574,USD
IMP-08338,Robert,Bernard,imp.08338@acme-corp.com,Engineering,Engineer,L3,US,2019-11-03,150832,USD
IMP-08339,Akiko,Li,imp.08339@acme-corp.com,Sales,Analyst,L6,GB,2017-11-30,93708,GBP
IMP-08340,Carmen,Müller,imp.08340@acme-corp.com,Operations,Manager,L3,US,2015-05-27,64069,USD
IMP-08341,Nancy,Fischer,imp.08341@acme-corp.com,Finance,Analyst,L6,IE,2023-01-14,88294,EUR
IMP-08342,Carmen,Michel,imp.08342@acme-corp.com,Operations,Manager,L3,CH,2022-02-01,191294,CHF
IMP-08343,Sakura,Jones,imp.08343@acme-corp.com,Engineering,Engineer,L5,NL,2020-06-05,67116,EUR
IMP-08344,Mei,Schulz,imp.08344@acme-corp.com,Operations,Manager,L6,TW,2017-07-25,3372846,TWD
IMP-08345,Jae-won,Gupta,imp.08345@acme-corp.com,Operations,Manager,L3,GB,2016-04-10,128180,GBP
IMP-08346,Mei,Garcia,imp.08346@acme-corp.com,Finance,Analyst,L3,NO,2020-12-09,615457,NOK
IMP-08347,Zara,Schulz,imp.08347@acme-corp.com,Finance,Analyst,L5,CH,2015-02-28,191346,CHF
IMP-08348,Francisco,Song,imp.08348@acme-corp.com,Engineering,Engineer,L4,NO,2016-10-22,626608,NOK
IMP-08349,Chen,Joshi,imp.08349@acme-corp.com,Sales,Analyst,L4,GB,2017-03-19,54925,GBP
IMP-08350,Nancy,Braun,imp.08350@acme-corp.com,HR,Manager,L2,FR,2021-09-29,55292,EUR
IMP-08351,Robert,Michel,imp.08351@acme-corp.com,Operations,Manager,L6,NO,2016-11-12,460398,NOK
IMP-08352,Akiko,Smith,imp.08352@acme-corp.com,Design,Designer,L6,KR,2023-10-25,52616580,KRW
IMP-08353,Zhang,Yoon,imp.08353@acme-corp.com,Finance,Analyst,L5,IN,2015-10-10,4295688,INR
IMP-08354,Elizabeth,Roux,imp.08354@acme-corp.com,Sales,Analyst,L6,ZA,2015-11-11,1013456,ZAR
IMP-08355,Zara,Hernandez,imp.08355@acme-corp.com,Operations,Manager,L4,HK,2022-10-13,1152000,HKD
IMP-08356,Fatima,Braun,imp.08356@acme-corp.com,Sales,Analyst,L3,GB,2023-04-02,109102,GBP
IMP-08357,William,Hernandez,imp.08357@acme-corp.com,Finance,Analyst,L1,GB,2016-09-13,125533,GBP
IMP-08358,Hassan,Choi,imp.08358@acme-corp.com,Engineering,Engineer,L4,KR,2019-09-23,102521248,KRW
IMP-08359,Linda,Wang,imp.08359@acme-corp.com,HR,Manager,L4,CH,2017-12-28,144065,CHF
IMP-08360,Rahul,Song,imp.08360@acme-corp.com,Operations,Manager,L4,DK,2023-06-18,711449,DKK
IMP-08361,Zhang,Moreau,imp.08361@acme-corp.com,HR,Manager,L5,AU,2017-10-18,106044,AUD
IMP-08362,Thomas,Smith,imp.08362@acme-corp.com,Operations,Manager,L2,MX,2017-06-05,459837,MXN
IMP-08363,Zhang,Kumar,imp.08363@acme-corp.com,Finance,Analyst,L5,SE,2019-06-08,882521,SEK
IMP-08364,Arjun,Singh,imp.08364@acme-corp.com,Engineering,Engineer,L6,JP,2021-08-26,16114200,JPY
IMP-08365,Ana,Lee,imp.08365@acme-corp.com,Sales,Analyst,L3,AE,2023-09-24,402615,AED
IMP-08366,Zara,Park,imp.08366@acme-corp.com,Engineering,Engineer,L1,SE,2017-02-03,485533,SEK
IMP-08367,Chen,Smith,imp.08367@acme-corp.com,Sales,Analyst,L3,SE,2019-09-24,955757,SEK
IMP-08368,Elizabeth,Wang,imp.08368@acme-corp.com,HR,Manager,L2,TW,2016-03-18,1113349,TWD
IMP-08369,Sung-min,Lee,imp.08369@acme-corp.com,Finance,Analyst,L2,GB,2019-06-26,140997,GBP
IMP-08370,Karen,Han,imp.08370@acme-corp.com,Finance,Analyst,L1,DK,2022-11-07,822440,DKK
IMP-08371,Fatima,Klein,imp.08371@acme-corp.com,Finance,Analyst,L1,NL,2015-06-17,94075,EUR
IMP-08372,Nancy,Chen,imp.08372@acme-corp.com,Operations,Manager,L3,IN,2015-07-11,1314422,INR
IMP-08373,Mei,White,imp.08373@acme-corp.com,Sales,Analyst,L6,NO,2015-08-06,1045189,NOK
IMP-08374,Liu,Yang,imp.08374@acme-corp.com,HR,Manager,L2,MX,2020-08-31,1149889,MXN
IMP-08375,Arjun,Schmidt,imp.08375@acme-corp.com,Finance,Analyst,L2,AU,2024-04-07,106174,AUD
IMP-08376,Robert,Martin,imp.08376@acme-corp.com,Engineering,Engineer,L6,SG,2024-02-19,148785,SGD
IMP-08377,Aisha,Jackson,imp.08377@acme-corp.com,Engineering,Engineer,L3,IN,2016-09-20,3556444,INR
IMP-08378,Ana,Huang,imp.08378@acme-corp.com,Engineering,Engineer,L4,IN,2020-03-27,3303869,INR
IMP-08379,Takeshi,Michel,imp.08379@acme-corp.com,Design,Designer,L6,TW,2023-04-04,3058207,TWD
IMP-08380,Zhang,Huang,imp.08380@acme-corp.com,Sales,Analyst,L6,AU,2016-02-10,182498,AUD
IMP-08381,Joseph,Hernandez,imp.08381@acme-corp.com,Sales,Analyst,L1,US,2022-01-14,128103,USD
IMP-08382,Rosa,Smith,imp.08382@acme-corp.com,Engineering,Engineer,L6,MX,2016-04-18,449649,MXN
IMP-08383,Sakura,Weber,imp.08383@acme-corp.com,Sales,Analyst,L3,TW,2019-03-30,1158160,TWD
IMP-08384,Ji-young,Klein,imp.08384@acme-corp.com,Engineering,Engineer,L3,TW,2018-04-07,979472,TWD
IMP-08385,Rosa,Zhou,imp.08385@acme-corp.com,Finance,Analyst,L5,GB,2021-03-26,88839,GBP
IMP-08386,Mei,Sharma,imp.08386@acme-corp.com,Operations,Manager,L3,SG,2020-02-14,141773,SGD
IMP-08387,Ananya,Moore,imp.08387@acme-corp.com,HR,Manager,L2,CH,2022-04-26,138556,CHF
IMP-08388,Maria,Johnson,imp.08388@acme-corp.com,Design,Designer,L6,US,2020-10-22,141820,USD
IMP-08389,Liu,Becker,imp.08389@acme-corp.com,Finance,Analyst,L1,NL,2017-01-05,148298,EUR
IMP-08390,Michael,Simon,imp.08390@acme-corp.com,Sales,Analyst,L1,DE,2020-08-29,148228,EUR
IMP-08391,Priya,Moore,imp.08391@acme-corp.com,Finance,Analyst,L4,KR,2017-03-25,102045744,KRW
IMP-08392,Kenji,Liu,imp.08392@acme-corp.com,Engineering,Engineer,L3,ZA,2022-05-22,1179580,ZAR
IMP-08393,Ahmed,Li,imp.08393@acme-corp.com,Sales,Analyst,L6,CA,2017-07-17,156095,CAD
IMP-08394,Carmen,Yoon,imp.08394@acme-corp.com,HR,Manager,L4,NO,2017-11-01,901558,NOK
IMP-08395,Hassan,Lee,imp.08395@acme-corp.com,Engineering,Engineer,L5,CA,2018-05-05,93734,CAD
IMP-08396,Isabel,Martin,imp.08396@acme-corp.com,Sales,Analyst,L3,DK,2016-10-27,990421,DKK
IMP-08397,Patricia,Zhang,imp.08397@acme-corp.com,Sales,Analyst,L6,DK,2023-03-29,1057304,DKK
IMP-08398,Jessica,Lee,imp.08398@acme-corp.com,Finance,Analyst,L5,NO,2017-10-29,687863,NOK
IMP-08399,Joseph,Mehta,imp.08399@acme-corp.com,Finance,Analyst,L6,AE,2024-07-10,467923,AED
IMP-08400,Isabel,Braun,imp.08400@acme-corp.com,Engineering,Engineer,L1,ES,2024-06-20,101078,EUR
IMP-08401,Ananya,Zhou,imp.08401@acme-corp.com,HR,Manager,L2,SG,2023-05-18,167778,SGD
IMP-08402,Liu,David,imp.08402@acme-corp.com,Operations,Manager,L5,DE,2019-01-25,102912,EUR
IMP-08403,Layla,Davis,imp.08403@acme-corp.com,Engineering,Engineer,L6,US,2015-08-25,128109,USD
IMP-08404,Ananya,Hernandez,imp.08404@acme-corp.com,Engineering,Engineer,L4,AE,2020-05-11,171524,AED
IMP-08405,Wei,Thompson,imp.08405@acme-corp.com,Engineering,Engineer,L5,ZA,2023-07-18,1059974,ZAR
IMP-08406,Carmen,Roux,imp.08406@acme-corp.com,Operations,Manager,L6,JP,2018-04-16,10627465,JPY
IMP-08407,Charles,Song,imp.08407@acme-corp.com,Sales,Analyst,L6,SG,2017-10-20,196797,SGD
IMP-08408,Wei,Li,imp.08408@acme-corp.com,Operations,Manager,L2,ZA,2015-11-08,828854,ZAR
IMP-08409,Priya,David,imp.08409@acme-corp.com,Sales,Analyst,L3,GB,2016-10-29,54884,GBP
IMP-08410,Francisco,Zhou,imp.08410@acme-corp.com,Engineering,Engineer,L6,ZA,2022-04-25,893803,ZAR
IMP-08411,Wei,Lee,imp.08411@acme-corp.com,Engineering,Engineer,L3,GB,2021-06-30,56352,GBP
IMP-08412,Pedro,Reddy,imp.08412@acme-corp.com,Engineering,Engineer,L3,SE,2016-10-19,880500,SEK
IMP-08413,James,Miller,imp.08413@acme-corp.com,Operations,Manager,L2,IN,2017-04-04,2761841,INR
IMP-08414,Yuna,Martin,imp.08414@acme-corp.com,Sales,Analyst,L5,IN,2016-06-13,2450842,INR
IMP-08415,Karen,Sharma,imp.08415@acme-corp.com,Engineering,Engineer,L3,DE,2018-06-03,98537,EUR
IMP-08416,Elizabeth,Davis,imp.08416@acme-corp.com,Engineering,Engineer,L1,DE,2024-09-01,104889,EUR
IMP-08417,Elizabeth,Xu,imp.08417@acme-corp.com,Engineering,Engineer,L2,PL,2017-07-20,83604,PLN
IMP-08418,Susan,Pillai,imp.08418@acme-corp.com,Engineering,Engineer,L1,US,2015-05-29,140184,USD
IMP-08419,Linda,Yang,imp.08419@acme-corp.com,Operations,Manager,L1,NL,2024-08-04,148735,EUR
IMP-08420,Patricia,Thomas,imp.08420@acme-corp.com,Engineering,Engineer,L2,IN,2019-09-08,3541368,INR
IMP-08421,Rosa,Johnson,imp.08421@acme-corp.com,Design,Designer,L3,KR,2022-09-22,72189511,KRW
IMP-08422,Robert,Nair,imp.08422@acme-corp.com,Engineering,Engineer,L5,IN,2018-06-26,1531505,INR
IMP-08423,Jessica,Reddy,imp.08423@acme-corp.com,Operations,Manager,L1,JP,2021-06-13,17193312,JPY
IMP-08424,Hassan,Anderson,imp.08424@acme-corp.com,Engineering,Engineer,L4,ES,2020-09-03,128021,EUR
IMP-08425,Yuna,Singh,imp.08425@acme-corp.com,Design,Designer,L4,US,2022-01-15,169320,USD
IMP-08426,Jose,Bernard,imp.08426@acme-corp.com,Finance,Analyst,L3,GB,2022-08-26,103358,GBP
IMP-08427,Ibrahim,Yang,imp.08427@acme-corp.com,Engineering,Engineer,L2,CH,2021-12-20,132570,CHF
IMP-08428,Takeshi,White,imp.08428@acme-corp.com,Design,Designer,L5,AE,2021-07-02,260620,AED
IMP-08429,Thomas,Nair,imp.08429@acme-corp.com,Operations,Manager,L1,GB,2022-03-05,53297,GBP
IMP-08430,Francisco,Taylor,imp.08430@acme-corp.com,Finance,Analyst,L5,SE,2019-05-27,1146986,SEK
IMP-08431,Layla,Simon,imp.08431@acme-corp.com,Finance,Analyst,L1,GB,2019-02-01,73439,GBP
IMP-08432,Pedro,Lee,imp.08432@acme-corp.com,Engineering,Engineer,L3,CA,2016-02-22,83046,CAD
IMP-08433,Thomas,Dupont,imp.08433@acme-corp.com,Operations,Manager,L4,US,2015-12-12,90749,USD
IMP-08434,Zara,Thompson,imp.08434@acme-corp.com,Operations,Manager,L6,DE,2016-11-04,141138,EUR
IMP-08435,Sung-min,Johnson,imp.08435@acme-corp.com,Sales,Analyst,L6,NO,2020-03-18,1317658,NOK
IMP-08436,David,Williams,imp.08436@acme-corp.com,Operations,Manager,L6,IN,2016-10-14,1259294,INR
IMP-08437,Isabel,Pillai,imp.08437@acme-corp.com,Finance,Analyst,L5,GB,2016-12-10,105111,GBP
IMP-08438,Priya,Wu,imp.08438@acme-corp.com,Operations,Manager,L2,DE,2023-03-27,85263,EUR
IMP-08439,Yuna,Kang,imp.08439@acme-corp.com,Engineering,Engineer,L2,DK,2024-05-30,567859,DKK
IMP-08440,Richard,Yoon,imp.08440@acme-corp.com,Finance,Analyst,L2,GB,2017-03-12,61725,GBP
IMP-08441,Luis,Klein,imp.08441@acme-corp.com,Engineering,Engineer,L4,AU,2023-10-01,135213,AUD
IMP-08442,Jennifer,Han,imp.08442@acme-corp.com,Engineering,Engineer,L6,GB,2024-05-13,139315,GBP
IMP-08443,Susan,Gupta,imp.08443@acme-corp.com,Operations,Manager,L1,MX,2023-12-12,426457,MXN
IMP-08444,Jessica,Wilson,imp.08444@acme-corp.com,HR,Manager,L3,AE,2018-08-05,224188,AED
IMP-08445,Richard,Mehta,imp.08445@acme-corp.com,Sales,Analyst,L4,DE,2024-10-16,58674,EUR
IMP-08446,Mary,Li,imp.08446@acme-corp.com,Engineering,Engineer,L4,US,2023-12-17,208508,USD
IMP-08447,Patricia,Han,imp.08447@acme-corp.com,Finance,Analyst,L6,HK,2015-11-20,961301,HKD
IMP-08448,Wei,Garcia,imp.08448@acme-corp.com,HR,Manager,L3,AE,2021-09-18,408318,AED
IMP-08449,Hiroshi,Miller,imp.08449@acme-corp.com,Sales,Analyst,L6,ES,2019-11-29,94257,EUR
IMP-08450,Pedro,Song,imp.08450@acme-corp.com,Operations,Manager,L2,CA,2020-09-17,172003,CAD
IMP-08451,Susan,Lee,imp.08451@acme-corp.com,Sales,Analyst,L4,ES,2017-01-12,76381,EUR
IMP-08452,Carmen,Williams,imp.08452@acme-corp.com,Engineering,Engineer,L6,DK,2018-06-29,756957,DKK
IMP-08453,Mei,Schulz,imp.08453@acme-corp.com,Sales,Analyst,L5,IN,2023-11-21,2246176,INR
IMP-08454,Karen,David,imp.08454@acme-corp.com,Design,Designer,L1,PL,2017-12-26,213288,PLN
IMP-08455,David,Taylor,imp.08455@acme-corp.com,Sales,Analyst,L6,MX,2016-12-14,496904,MXN
IMP-08456,Hassan,Park,imp.08456@acme-corp.com,Operations,Manager,L3,US,2020-11-11,138219,USD
IMP-08457,Rahul,Fischer,imp.08457@acme-corp.com,Engineering,Engineer,L1,NO,2017-09-09,768946,NOK
IMP-08458,Mary,Joshi,imp.08458@acme-corp.com,Sales,Analyst,L4,MX,2018-11-12,967547,MXN
IMP-08459,Robert,Pillai,imp.08459@acme-corp.com,Engineering,Engineer,L1,IN,2019-02-14,1841020,INR
IMP-08460,Fatima,Han,imp.08460@acme-corp.com,Engineering,Engineer,L4,JP,2019-06-28,15004804,JPY
IMP-08461,Hiroshi,Weber,imp.08461@acme-corp.com,Sales,Analyst,L4,US,2016-12-30,68851,USD
IMP-08462,Nancy,Park,imp.08462@acme-corp.com,Sales,Analyst,L4,MX,2024-07-15,759520,MXN
IMP-08463,Rahul,Jackson,imp.08463@acme-corp.com,Operations,Manager,L5,AE,2016-04-04,339579,AED
IMP-08464,Nancy,Wang,imp.08464@acme-corp.com,Engineering,Engineer,L6,TW,2021-10-12,1534292,TWD
IMP-08465,Chen,Xu,imp.08465@acme-corp.com,Operations,Manager,L4,ES,2024-05-02,101377,EUR
IMP-08466,Jose,Jung,imp.08466@acme-corp.com,Engineering,Engineer,L3,JP,2015-10-29,12269338,JPY
IMP-08467,Linda,Kim,imp.08467@acme-corp.com,Operations,Manager,L4,FR,2016-10-22,130087,EUR
IMP-08468,Ananya,Singh,imp.08468@acme-corp.com,HR,Manager,L1,SG,2018-09-16,139811,SGD
IMP-08469,James,Chen,imp.08469@acme-corp.com,Finance,Analyst,L6,MX,2016-02-11,496571,MXN
IMP-08470,James,Johnson,imp.08470@acme-corp.com,Finance,Analyst,L2,DE,2018-08-01,69012,EUR
IMP-08471,Ahmed,Mehta,imp.08471@acme-corp.com,Engineering,Engineer,L4,IN,2015-07-11,4363625,INR
IMP-08472,Jessica,Williams,imp.08472@acme-corp.com,Engineering,Engineer,L1,PL,2018-08-20,108700,PLN
IMP-08473,Aisha,Brown,imp.08473@acme-corp.com,Engineering,Engineer,L1,DE,2021-01-13,73247,EUR
IMP-08474,Zhang,Thomas,imp.08474@acme-corp.com,Operations,Manager,L6,DK,2020-11-23,684084,DKK
IMP-08475,Isabel,Kang,imp.08475@acme-corp.com,Operations,Manager,L6,CH,2016-04-11,111591,CHF
IMP-08476,Pedro,Anderson,imp.08476@acme-corp.com,Operations,Manager,L6,IN,2023-02-22,2861832,INR
IMP-08477,Wei,Yang,imp.08477@acme-corp.com,Sales,Analyst,L1,TW,2023-12-06,1687978,TWD
IMP-08478,Kenji,Choi,imp.08478@acme-corp.com,HR,Manager,L6,US,2015-08-29,181332,USD
IMP-08479,William,Klein,imp.08479@acme-corp.com,Operations,Manager,L1,US,2017-12-22,208703,USD
IMP-08480,Chen,Taylor,imp.08480@acme-corp.com,Operations,Manager,L6,KR,2021-10-19,97575246,KRW
IMP-08481,Kenji,Kumar,imp.08481@acme-corp.com,Engineering,Engineer,L4,IE,2020-11-16,105811,EUR
IMP-08482,Rosa,Fischer,imp.08482@acme-corp.com,HR,Manager,L5,IN,2016-08-12,3208936,INR
IMP-08483,Zara,Moreau,imp.08483@acme-corp.com,Design,Designer,L3,GB,2020-01-18,54219,GBP
IMP-08484,Richard,Becker,imp.08484@acme-corp.com,Engineering,Engineer,L4,NO,2020-06-17,1289827,NOK
IMP-08485,Takeshi,Smith,imp.08485@acme-corp.com,Sales,Analyst,L2,KR,2024-02-03,69589361,KRW
IMP-08486,Yuna,Braun,imp.08486@acme-corp.com,Operations,Manager,L6,GB,2018-09-20,69252,GBP
IMP-08487,Arjun,Johnson,imp.08487@acme-corp.com,Engineering,Engineer,L3,DK,2021-10-25,1081020,DKK
IMP-08488,Sakura,Zhou,imp.08488@acme-corp.com,Engineering,Engineer,L6,ZA,2015-06-25,1164028,ZAR
IMP-08489,Jennifer,Choi,imp.08489@acme-corp.com,Operations,Manager,L2,SG,2016-12-11,141543,SGD
IMP-08490,Ji-young,Weber,imp.08490@acme-corp.com,Operations,Manager,L2,IN,2022-01-06,3704948,INR
IMP-08491,Thomas,Braun,imp.08491@acme-corp.com,Engineering,Engineer,L3,IE,2015-09-12,127624,EUR
IMP-08492,Linda,Sharma,imp.08492@acme-corp.com,Operations,Manager,L5,CH,2021-12-20,137378,CHF
IMP-08493,Arjun,Lee,imp.08493@acme-corp.com,Operations,Manager,L1,IN,2022-04-28,2731014,INR
IMP-08494,Patricia,White,imp.08494@acme-corp.com,HR,Manager,L2,GB,2017-05-15,117727,GBP
IMP-08495,Wei,Braun,imp.08495@acme-corp.com,Finance,Analyst,L5,IN,2021-10-14,941529,INR
IMP-08496,Nancy,Bernard,imp.08496@acme-corp.com,Finance,Analyst,L5,SE,2023-05-31,712785,SEK
IMP-08497,Mei,Chen,imp.08497@acme-corp.com,Design,Designer,L1,NL,2016-03-27,135110,EUR
IMP-08498,Jae-won,Klein,imp.08498@acme-corp.com,Engineering,Engineer,L3,IN,2017-10-28,2474701,INR
IMP-08499,Zhang,Hernandez,imp.08499@acme-corp.com,Engineering,Engineer,L4,SE,2016-04-05,1024959,SEK
IMP-08500,Hassan,Wu,imp.08500@acme-corp.com,Design,Designer,L6,AU,2023-01-10,105376,AUD
IMP-08501,Fatima,Brown,imp.08501@acme-corp.com,Engineering,Engineer,L1,AE,2022-05-28,414170,AED
IMP-08502,Mary,Hoffmann,imp.08502@acme-corp.com,Engineering,Engineer,L6,NL,2019-03-04,70633,EUR
IMP-08503,Richard,White,imp.08503@acme-corp.com,Operations,Manager,L4,JP,2018-05-10,16098824,JPY
IMP-08504,Omar,David,imp.08504@acme-corp.com,Engineering,Engineer,L3,FR,2023-10-18,66436,EUR
IMP-08505,Arjun,Thomas,imp.08505@acme-corp.com,Engineering,Engineer,L3,HK,2019-03-29,1115980,HKD
IMP-08506,Ji-young,Roux,imp.08506@acme-corp.com,Operations,Manager,L6,IN,2021-05-26,2787367,INR
IMP-08507,Carlos,Jackson,imp.08507@acme-corp.com,Operations,Manager,L3,HK,2020-11-08,740175,HKD
IMP-08508,Nancy,Jung,imp.08508@acme-corp.com,Sales,Analyst,L5,TW,2023-12-15,2765393,TWD
IMP-08509,Barbara,Fischer,imp.08509@acme-corp.com,Operations,Manager,L4,FR,2024-12-14,101377,EUR
IMP-08510,Richard,Wang,imp.08510@acme-corp.com,Engineering,Engineer,L6,US,2023-01-21,201618,USD
IMP-08511,Rosa,Dupont,imp.08511@acme-corp.com,Finance,Analyst,L2,GB,2023-09-20,71813,GBP
IMP-08512,Charles,Reddy,imp.08512@acme-corp.com,Sales,Analyst,L4,AE,2024-02-02,148023,AED
IMP-08513,Michael,Richter,imp.08513@acme-corp.com,Engineering,Engineer,L6,MX,2024-03-12,1114290,MXN
IMP-08514,Francisco,Chen,imp.08514@acme-corp.com,Operations,Manager,L2,ZA,2015-05-26,536518,ZAR
IMP-08515,Isabel,Smith,imp.08515@acme-corp.com,Sales,Analyst,L3,KR,2017-04-26,114825172,KRW
IMP-08516,Sarah,Han,imp.08516@acme-corp.com,Finance,Analyst,L4,DE,2020-08-24,91965,EUR
IMP-08517,Thomas,Schmidt,imp.08517@acme-corp.com,Engineering,Engineer,L6,DE,2021-10-22,119426,EUR
IMP-08518,Ahmed,Li,imp.08518@acme-corp.com,Finance,Analyst,L2,SE,2023-05-13,1034104,SEK
IMP-08519,Susan,Michel,imp.08519@acme-corp.com,Engineering,Engineer,L4,PL,2021-06-20,238287,PLN
IMP-08520,Richard,Davis,imp.08520@acme-corp.com,Engineering,Engineer,L2,NO,2019-10-28,763804,NOK
IMP-08521,Rahul,Yoon,imp.08521@acme-corp.com,Engineering,Engineer,L5,HK,2020-04-11,1083597,HKD
IMP-08522,Layla,Huang,imp.08522@acme-corp.com,Sales,Analyst,L6,FR,2023-09-28,137486,EUR
IMP-08523,Carmen,Xu,imp.08523@acme-corp.com,Engineering,Engineer,L6,US,2018-01-08,153614,USD
IMP-08524,Wei,Anderson,imp.08524@acme-corp.com,Operations,Manager,L5,GB,2020-03-10,56378,GBP
IMP-08525,Nancy,Richter,imp.08525@acme-corp.com,Design,Designer,L2,IN,2016-09-29,4268822,INR
IMP-08526,Mei,Han,imp.08526@acme-corp.com,Operations,Manager,L1,CH,2016-05-14,155897,CHF
IMP-08527,Jose,Gupta,imp.08527@acme-corp.com,Engineering,Engineer,L2,IN,2018-10-11,2524785,INR
IMP-08528,Akiko,Wang,imp.08528@acme-corp.com,Operations,Manager,L6,AE,2018-11-11,314312,AED
IMP-08529,James,Gupta,imp.08529@acme-corp.com,Engineering,Engineer,L1,DK,2019-05-14,521214,DKK
IMP-08530,Fatima,Lee,imp.08530@acme-corp.com,Engineering,Engineer,L6,ES,2019-08-19,50842,EUR
IMP-08531,Jose,Williams,imp.08531@acme-corp.com,Engineering,Engineer,L1,US,2019-03-20,152276,USD
IMP-08532,Joseph,Thompson,imp.08532@acme-corp.com,Operations,Manager,L3,CH,2016-10-15,155314,CHF
IMP-08533,Nancy,Wu,imp.08533@acme-corp.com,Design,Designer,L5,NL,2024-05-01,52684,EUR
IMP-08534,Jessica,White,imp.08534@acme-corp.com,Engineering,Engineer,L3,KR,2015-03-20,56282266,KRW
IMP-08535,Jose,Thomas,imp.08535@acme-corp.com,Engineering,Engineer,L4,JP,2021-01-12,16694877,JPY
IMP-08536,Chen,Moore,imp.08536@acme-corp.com,Sales,Analyst,L1,IN,2017-05-21,3481203,INR
IMP-08537,James,Dupont,imp.08537@acme-corp.com,Sales,Analyst,L1,US,2015-02-25,122989,USD
IMP-08538,Thomas,Klein,imp.08538@acme-corp.com,Engineering,Engineer,L6,CA,2023-05-10,90709,CAD
IMP-08539,Yuna,Nair,imp.08539@acme-corp.com,HR,Manager,L4,NL,2015-10-11,141594,EUR
IMP-08540,David,Gupta,imp.08540@acme-corp.com,Operations,Manager,L2,GB,2016-04-02,59011,GBP
IMP-08541,Mei,Simon,imp.08541@acme-corp.com,HR,Manager,L5,IN,2015-11-28,4382504,INR
IMP-08542,Linda,Dupont,imp.08542@acme-corp.com,Finance,Analyst,L5,GB,2017-10-28,52118,GBP
IMP-08543,Jose,Kang,imp.08543@acme-corp.com,Engineering,Engineer,L2,NO,2015-02-14,705024,NOK
IMP-08544,Hiroshi,Klein,imp.08544@acme-corp.com,Sales,Analyst,L5,PL,2015-08-11,110897,PLN
IMP-08545,Akiko,Sharma,imp.08545@acme-corp.com,Engineering,Engineer,L4,AE,2018-03-14,472294,AED
IMP-08546,Yuki,Chen,imp.08546@acme-corp.com,Engineering,Engineer,L5,US,2023-04-30,65511,USD
IMP-08547,Kenji,Michel,imp.08547@acme-corp.com,Engineering,Engineer,L5,NO,2019-06-18,596518,NOK
IMP-08548,Elizabeth,Simon,imp.08548@acme-corp.com,Engineering,Engineer,L3,DE,2020-05-28,136246,EUR
IMP-08549,Layla,Hoffmann,imp.08549@acme-corp.com,Engineering,Engineer,L4,JP,2017-05-13,6037026,JPY
IMP-08550,Joseph,Joshi,imp.08550@acme-corp.com,Operations,Manager,L2,US,2015-01-07,183469,USD
IMP-08551,Karen,White,imp.08551@acme-corp.com,Engineering,Engineer,L6,HK,2020-01-01,791258,HKD
IMP-08552,Robert,Jones,imp.08552@acme-corp.com,Sales,Analyst,L6,GB,2017-09-18,154930,GBP
IMP-08553,Rahul,Li,imp.08553@acme-corp.com,Engineering,Engineer,L6,NL,2024-02-23,101040,EUR
IMP-08554,Fatima,Reddy,imp.08554@acme-corp.com,Operations,Manager,L2,DE,2016-07-13,50679,EUR
IMP-08555,Rosa,Klein,imp.08555@acme-corp.com,Engineering,Engineer,L3,GB,2016-08-21,141904,GBP
IMP-08556,Layla,Wilson,imp.08556@acme-corp.com,Engineering,Engineer,L2,KR,2019-02-04,72411084,KRW
IMP-08557,Yusuf,Miller,imp.08557@acme-corp.com,Engineering,Engineer,L3,US,2016-07-17,195306,USD
IMP-08558,Patricia,Fischer,imp.08558@acme-corp.com,Engineering,Engineer,L1,AU,2016-01-13,168093,AUD
IMP-08559,Maria,Braun,imp.08559@acme-corp.com,Engineering,Engineer,L3,US,2015-11-28,94367,USD
IMP-08560,Carmen,Martin,imp.08560@acme-corp.com,Finance,Analyst,L4,ES,2018-07-10,78003,EUR
IMP-08561,Linda,Martinez,imp.08561@acme-corp.com,Operations,Manager,L5,PL,2019-08-01,154154,PLN
IMP-08562,Kenji,Zhang,imp.08562@acme-corp.com,HR,Manager,L1,SG,2022-01-27,86451,SGD
IMP-08563,Isabel,Davis,imp.08563@acme-corp.com,Engineering,Engineer,L6,TW,2024-01-03,2683028,TWD
IMP-08564,Joseph,Klein,imp.08564@acme-corp.com,Finance,Analyst,L4,TW,2016-05-13,3284673,TWD
IMP-08565,Priya,Yoon,imp.08565@acme-corp.com,Engineering,Engineer,L4,KR,2018-02-01,70383756,KRW
IMP-08566,Arjun,Klein,imp.08566@acme-corp.com,Engineering,Engineer,L4,US,2019-06-10,180254,USD
IMP-08567,Kenji,Simon,imp.08567@acme-corp.com,Engineering,Engineer,L5,DE,2024-08-18,63479,EUR
IMP-08568,Hassan,Chen,imp.08568@acme-corp.com,HR,Manager,L2,IE,2022-08-21,101593,EUR
IMP-08569,Wei,Williams,imp.08569@acme-corp.com,Operations,Manager,L4,HK,2018-07-29,925374,HKD
IMP-08570,Wei,Zhang,imp.08570@acme-corp.com,Finance,Analyst,L2,IN,2022-09-15,3481548,INR
IMP-08571,Francisco,Braun,imp.08571@acme-corp.com,Engineering,Engineer,L3,IN,2022-09-26,2969783,INR
IMP-08572,Francisco,Richter,imp.08572@acme-corp.com,Engineering,Engineer,L1,GB,2017-11-24,105259,GBP
IMP-08573,Akiko,Moore,imp.08573@acme-corp.com,Operations,Manager,L5,GB,2024-05-21,99158,GBP
IMP-08574,Carmen,Becker,imp.08574@acme-corp.com,Finance,Analyst,L1,SG,2017-09-14,190683,SGD
IMP-08575,Hiroshi,Martin,imp.08575@acme-corp.com,Engineering,Engineer,L5,JP,2017-06-28,7657807,JPY
IMP-08576,Ana,Braun,imp.08576@acme-corp.com,Engineering,Engineer,L6,SG,2016-02-19,149932,SGD
IMP-08577,Rahul,Roux,imp.08577@acme-corp.com,Finance,Analyst,L3,PL,2022-03-01,177537,PLN
IMP-08578,Jae-won,Garcia,imp.08578@acme-corp.com,Sales,Analyst,L5,TW,2017-07-13,1064999,TWD
IMP-08579,Wei,Moore,imp.08579@acme-corp.com,Finance,Analyst,L5,ES,2016-08-09,135640,EUR
IMP-08580,Thomas,Fischer,imp.08580@acme-corp.com,Engineering,Engineer,L2,US,2020-12-16,82388,USD
IMP-08581,Hiroshi,Schmidt,imp.08581@acme-corp.com,Design,Designer,L3,ZA,2021-11-19,1287520,ZAR
IMP-08582,Chen,Huang,imp.08582@acme-corp.com,HR,Manager,L6,TW,2022-05-05,2212651,TWD
IMP-08583,Jessica,Lim,imp.08583@acme-corp.com,Sales,Analyst,L4,IN,2018-08-17,2505818,INR
IMP-08584,Elizabeth,Lee,imp.08584@acme-corp.com,Sales,Analyst,L6,ZA,2023-09-01,1364026,ZAR
IMP-08585,Yuna,Garcia,imp.08585@acme-corp.com,Finance,Analyst,L1,SE,2024-09-27,886118,SEK
IMP-08586,Isabel,Richter,imp.08586@acme-corp.com,Design,Designer,L6,CH,2015-10-21,199020,CHF
IMP-08587,Arjun,Martinez,imp.08587@acme-corp.com,Engineering,Engineer,L3,SE,2016-09-22,1079769,SEK
IMP-08588,Jennifer,Hernandez,imp.08588@acme-corp.com,Sales,Analyst,L5,MX,2020-02-12,919198,MXN
IMP-08589,Jae-won,Park,imp.08589@acme-corp.com,Finance,Analyst,L4,US,2019-11-07,88140,USD
IMP-08590,Priya,Wilson,imp.08590@acme-corp.com,Engineering,Engineer,L2,JP,2021-01-25,6830347,JPY
IMP-08591,Rahul,Han,imp.08591@acme-corp.com,Engineering,Engineer,L2,NL,2019-01-29,91418,EUR
IMP-08592,Takeshi,Garcia,imp.08592@acme-corp.com,HR,Manager,L1,GB,2022-03-02,128056,GBP
IMP-08593,Francisco,Kumar,imp.08593@acme-corp.com,Sales,Analyst,L6,DE,2024-10-23,118526,EUR
IMP-08594,Richard,Mehta,imp.08594@acme-corp.com,Sales,Analyst,L2,TW,2023-11-06,1534482,TWD
IMP-08595,Rosa,Müller,imp.08595@acme-corp.com,Sales,Analyst,L2,SE,2018-12-21,1079304,SEK
IMP-08596,Jennifer,Park,imp.08596@acme-corp.com,Engineering,Engineer,L3,US,2017-05-01,160909,USD
IMP-08597,Liu,Wilson,imp.08597@acme-corp.com,Design,Designer,L3,IN,2018-05-11,890216,INR
IMP-08598,Patricia,Kang,imp.08598@acme-corp.com,HR,Manager,L1,CH,2022-10-11,136917,CHF
IMP-08599,Mei,Gupta,imp.08599@acme-corp.com,Sales,Analyst,L3,FR,2015-05-17,59203,EUR
IMP-08600,Francisco,Lee,imp.08600@acme-corp.com,Engineering,Engineer,L3,US,2021-03-10,110624,USD
IMP-08601,Akiko,Reddy,imp.08601@acme-corp.com,Finance,Analyst,L1,MX,2024-04-14,1190414,MXN
IMP-08602,Yuki,Thomas,imp.08602@acme-corp.com,Sales,Analyst,L6,TW,2022-12-11,1392626,TWD
IMP-08603,Mary,Miller,imp.08603@acme-corp.com,HR,Manager,L2,CH,2017-03-07,96554,CHF
IMP-08604,Mei,Park,imp.08604@acme-corp.com,Engineering,Engineer,L6,US,2018-03-01,219025,USD
IMP-08605,Jessica,Smith,imp.08605@acme-corp.com,Sales,Analyst,L1,US,2021-12-05,147763,USD
IMP-08606,Jessica,Mehta,imp.08606@acme-corp.com,Engineering,Engineer,L5,US,2020-07-22,120469,USD
IMP-08607,Mei,Thompson,imp.08607@acme-corp.com,HR,Manager,L5,NO,2016-10-29,714759,NOK
IMP-08608,Wei,Lim,imp.08608@acme-corp.com,Finance,Analyst,L2,NO,2018-08-28,530304,NOK
IMP-08609,Priya,Schmidt,imp.08609@acme-corp.com,Engineering,Engineer,L6,SE,2024-01-25,745090,SEK
IMP-08610,Ahmed,Thomas,imp.08610@acme-corp.com,HR,Manager,L6,FR,2017-10-11,58343,EUR
IMP-08611,Sakura,Braun,imp.08611@acme-corp.com,Engineering,Engineer,L2,CA,2024-12-09,70198,CAD
IMP-08612,Chen,Weber,imp.08612@acme-corp.com,Engineering,Engineer,L1,HK,2017-06-16,725699,HKD
IMP-08613,William,Weber,imp.08613@acme-corp.com,Sales,Analyst,L1,US,2023-10-30,68705,USD
IMP-08614,William,Smith,imp.08614@acme-corp.com,Finance,Analyst,L2,ES,2015-05-29,144682,EUR
IMP-08615,Karen,Nair,imp.08615@acme-corp.com,Sales,Analyst,L4,FR,2020-12-12,81965,EUR
IMP-08616,Mary,Xu,imp.08616@acme-corp.com,Engineering,Engineer,L2,DE,2021-05-17,136696,EUR
IMP-08617,Sarah,Müller,imp.08617@acme-corp.com,Finance,Analyst,L1,DE,2022-04-25,52035,EUR
IMP-08618,Joseph,Moreau,imp.08618@acme-corp.com,Engineering,Engineer,L5,IN,2022-06-18,2767498,INR
IMP-08619,Layla,Brown,imp.08619@acme-corp.com,Sales,Analyst,L2,FR,2023-09-28,86390,EUR
IMP-08620,Elizabeth,Huang,imp.08620@acme-corp.com,Engineering,Engineer,L5,US,2023-03-03,199423,USD
IMP-08621,Ananya,Wu,imp.08621@acme-corp.com,Finance,Analyst,L6,PL,2015-02-20,97350,PLN
IMP-08622,David,Nair,imp.08622@acme-corp.com,Engineering,Engineer,L1,ES,2017-05-05,108614,EUR
IMP-08623,Omar,Lee,imp.08623@acme-corp.com,Finance,Analyst,L5,FR,2024-09-04,103869,EUR
IMP-08624,Richard,Sharma,imp.08624@acme-corp.com,Sales,Analyst,L3,PL,2017-02-18,68294,PLN
IMP-08625,Hiroshi,Gupta,imp.08625@acme-corp.com,Operations,Manager,L2,SG,2017-09-04,195875,SGD
IMP-08626,William,Anderson,imp.08626@acme-corp.com,Engineering,Engineer,L4,SE,2024-12-19,528542,SEK
IMP-08627,Sung-min,Liu,imp.08627@acme-corp.com,Operations,Manager,L3,ES,2021-03-09,96869,EUR
IMP-08628,Maria,Klein,imp.08628@acme-corp.com,Engineering,Engineer,L2,ZA,2024-11-29,356869,ZAR
IMP-08629,Robert,Miller,imp.08629@acme-corp.com,Design,Designer,L2,DE,2024-08-26,82158,EUR
IMP-08630,William,Garcia,imp.08630@acme-corp.com,Operations,Manager,L1,GB,2020-07-31,63140,GBP
IMP-08631,Arjun,Li,imp.08631@acme-corp.com,Design,Designer,L4,CH,2023-08-20,128025,CHF
IMP-08632,Richard,Patel,imp.08632@acme-corp.com,Sales,Analyst,L2,CA,2017-03-31,101074,CAD
IMP-08633,Carlos,Fischer,imp.08633@acme-corp.com,Sales,Analyst,L6,CA,2017-06-05,87807,CAD
IMP-08634,Takeshi,Yoon,imp.08634@acme-corp.com,Operations,Manager,L4,AE,2020-03-03,487546,AED
IMP-08635,Zara,Schmidt,imp.08635@acme-corp.com,Engineering,Engineer,L1,FR,2022-03-05,143771,EUR
IMP-08636,Susan,Yang,imp.08636@acme-corp.com,Engineering,Engineer,L2,FR,2019-07-13,100174,EUR
IMP-08637,Ana,Roux,imp.08637@acme-corp.com,Design,Designer,L5,MX,2020-12-17,511367,MXN
IMP-08638,Fatima,Bernard,imp.08638@acme-corp.com,HR,Manager,L6,US,2015-05-31,144018,USD
IMP-08639,Joseph,Gupta,imp.08639@acme-corp.com,Sales,Analyst,L4,TW,2023-05-08,2034798,TWD
IMP-08640,Pedro,Hernandez,imp.08640@acme-corp.com,Sales,Analyst,L6,PL,2016-05-07,231310,PLN
IMP-08641,Kenji,Kim,imp.08641@acme-corp.com,Sales,Analyst,L1,FR,2017-01-21,54653,EUR
IMP-08642,William,Hernandez,imp.08642@acme-corp.com,Sales,Analyst,L6,DE,2015-04-23,73829,EUR
IMP-08643,Barbara,Reddy,imp.08643@acme-corp.com,Sales,Analyst,L4,TW,2016-10-16,1486403,TWD
IMP-08644,Ji-young,Reddy,imp.08644@acme-corp.com,Engineering,Engineer,L6,JP,2017-03-11,13532368,JPY
IMP-08645,Robert,Garcia,imp.08645@acme-corp.com,Finance,Analyst,L3,IN,2021-01-28,4080929,INR
IMP-08646,Jennifer,Huang,imp.08646@acme-corp.com,Finance,Analyst,L6,JP,2015-08-20,7434763,JPY
IMP-08647,Zhang,Gupta,imp.08647@acme-corp.com,Sales,Analyst,L1,DE,2020-01-27,69937,EUR
IMP-08648,Wei,Jones,imp.08648@acme-corp.com,Operations,Manager,L3,US,2016-10-11,126285,USD
IMP-08649,Francisco,Yoon,imp.08649@acme-corp.com,Finance,Analyst,L6,CA,2022-11-29,126015,CAD
IMP-08650,Ahmed,Mehta,imp.08650@acme-corp.com,Engineering,Engineer,L3,DE,2017-02-23,110192,EUR
IMP-08651,Jose,Schulz,imp.08651@acme-corp.com,Sales,Analyst,L2,US,2017-02-25,134618,USD
IMP-08652,Priya,Brown,imp.08652@acme-corp.com,Engineering,Engineer,L2,CA,2019-12-16,115424,CAD
IMP-08653,Joseph,Sharma,imp.08653@acme-corp.com,Engineering,Engineer,L2,IE,2015-09-22,112144,EUR
IMP-08654,Sarah,Garcia,imp.08654@acme-corp.com,Engineering,Engineer,L1,TW,2015-03-24,1768915,TWD
IMP-08655,Mei,Pillai,imp.08655@acme-corp.com,HR,Manager,L5,NL,2021-09-18,138024,EUR
IMP-08656,Susan,Anderson,imp.08656@acme-corp.com,Finance,Analyst,L1,DK,2024-07-29,1150182,DKK
IMP-08657,Karen,Moore,imp.08657@acme-corp.com,Engineering,Engineer,L5,DE,2020-06-30,138775,EUR
IMP-08658,Zara,Martin,imp.08658@acme-corp.com,Sales,Analyst,L5,DK,2024-05-18,1030332,DKK
IMP-08659,Yuna,Miller,imp.08659@acme-corp.com,HR,Manager,L3,IE,2017-01-07,82169,EUR
IMP-08660,Jae-won,Mehta,imp.08660@acme-corp.com,Finance,Analyst,L3,US,2017-01-20,68854,USD
IMP-08661,Robert,Joshi,imp.08661@acme-corp.com,Design,Designer,L2,GB,2021-02-25,133912,GBP
IMP-08662,Maria,Yang,imp.08662@acme-corp.com,Engineering,Engineer,L3,ES,2015-06-25,57043,EUR
IMP-08663,Sarah,Jackson,imp.08663@acme-corp.com,Engineering,Engineer,L6,SE,2023-01-19,1112019,SEK
IMP-08664,Nancy,Moore,imp.08664@acme-corp.com,Operations,Manager,L4,GB,2021-12-08,122797,GBP
IMP-08665,Thomas,Schmidt,imp.08665@acme-corp.com,Operations,Manager,L3,US,2022-06-20,112355,USD
IMP-08666,Susan,Simon,imp.08666@acme-corp.com,Finance,Analyst,L6,DK,2018-11-29,676169,DKK
IMP-08667,Priya,Jones,imp.08667@acme-corp.com,Engineering,Engineer,L6,GB,2019-04-03,61801,GBP
IMP-08668,Rosa,Patel,imp.08668@acme-corp.com,Sales,Analyst,L2,PL,2022-08-24,236316,PLN
IMP-08669,Min,Yoon,imp.08669@acme-corp.com,Sales,Analyst,L1,SG,2024-06-07,86205,SGD
IMP-08670,Yuna,David,imp.08670@acme-corp.com,Sales,Analyst,L6,DE,2020-02-15,116748,EUR
IMP-08671,Nancy,Mehta,imp.08671@acme-corp.com,Engineering,Engineer,L2,FR,2021-05-26,104533,EUR
IMP-08672,Thomas,Jones,imp.08672@acme-corp.com,Engineering,Engineer,L5,CH,2016-09-01,142312,CHF
IMP-08673,Hassan,Choi,imp.08673@acme-corp.com,Operations,Manager,L3,AU,2020-09-18,165054,AUD
IMP-08674,Akiko,Yoon,imp.08674@acme-corp.com,Sales,Analyst,L1,US,2019-10-08,65284,USD
IMP-08675,Rahul,Joshi,imp.08675@acme-corp.com,Sales,Analyst,L1,ZA,2019-05-12,1236036,ZAR
IMP-08676,Yuki,Song,imp.08676@acme-corp.com,Engineering,Engineer,L4,ZA,2024-12-09,494829,ZAR
IMP-08677,Kenji,Mehta,imp.08677@acme-corp.com,Sales,Analyst,L1,DK,2023-04-06,648904,DKK
IMP-08678,Layla,Lim,imp.08678@acme-corp.com,Operations,Manager,L5,TW,2021-09-20,1972599,TWD
IMP-08679,Ana,Thomas,imp.08679@acme-corp.com,Sales,Analyst,L2,ZA,2023-02-18,436340,ZAR
IMP-08680,Zara,Davis,imp.08680@acme-corp.com,Design,Designer,L5,CA,2017-11-14,174427,CAD
IMP-08681,Luis,Lim,imp.08681@acme-corp.com,Operations,Manager,L1,DE,2024-05-26,110145,EUR
IMP-08682,Susan,Pillai,imp.08682@acme-corp.com,Engineering,Engineer,L1,US,2023-01-24,101320,USD
IMP-08683,Hassan,Kim,imp.08683@acme-corp.com,Finance,Analyst,L1,KR,2023-04-01,65534607,KRW
IMP-08684,Pedro,Miller,imp.08684@acme-corp.com,Sales,Analyst,L5,NL,2015-03-03,103852,EUR
IMP-08685,Robert,Lee,imp.08685@acme-corp.com,Engineering,Engineer,L3,TW,2015-04-27,1680922,TWD
IMP-08686,Zara,Han,imp.08686@acme-corp.com,Engineering,Engineer,L5,KR,2015-08-18,111816323,KRW
IMP-08687,Luis,Han,imp.08687@acme-corp.com,HR,Manager,L4,KR,2022-03-04,42395567,KRW
IMP-08688,Isabel,Zhou,imp.08688@acme-corp.com,Finance,Analyst,L1,SE,2018-05-24,531499,SEK
IMP-08689,Yuki,Wang,imp.08689@acme-corp.com,Operations,Manager,L5,AE,2023-04-15,405023,AED
IMP-08690,Liu,Jung,imp.08690@acme-corp.com,HR,Manager,L1,AU,2022-07-28,174446,AUD
IMP-08691,Carmen,Choi,imp.08691@acme-corp.com,Engineering,Engineer,L3,IE,2024-08-08,65713,EUR
IMP-08692,Karen,Mehta,imp.08692@acme-corp.com,Sales,Analyst,L6,AE,2020-03-04,431794,AED
IMP-08693,Sarah,Jung,imp.08693@acme-corp.com,Sales,Analyst,L2,SE,2020-02-12,1002772,SEK
IMP-08694,Chen,Sharma,imp.08694@acme-corp.com,Sales,Analyst,L4,MX,2022-07-18,1153051,MXN
IMP-08695,Jae-won,Richter,imp.08695@acme-corp.com,Operations,Manager,L3,ZA,2017-02-26,1095620,ZAR
IMP-08696,Min,Thomas,imp.08696@acme-corp.com,Engineering,Engineer,L5,US,2020-10-19,64196,USD
IMP-08697,Zara,Taylor,imp.08697@acme-corp.com,Finance,Analyst,L1,DK,2021-01-04,701598,DKK
IMP-08698,Francisco,Li,imp.08698@acme-corp.com,Engineering,Engineer,L3,DE,2024-05-02,104926,EUR
IMP-08699,Zara,Jackson,imp.08699@acme-corp.com,Engineering,Engineer,L3,DK,2016-09-10,1054741,DKK
IMP-08700,Joseph,Choi,imp.08700@acme-corp.com,Engineering,Engineer,L4,HK,2019-09-23,384100,HKD
IMP-08701,Robert,Roux,imp.08701@acme-corp.com,Engineering,Engineer,L4,US,2021-04-16,83498,USD
IMP-08702,Kenji,Martin,imp.08702@acme-corp.com,HR,Manager,L4,US,2015-05-24,116042,USD
IMP-08703,Min,Simon,imp.08703@acme-corp.com,Operations,Manager,L1,US,2015-08-31,169070,USD
IMP-08704,Yusuf,Jung,imp.08704@acme-corp.com,Finance,Analyst,L3,US,2023-09-01,186455,USD
IMP-08705,Zara,Fischer,imp.08705@acme-corp.com,Design,Designer,L4,ES,2022-04-20,120262,EUR
IMP-08706,Zara,Jones,imp.08706@acme-corp.com,Engineering,Engineer,L1,PL,2024-10-03,78771,PLN
IMP-08707,Ahmed,Wu,imp.08707@acme-corp.com,Engineering,Engineer,L5,PL,2020-11-03,62671,PLN
IMP-08708,Joseph,Joshi,imp.08708@acme-corp.com,Operations,Manager,L2,US,2017-03-05,219080,USD
IMP-08709,Fatima,Moreau,imp.08709@acme-corp.com,Engineering,Engineer,L3,CA,2017-10-07,170774,CAD
IMP-08710,Joseph,Roux,imp.08710@acme-corp.com,HR,Manager,L1,ZA,2023-06-16,728884,ZAR
IMP-08711,Ji-young,Martin,imp.08711@acme-corp.com,Engineering,Engineer,L4,KR,2016-05-26,100237806,KRW
IMP-08712,Barbara,Mehta,imp.08712@acme-corp.com,Operations,Manager,L3,DE,2016-03-22,116049,EUR
IMP-08713,Aisha,Moore,imp.08713@acme-corp.com,HR,Manager,L5,NO,2016-04-26,972141,NOK
IMP-08714,Kenji,Klein,imp.08714@acme-corp.com,Engineering,Engineer,L1,ZA,2021-04-15,388846,ZAR
IMP-08715,Isabel,Michel,imp.08715@acme-corp.com,Engineering,Engineer,L1,GB,2017-05-17,76509,GBP
IMP-08716,Patricia,Gupta,imp.08716@acme-corp.com,Operations,Manager,L6,GB,2023-02-04,56710,GBP
IMP-08717,Arjun,Singh,imp.08717@acme-corp.com,Engineering,Engineer,L3,US,2020-03-29,146005,USD
IMP-08718,Kenji,Brown,imp.08718@acme-corp.com,Operations,Manager,L4,IE,2019-11-28,72405,EUR
IMP-08719,Pedro,Jackson,imp.08719@acme-corp.com,Engineering,Engineer,L5,US,2023-08-21,114406,USD
IMP-08720,Hiroshi,Miller,imp.08720@acme-corp.com,HR,Manager,L4,US,2023-10-08,93773,USD
IMP-08721,Ananya,Hernandez,imp.08721@acme-corp.com,Sales,Analyst,L1,KR,2016-12-21,51017748,KRW
IMP-08722,Linda,Song,imp.08722@acme-corp.com,HR,Manager,L4,US,2016-05-12,133385,USD
IMP-08723,Jessica,Williams,imp.08723@acme-corp.com,Sales,Analyst,L4,IN,2015-08-23,2749679,INR
IMP-08724,Chen,Martin,imp.08724@acme-corp.com,Sales,Analyst,L5,GB,2018-05-26,103386,GBP
IMP-08725,Zhang,Schulz,imp.08725@acme-corp.com,Design,Designer,L3,IE,2023-05-29,141390,EUR
IMP-08726,Jose,Martinez,imp.08726@acme-corp.com,Sales,Analyst,L3,DK,2020-01-25,941986,DKK
IMP-08727,Yuna,Fischer,imp.08727@acme-corp.com,HR,Manager,L4,US,2017-03-15,216297,USD
IMP-08728,Carlos,Yang,imp.08728@acme-corp.com,Operations,Manager,L4,NO,2020-02-24,1129005,NOK
IMP-08729,Karen,Nair,imp.08729@acme-corp.com,Engineering,Engineer,L1,PL,2021-03-31,75168,PLN
IMP-08730,Chen,Braun,imp.08730@acme-corp.com,Engineering,Engineer,L2,DE,2016-09-18,79250,EUR
IMP-08731,Carlos,Chen,imp.08731@acme-corp.com,Operations,Manager,L3,IN,2024-07-31,2113703,INR
IMP-08732,William,Garcia,imp.08732@acme-corp.com,HR,Manager,L2,HK,2019-05-16,1119236,HKD
IMP-08733,Karen,Chen,imp.08733@acme-corp.com,Operations,Manager,L2,US,2020-10-04,196103,USD
IMP-08734,Linda,Sharma,imp.08734@acme-corp.com,Finance,Analyst,L4,ZA,2022-08-10,729111,ZAR
IMP-08735,Hiroshi,Thomas,imp.08735@acme-corp.com,Sales,Analyst,L6,US,2024-12-14,161949,USD
IMP-08736,Pedro,Martinez,imp.08736@acme-corp.com,Engineering,Engineer,L1,HK,2018-09-02,358418,HKD
IMP-08737,Jae-won,Kim,imp.08737@acme-corp.com,Finance,Analyst,L2,SE,2022-07-26,737318,SEK
IMP-08738,Francisco,Martin,imp.08738@acme-corp.com,Finance,Analyst,L1,GB,2018-06-20,61578,GBP
IMP-08739,Liu,Laurent,imp.08739@acme-corp.com,Finance,Analyst,L1,ES,2015-10-05,138697,EUR
IMP-08740,Jennifer,Mehta,imp.08740@acme-corp.com,Finance,Analyst,L4,TW,2022-02-09,1057363,TWD
IMP-08741,Carlos,Wilson,imp.08741@acme-corp.com,Engineering,Engineer,L5,KR,2017-09-21,86850535,KRW
IMP-08742,Elizabeth,Nair,imp.08742@acme-corp.com,Engineering,Engineer,L2,ZA,2015-09-07,1471690,ZAR
IMP-08743,Barbara,Taylor,imp.08743@acme-corp.com,Finance,Analyst,L1,GB,2019-07-23,152639,GBP
IMP-08744,Wei,Thomas,imp.08744@acme-corp.com,Engineering,Engineer,L2,DE,2015-03-25,53055,EUR
IMP-08745,Min,Zhou,imp.08745@acme-corp.com,Sales,Analyst,L2,US,2016-07-12,180883,USD
IMP-08746,Fatima,Michel,imp.08746@acme-corp.com,Finance,Analyst,L5,US,2023-11-15,73049,USD
IMP-08747,Chen,Becker,imp.08747@acme-corp.com,Operations,Manager,L3,IN,2023-09-30,4148348,INR
IMP-08748,Yuki,Park,imp.08748@acme-corp.com,Design,Designer,L5,ZA,2017-09-07,1095956,ZAR
IMP-08749,David,Lim,imp.08749@acme-corp.com,HR,Manager,L4,DK,2024-06-27,829768,DKK
IMP-08750,Yuki,White,imp.08750@acme-corp.com,Sales,Analyst,L6,GB,2022-06-28,78203,GBP
IMP-08751,Richard,Martin,imp.08751@acme-corp.com,Sales,Analyst,L2,IE,2017-04-07,81920,EUR
IMP-08752,Wei,Braun,imp.08752@acme-corp.com,Finance,Analyst,L3,DE,2015-06-25,105607,EUR
IMP-08753,Jessica,Huang,imp.08753@acme-corp.com,HR,Manager,L3,GB,2016-06-12,64721,GBP
IMP-08754,Yuki,Thompson,imp.08754@acme-corp.com,Engineering,Engineer,L2,IN,2020-02-27,4356372,INR
IMP-08755,Yuna,Becker,imp.08755@acme-corp.com,HR,Manager,L3,US,2024-02-28,197732,USD
IMP-08756,Kenji,Davis,imp.08756@acme-corp.com,HR,Manager,L6,SE,2019-10-18,959073,SEK
IMP-08757,William,Kim,imp.08757@acme-corp.com,HR,Manager,L1,CA,2018-08-13,101864,CAD
IMP-08758,Thomas,Wu,imp.08758@acme-corp.com,Finance,Analyst,L1,US,2015-03-21,60015,USD
IMP-08759,Ana,Klein,imp.08759@acme-corp.com,Sales,Analyst,L4,TW,2023-06-06,1316987,TWD
IMP-08760,Mei,Becker,imp.08760@acme-corp.com,Sales,Analyst,L4,US,2016-06-09,187224,USD
IMP-08761,Wei,Chen,imp.08761@acme-corp.com,Engineering,Engineer,L4,US,2021-03-26,166852,USD
IMP-08762,Zhang,Wang,imp.08762@acme-corp.com,Sales,Analyst,L1,JP,2024-08-09,8124444,JPY
IMP-08763,Francisco,Huang,imp.08763@acme-corp.com,HR,Manager,L2,IN,2015-07-25,4120657,INR
IMP-08764,Maria,Zhang,imp.08764@acme-corp.com,Engineering,Engineer,L3,US,2021-09-05,100402,USD
IMP-08765,Ana,Davis,imp.08765@acme-corp.com,Engineering,Engineer,L4,CH,2017-06-02,166406,CHF
IMP-08766,Carmen,Klein,imp.08766@acme-corp.com,Operations,Manager,L3,DK,2016-10-30,881406,DKK
IMP-08767,Sarah,Laurent,imp.08767@acme-corp.com,Finance,Analyst,L6,MX,2024-03-18,624417,MXN
IMP-08768,Zhang,Martinez,imp.08768@acme-corp.com,Operations,Manager,L5,IE,2019-08-29,68702,EUR
IMP-08769,Jose,Zhou,imp.08769@acme-corp.com,Sales,Analyst,L3,JP,2017-06-15,6762733,JPY
IMP-08770,Fatima,Martin,imp.08770@acme-corp.com,Engineering,Engineer,L2,GB,2022-05-18,143107,GBP
IMP-08771,Yuki,Taylor,imp.08771@acme-corp.com,Finance,Analyst,L2,FR,2021-02-01,101608,EUR
IMP-08772,Wei,Williams,imp.08772@acme-corp.com,HR,Manager,L3,US,2020-06-21,66012,USD
IMP-08773,Priya,David,imp.08773@acme-corp.com,Finance,Analyst,L5,IE,2018-01-20,148080,EUR
IMP-08774,Thomas,Kim,imp.08774@acme-corp.com,Finance,Analyst,L1,PL,2018-12-19,172346,PLN
IMP-08775,Ji-young,Jackson,imp.08775@acme-corp.com,Design,Designer,L5,PL,2016-12-20,85205,PLN
IMP-08776,Susan,Gupta,imp.08776@acme-corp.com,Operations,Manager,L6,US,2017-10-09,67564,USD
IMP-08777,Mei,Johnson,imp.08777@acme-corp.com,Sales,Analyst,L2,NL,2015-10-12,115233,EUR
IMP-08778,Mary,Simon,imp.08778@acme-corp.com,Sales,Analyst,L2,IE,2023-03-28,84244,EUR
IMP-08779,Mei,Richter,imp.08779@acme-corp.com,Finance,Analyst,L3,PL,2018-01-04,168914,PLN
IMP-08780,Sakura,Miller,imp.08780@acme-corp.com,Engineering,Engineer,L2,SE,2017-02-18,528935,SEK
IMP-08781,Isabel,Pillai,imp.08781@acme-corp.com,Sales,Analyst,L2,TW,2022-01-10,3347520,TWD
IMP-08782,Min,Thomas,imp.08782@acme-corp.com,Sales,Analyst,L3,KR,2022-09-02,97732178,KRW
IMP-08783,Robert,Kumar,imp.08783@acme-corp.com,Engineering,Engineer,L5,DE,2021-12-05,119749,EUR
IMP-08784,Elizabeth,Miller,imp.08784@acme-corp.com,Sales,Analyst,L1,JP,2023-09-24,12248666,JPY
IMP-08785,Charles,Jackson,imp.08785@acme-corp.com,Sales,Analyst,L3,TW,2021-06-29,3386691,TWD
IMP-08786,Jennifer,Hoffmann,imp.08786@acme-corp.com,Design,Designer,L5,CH,2017-01-17,139225,CHF
IMP-08787,Nancy,Kang,imp.08787@acme-corp.com,Finance,Analyst,L3,HK,2016-12-23,853068,HKD
IMP-08788,Liu,Schulz,imp.08788@acme-corp.com,Operations,Manager,L1,CH,2019-03-13,138661,CHF
IMP-08789,Hassan,Xu,imp.08789@acme-corp.com,HR,Manager,L6,ES,2015-09-08,69011,EUR
IMP-08790,Fatima,White,imp.08790@acme-corp.com,Engineering,Engineer,L2,SG,2016-05-08,196931,SGD
IMP-08791,Elizabeth,Laurent,imp.08791@acme-corp.com,Finance,Analyst,L1,SE,2023-04-16,535209,SEK
IMP-08792,Rahul,Martin,imp.08792@acme-corp.com,Engineering,Engineer,L2,GB,2022-09-13,121395,GBP
IMP-08793,William,Simon,imp.08793@acme-corp.com,Operations,Manager,L1,AE,2019-09-22,125667,AED
IMP-08794,Aisha,Hernandez,imp.08794@acme-corp.com,Operations,Manager,L5,PL,2023-11-17,84133,PLN
IMP-08795,William,Davis,imp.08795@acme-corp.com,Operations,Manager,L4,GB,2016-07-06,55777,GBP
IMP-08796,Arjun,Bernard,imp.08796@acme-corp.com,Engineering,Engineer,L4,SG,2016-06-16,132584,SGD
IMP-08797,Yusuf,Davis,imp.08797@acme-corp.com,Operations,Manager,L6,FR,2024-02-01,86194,EUR
IMP-08798,Priya,White,imp.08798@acme-corp.com,Finance,Analyst,L1,AU,2021-09-16,114939,AUD
IMP-08799,Sarah,Roux,imp.08799@acme-corp.com,Engineering,Engineer,L1,SE,2017-09-16,473153,SEK
IMP-08800,William,Yoon,imp.08800@acme-corp.com,HR,Manager,L4,MX,2015-08-23,309457,MXN
IMP-08801,Wei,Garcia,imp.08801@acme-corp.com,Finance,Analyst,L4,US,2024-02-04,151884,USD
IMP-08802,Luis,Martinez,imp.08802@acme-corp.com,Sales,Analyst,L2,US,2023-04-24,79598,USD
IMP-08803,Mary,Lee,imp.08803@acme-corp.com,Engineering,Engineer,L1,HK,2016-03-20,1083493,HKD
IMP-08804,Michael,Wang,imp.08804@acme-corp.com,Design,Designer,L6,SG,2015-09-11,71328,SGD
IMP-08805,Kenji,Jung,imp.08805@acme-corp.com,Engineering,Engineer,L3,JP,2017-05-22,14012665,JPY
IMP-08806,Elizabeth,Garcia,imp.08806@acme-corp.com,HR,Manager,L2,HK,2017-04-21,970228,HKD
IMP-08807,Rosa,Müller,imp.08807@acme-corp.com,Operations,Manager,L6,CH,2016-08-02,192493,CHF
IMP-08808,Ji-young,Johnson,imp.08808@acme-corp.com,HR,Manager,L4,IE,2023-03-15,75104,EUR
IMP-08809,Akiko,Lee,imp.08809@acme-corp.com,HR,Manager,L5,US,2017-12-27,124153,USD
IMP-08810,James,Kang,imp.08810@acme-corp.com,Sales,Analyst,L1,CA,2022-10-20,150212,CAD
IMP-08811,Barbara,Fischer,imp.08811@acme-corp.com,Engineering,Engineer,L2,SG,2015-08-02,178057,SGD
IMP-08812,Linda,Wang,imp.08812@acme-corp.com,Sales,Analyst,L4,PL,2021-02-10,112973,PLN
IMP-08813,Joseph,Yang,imp.08813@acme-corp.com,Engineering,Engineer,L5,DK,2024-01-12,914844,DKK
IMP-08814,Patricia,Patel,imp.08814@acme-corp.com,Engineering,Engineer,L2,US,2018-07-29,169568,USD
IMP-08815,Elizabeth,Hoffmann,imp.08815@acme-corp.com,Sales,Analyst,L3,AU,2016-12-24,185646,AUD
IMP-08816,Karen,Pillai,imp.08816@acme-corp.com,Sales,Analyst,L4,PL,2015-04-13,149094,PLN
IMP-08817,Mary,Simon,imp.08817@acme-corp.com,Sales,Analyst,L5,US,2016-11-14,114526,USD
IMP-08818,William,Wu,imp.08818@acme-corp.com,Sales,Analyst,L6,ZA,2018-06-19,1342710,ZAR
IMP-08819,Rahul,Hernandez,imp.08819@acme-corp.com,Engineering,Engineer,L4,SE,2022-11-09,498863,SEK
IMP-08820,Rosa,Reddy,imp.08820@acme-corp.com,Sales,Analyst,L4,DK,2020-10-10,656381,DKK
IMP-08821,Thomas,Choi,imp.08821@acme-corp.com,HR,Manager,L4,MX,2022-02-08,1004887,MXN
IMP-08822,Mei,Anderson,imp.08822@acme-corp.com,Engineering,Engineer,L2,US,2016-01-07,185101,USD
IMP-08823,Ibrahim,Zhou,imp.08823@acme-corp.com,Finance,Analyst,L4,CH,2021-08-30,148674,CHF
IMP-08824,Sakura,Müller,imp.08824@acme-corp.com,Finance,Analyst,L4,AE,2019-10-06,323780,AED
IMP-08825,Jennifer,Yang,imp.08825@acme-corp.com,Sales,Analyst,L6,SE,2023-04-07,661519,SEK
IMP-08826,Thomas,Patel,imp.08826@acme-corp.com,HR,Manager,L5,KR,2024-08-29,118499232,KRW
IMP-08827,Sung-min,David,imp.08827@acme-corp.com,Design,Designer,L1,DE,2023-03-09,79183,EUR
IMP-08828,Kenji,Yang,imp.08828@acme-corp.com,Engineering,Engineer,L2,DK,2017-08-14,1147007,DKK
IMP-08829,Patricia,Michel,imp.08829@acme-corp.com,Engineering,Engineer,L6,US,2020-11-30,208975,USD
IMP-08830,Wei,Dupont,imp.08830@acme-corp.com,HR,Manager,L4,IE,2022-09-29,123860,EUR
IMP-08831,Yuki,Martin,imp.08831@acme-corp.com,Design,Designer,L2,NO,2017-02-07,891904,NOK
IMP-08832,Jessica,Mehta,imp.08832@acme-corp.com,HR,Manager,L4,JP,2022-06-29,9510275,JPY
IMP-08833,Rahul,Li,imp.08833@acme-corp.com,Sales,Analyst,L5,PL,2016-11-21,207784,PLN
IMP-08834,Arjun,Thomas,imp.08834@acme-corp.com,Sales,Analyst,L1,DE,2021-04-16,54328,EUR
IMP-08835,Pedro,Wang,imp.08835@acme-corp.com,Engineering,Engineer,L1,NL,2017-04-24,58154,EUR
IMP-08836,Ji-young,White,imp.08836@acme-corp.com,Engineering,Engineer,L1,TW,2024-07-17,2749897,TWD
IMP-08837,Joseph,Miller,imp.08837@acme-corp.com,Engineering,Engineer,L1,AU,2016-03-26,138501,AUD
IMP-08838,Luis,Davis,imp.08838@acme-corp.com,Sales,Analyst,L5,FR,2020-02-06,105624,EUR
IMP-08839,Liu,Martin,imp.08839@acme-corp.com,Operations,Manager,L2,JP,2016-09-05,12636932,JPY
IMP-08840,Wei,Miller,imp.08840@acme-corp.com,Engineering,Engineer,L2,AU,2016-03-09,121338,AUD
IMP-08841,Rahul,Yang,imp.08841@acme-corp.com,Operations,Manager,L6,SE,2015-05-27,1009043,SEK
IMP-08842,Patricia,Yoon,imp.08842@acme-corp.com,Finance,Analyst,L1,AU,2020-10-29,109565,AUD
IMP-08843,Layla,Reddy,imp.08843@acme-corp.com,Sales,Analyst,L6,KR,2024-09-18,105079243,KRW
IMP-08844,Arjun,Kang,imp.08844@acme-corp.com,Finance,Analyst,L6,NL,2021-10-06,74369,EUR
IMP-08845,Susan,Zhang,imp.08845@acme-corp.com,HR,Manager,L5,IN,2018-02-03,1856357,INR
IMP-08846,Chen,Thompson,imp.08846@acme-corp.com,Engineering,Engineer,L4,GB,2022-05-22,101250,GBP
IMP-08847,Ana,Yoon,imp.08847@acme-corp.com,Engineering,Engineer,L3,SE,2019-05-22,573137,SEK
IMP-08848,Karen,Simon,imp.08848@acme-corp.com,Operations,Manager,L6,CA,2017-08-25,72079,CAD
IMP-08849,Joseph,Zhang,imp.08849@acme-corp.com,HR,Manager,L2,GB,2023-06-08,81956,GBP
IMP-08850,Jessica,Wilson,imp.08850@acme-corp.com,Operations,Manager,L6,MX,2016-10-15,811328,MXN
IMP-08851,Isabel,Huang,imp.08851@acme-corp.com,Engineering,Engineer,L1,KR,2022-12-26,90416041,KRW
IMP-08852,Carlos,Lee,imp.08852@acme-corp.com,Engineering,Engineer,L2,CA,2023-07-18,133411,CAD
IMP-08853,Zhang,Yang,imp.08853@acme-corp.com,HR,Manager,L6,GB,2023-12-15,62075,GBP
IMP-08854,Kenji,Sharma,imp.08854@acme-corp.com,HR,Manager,L6,US,2019-10-29,107168,USD
IMP-08855,Layla,Schmidt,imp.08855@acme-corp.com,Design,Designer,L3,SG,2015-01-06,75947,SGD
IMP-08856,Ibrahim,Pillai,imp.08856@acme-corp.com,Finance,Analyst,L1,AE,2016-09-16,384859,AED
IMP-08857,Ibrahim,Anderson,imp.08857@acme-corp.com,Engineering,Engineer,L5,TW,2016-03-15,2601508,TWD
IMP-08858,Zhang,Joshi,imp.08858@acme-corp.com,Engineering,Engineer,L4,FR,2020-01-29,130967,EUR
IMP-08859,Priya,Moore,imp.08859@acme-corp.com,Engineering,Engineer,L3,NL,2024-01-26,98133,EUR
IMP-08860,Barbara,Song,imp.08860@acme-corp.com,Finance,Analyst,L2,IN,2017-06-07,4401862,INR
IMP-08861,Charles,Jung,imp.08861@acme-corp.com,HR,Manager,L2,US,2022-10-24,191782,USD
IMP-08862,William,Becker,imp.08862@acme-corp.com,Sales,Analyst,L5,IE,2015-12-08,97617,EUR
IMP-08863,Rahul,Taylor,imp.08863@acme-corp.com,Engineering,Engineer,L1,SG,2022-01-19,178601,SGD
IMP-08864,Patricia,Moore,imp.08864@acme-corp.com,Engineering,Engineer,L1,US,2015-07-18,102697,USD
IMP-08865,Carlos,Miller,imp.08865@acme-corp.com,Engineering,Engineer,L3,NL,2021-12-28,107401,EUR
IMP-08866,Richard,Xu,imp.08866@acme-corp.com,Engineering,Engineer,L5,DE,2020-03-23,102593,EUR
IMP-08867,Nancy,Yang,imp.08867@acme-corp.com,Engineering,Engineer,L3,ES,2023-06-26,127321,EUR
IMP-08868,Jessica,Schulz,imp.08868@acme-corp.com,Finance,Analyst,L1,NL,2023-11-22,61063,EUR
IMP-08869,Rosa,Miller,imp.08869@acme-corp.com,HR,Manager,L6,HK,2022-12-17,512818,HKD
IMP-08870,Charles,Schmidt,imp.08870@acme-corp.com,Engineering,Engineer,L5,HK,2017-04-01,1093676,HKD
IMP-08871,Yusuf,Roux,imp.08871@acme-corp.com,Operations,Manager,L6,MX,2019-04-04,665081,MXN
IMP-08872,Hiroshi,Zhou,imp.08872@acme-corp.com,Engineering,Engineer,L4,CA,2024-01-03,163713,CAD
IMP-08873,Sakura,Simon,imp.08873@acme-corp.com,Finance,Analyst,L6,IN,2017-08-01,3945550,INR
IMP-08874,Thomas,Nair,imp.08874@acme-corp.com,Finance,Analyst,L1,AE,2020-01-21,387515,AED
IMP-08875,Luis,Richter,imp.08875@acme-corp.com,Engineering,Engineer,L2,GB,2018-02-11,81250,GBP
IMP-08876,Ahmed,Moreau,imp.08876@acme-corp.com,Sales,Analyst,L4,DK,2019-07-20,933318,DKK
IMP-08877,David,Nair,imp.08877@acme-corp.com,Engineering,Engineer,L2,CA,2020-05-17,93903,CAD
IMP-08878,David,Taylor,imp.08878@acme-corp.com,Engineering,Engineer,L5,US,2016-01-01,86456,USD
IMP-08879,Jae-won,Dupont,imp.08879@acme-corp.com,Finance,Analyst,L4,HK,2016-06-20,502773,HKD
IMP-08880,Isabel,Roux,imp.08880@acme-corp.com,Engineering,Engineer,L6,US,2017-03-02,190799,USD
IMP-08881,Kenji,Braun,imp.08881@acme-corp.com,Engineering,Engineer,L1,GB,2020-09-26,136975,GBP
IMP-08882,Rosa,Jackson,imp.08882@acme-corp.com,Engineering,Engineer,L4,DE,2019-05-22,84896,EUR
IMP-08883,Yuki,Song,imp.08883@acme-corp.com,Finance,Analyst,L5,GB,2020-12-22,128116,GBP
IMP-08884,Yusuf,Jung,imp.08884@acme-corp.com,HR,Manager,L4,KR,2017-07-09,41478450,KRW
IMP-08885,Charles,Kang,imp.08885@acme-corp.com,Operations,Manager,L4,DE,2018-07-09,110815,EUR
IMP-08886,Ananya,Wang,imp.08886@acme-corp.com,Finance,Analyst,L3,NL,2020-07-18,64536,EUR
IMP-08887,Rosa,Kumar,imp.08887@acme-corp.com,Sales,Analyst,L1,US,2023-09-23,95535,USD
IMP-08888,Omar,Gupta,imp.08888@acme-corp.com,HR,Manager,L2,NL,2023-06-01,144656,EUR
IMP-08889,Ibrahim,Miller,imp.08889@acme-corp.com,Engineering,Engineer,L3,US,2018-10-20,132593,USD
IMP-08890,Susan,Kim,imp.08890@acme-corp.com,Engineering,Engineer,L2,GB,2021-06-23,136341,GBP
IMP-08891,Maria,Smith,imp.08891@acme-corp.com,Operations,Manager,L1,US,2019-05-04,126063,USD
IMP-08892,Patricia,Martin,imp.08892@acme-corp.com,Finance,Analyst,L6,TW,2020-08-12,3223965,TWD
IMP-08893,Pedro,Moreau,imp.08893@acme-corp.com,Engineering,Engineer,L4,CH,2022-03-16,190147,CHF
IMP-08894,Yusuf,Mehta,imp.08894@acme-corp.com,Engineering,Engineer,L1,US,2015-06-25,194502,USD
IMP-08895,Wei,White,imp.08895@acme-corp.com,Engineering,Engineer,L3,IE,2020-01-09,134742,EUR
IMP-08896,Sarah,Zhou,imp.08896@acme-corp.com,Engineering,Engineer,L1,MX,2024-09-09,701285,MXN
IMP-08897,Hassan,Davis,imp.08897@acme-corp.com,Engineering,Engineer,L6,CA,2022-02-08,165118,CAD
IMP-08898,Nancy,Choi,imp.08898@acme-corp.com,Engineering,Engineer,L3,MX,2023-03-06,448859,MXN
IMP-08899,Ananya,Patel,imp.08899@acme-corp.com,Engineering,Engineer,L5,SE,2018-10-23,790306,SEK
IMP-08900,James,Thompson,imp.08900@acme-corp.com,Sales,Analyst,L5,CH,2016-10-07,100792,CHF
IMP-08901,David,Richter,imp.08901@acme-corp.com,HR,Manager,L1,ES,2019-10-07,55320,EUR
IMP-08902,Fatima,Patel,imp.08902@acme-corp.com,Engineering,Engineer,L1,ES,2015-01-04,68965,EUR
IMP-08903,Sarah,Liu,imp.08903@acme-corp.com,Engineering,Engineer,L3,IN,2016-04-03,2740021,INR
IMP-08904,Patricia,Weber,imp.08904@acme-corp.com,Engineering,Engineer,L3,JP,2017-07-30,12727247,JPY
IMP-08905,Ana,Jackson,imp.08905@acme-corp.com,Finance,Analyst,L6,AU,2019-04-30,83679,AUD
IMP-08906,Hassan,Schulz,imp.08906@acme-corp.com,Engineering,Engineer,L1,IE,2024-03-23,70159,EUR
IMP-08907,Charles,Weber,imp.08907@acme-corp.com,Operations,Manager,L6,NO,2023-08-30,738007,NOK
IMP-08908,Isabel,Laurent,imp.08908@acme-corp.com,Engineering,Engineer,L4,US,2018-03-14,113180,USD
IMP-08909,Hiroshi,Martin,imp.08909@acme-corp.com,Sales,Analyst,L3,HK,2015-10-09,651305,HKD
IMP-08910,Hiroshi,Braun,imp.08910@acme-corp.com,Operations,Manager,L1,JP,2021-01-19,17924949,JPY
IMP-08911,Chen,Martinez,imp.08911@acme-corp.com,Engineering,Engineer,L5,JP,2015-11-24,10501434,JPY
IMP-08912,Yuki,Gupta,imp.08912@acme-corp.com,HR,Manager,L1,DE,2017-12-24,76178,EUR
IMP-08913,Liu,Lim,imp.08913@acme-corp.com,Engineering,Engineer,L3,US,2015-01-27,201728,USD
IMP-08914,Francisco,Garcia,imp.08914@acme-corp.com,Operations,Manager,L5,US,2020-05-05,174851,USD
IMP-08915,David,Zhou,imp.08915@acme-corp.com,Sales,Analyst,L5,GB,2019-01-21,119362,GBP
IMP-08916,Priya,Fischer,imp.08916@acme-corp.com,Finance,Analyst,L2,AU,2017-04-28,117613,AUD
IMP-08917,Mei,Thomas,imp.08917@acme-corp.com,Engineering,Engineer,L2,US,2023-12-02,92805,USD
IMP-08918,Sarah,Song,imp.08918@acme-corp.com,Engineering,Engineer,L5,IN,2019-05-01,3339767,INR
IMP-08919,Jose,David,imp.08919@acme-corp.com,Finance,Analyst,L2,US,2015-10-17,120511,USD
IMP-08920,Takeshi,Patel,imp.08920@acme-corp.com,Sales,Analyst,L5,US,2015-06-26,64323,USD
IMP-08921,Ananya,Miller,imp.08921@acme-corp.com,Sales,Analyst,L2,DE,2015-09-02,105857,EUR
IMP-08922,Joseph,Jung,imp.08922@acme-corp.com,Engineering,Engineer,L4,DE,2023-01-30,104981,EUR
IMP-08923,Nancy,Jackson,imp.08923@acme-corp.com,Operations,Manager,L1,US,2015-10-01,191136,USD
IMP-08924,Sarah,Michel,imp.08924@acme-corp.com,Sales,Analyst,L3,US,2023-05-13,163311,USD
IMP-08925,Patricia,Jung,imp.08925@acme-corp.com,HR,Manager,L6,MX,2020-06-27,636522,MXN
IMP-08926,Layla,Müller,imp.08926@acme-corp.com,Engineering,Engineer,L2,US,2015-05-09,160885,USD
IMP-08927,Rahul,Michel,imp.08927@acme-corp.com,Engineering,Engineer,L6,US,2016-08-13,135890,USD
IMP-08928,Hassan,Miller,imp.08928@acme-corp.com,Sales,Analyst,L3,NL,2022-06-12,61733,EUR
IMP-08929,Pedro,Yoon,imp.08929@acme-corp.com,Operations,Manager,L2,CA,2017-11-14,97769,CAD
IMP-08930,Karen,Zhou,imp.08930@acme-corp.com,Engineering,Engineer,L4,ZA,2018-05-07,798198,ZAR
IMP-08931,Fatima,Chen,imp.08931@acme-corp.com,Sales,Analyst,L3,KR,2016-06-04,63525870,KRW
IMP-08932,Fatima,Braun,imp.08932@acme-corp.com,Engineering,Engineer,L6,IN,2017-10-04,849820,INR
IMP-08933,Susan,Zhang,imp.08933@acme-corp.com,Sales,Analyst,L6,PL,2015-04-12,189607,PLN
IMP-08934,Rosa,Patel,imp.08934@acme-corp.com,Finance,Analyst,L2,GB,2018-08-19,56952,GBP
IMP-08935,Yuki,Schulz,imp.08935@acme-corp.com,Design,Designer,L5,CH,2018-10-04,133721,CHF
IMP-08936,Takeshi,Jones,imp.08936@acme-corp.com,Operations,Manager,L5,MX,2015-10-04,849645,MXN
IMP-08937,Charles,Braun,imp.08937@acme-corp.com,Engineering,Engineer,L6,DE,2017-01-20,68357,EUR
IMP-08938,Francisco,Pillai,imp.08938@acme-corp.com,Engineering,Engineer,L5,KR,2022-01-07,101312698,KRW
IMP-08939,Sarah,Davis,imp.08939@acme-corp.com,Engineering,Engineer,L2,DK,2022-07-17,432145,DKK
IMP-08940,Thomas,Martin,imp.08940@acme-corp.com,Engineering,Engineer,L6,US,2019-11-04,207775,USD
IMP-08941,Isabel,Müller,imp.08941@acme-corp.com,Operations,Manager,L5,GB,2022-07-12,66479,GBP
IMP-08942,Thomas,Patel,imp.08942@acme-corp.com,Engineering,Engineer,L1,GB,2017-09-10,118363,GBP
IMP-08943,Hassan,Williams,imp.08943@acme-corp.com,Engineering,Engineer,L1,HK,2019-06-28,824119,HKD
IMP-08944,Jessica,Braun,imp.08944@acme-corp.com,Design,Designer,L2,SE,2019-11-16,871191,SEK
IMP-08945,Chen,Anderson,imp.08945@acme-corp.com,Finance,Analyst,L3,DK,2015-07-14,545549,DKK
IMP-08946,Carlos,Jones,imp.08946@acme-corp.com,Sales,Analyst,L5,US,2024-12-27,175983,USD
IMP-08947,Mary,Garcia,imp.08947@acme-corp.com,Sales,Analyst,L1,ZA,2017-06-09,745531,ZAR
IMP-08948,Aisha,Singh,imp.08948@acme-corp.com,Engineering,Engineer,L6,GB,2021-09-28,146021,GBP
IMP-08949,James,Nair,imp.08949@acme-corp.com,Engineering,Engineer,L3,IE,2020-01-17,129804,EUR
IMP-08950,Ji-young,Garcia,imp.08950@acme-corp.com,Sales,Analyst,L2,JP,2020-07-25,5277678,JPY
IMP-08951,Ji-young,Li,imp.08951@acme-corp.com,Finance,Analyst,L3,MX,2016-11-06,1137116,MXN
IMP-08952,Carmen,Wu,imp.08952@acme-corp.com,Sales,Analyst,L4,TW,2021-08-15,3071206,TWD
IMP-08953,Richard,Jones,imp.08953@acme-corp.com,Engineering,Engineer,L5,US,2015-05-31,71926,USD
IMP-08954,Jae-won,Brown,imp.08954@acme-corp.com,Sales,Analyst,L2,AE,2020-06-12,326183,AED
IMP-08955,Thomas,Garcia,imp.08955@acme-corp.com,Engineering,Engineer,L5,MX,2018-03-14,1073439,MXN
IMP-08956,William,Choi,imp.08956@acme-corp.com,Engineering,Engineer,L2,US,2017-04-02,75904,USD
IMP-08957,Rahul,Müller,imp.08957@acme-corp.com,Sales,Analyst,L6,CH,2017-11-23,158940,CHF
IMP-08958,Mary,Bernard,imp.08958@acme-corp.com,Sales,Analyst,L4,US,2015-11-15,145639,USD
IMP-08959,Pedro,Singh,imp.08959@acme-corp.com,Finance,Analyst,L3,FR,2018-08-09,68487,EUR
IMP-08960,Jessica,Mehta,imp.08960@acme-corp.com,Finance,Analyst,L6,IE,2023-01-17,132762,EUR
IMP-08961,Robert,Michel,imp.08961@acme-corp.com,Engineering,Engineer,L3,IN,2023-11-21,1134237,INR
IMP-08962,Mei,Lee,imp.08962@acme-corp.com,Operations,Manager,L6,IE,2020-01-23,75972,EUR
IMP-08963,Elizabeth,Garcia,imp.08963@acme-corp.com,Engineering,Engineer,L2,AU,2015-04-24,188993,AUD
IMP-08964,Richard,Braun,imp.08964@acme-corp.com,Finance,Analyst,L5,AE,2019-07-12,277893,AED
IMP-08965,Richard,Martin,imp.08965@acme-corp.com,Design,Designer,L2,IE,2016-08-12,149507,EUR
IMP-08966,Mei,Thompson,imp.08966@acme-corp.com,HR,Manager,L3,SG,2022-04-24,160803,SGD
IMP-08967,Omar,Lim,imp.08967@acme-corp.com,Finance,Analyst,L3,FR,2015-08-10,89506,EUR
IMP-08968,Omar,Braun,imp.08968@acme-corp.com,Finance,Analyst,L2,CA,2020-01-09,144732,CAD
IMP-08969,Kenji,Martin,imp.08969@acme-corp.com,Engineering,Engineer,L2,SE,2018-11-14,732019,SEK
IMP-08970,Ji-young,Singh,imp.08970@acme-corp.com,Engineering,Engineer,L4,US,2015-02-21,78698,USD
IMP-08971,Robert,Martin,imp.08971@acme-corp.com,Engineering,Engineer,L6,TW,2022-11-14,3483232,TWD
IMP-08972,Sarah,Dupont,imp.08972@acme-corp.com,HR,Manager,L1,ZA,2020-04-08,789326,ZAR
IMP-08973,Carmen,Xu,imp.08973@acme-corp.com,Sales,Analyst,L3,AU,2017-10-28,84353,AUD
IMP-08974,Zara,Richter,imp.08974@acme-corp.com,HR,Manager,L5,AE,2017-01-11,383362,AED
IMP-08975,Carlos,Zhang,imp.08975@acme-corp.com,Design,Designer,L3,AU,2019-03-18,126716,AUD
IMP-08976,Jessica,Moore,imp.08976@acme-corp.com,HR,Manager,L4,GB,2023-06-17,110052,GBP
IMP-08977,David,Moreau,imp.08977@acme-corp.com,HR,Manager,L6,NO,2023-02-09,803922,NOK
IMP-08978,Mei,Thompson,imp.08978@acme-corp.com,Operations,Manager,L1,KR,2017-06-21,56622631,KRW
IMP-08979,Joseph,Thompson,imp.08979@acme-corp.com,HR,Manager,L5,IE,2024-06-28,99238,EUR
IMP-08980,Carmen,Bernard,imp.08980@acme-corp.com,Finance,Analyst,L1,MX,2017-04-06,1084149,MXN
IMP-08981,James,Zhang,imp.08981@acme-corp.com,Engineering,Engineer,L5,AU,2020-01-12,159438,AUD
IMP-08982,Ji-young,Braun,imp.08982@acme-corp.com,HR,Manager,L6,SG,2015-11-22,191279,SGD
IMP-08983,Elizabeth,Kumar,imp.08983@acme-corp.com,Sales,Analyst,L3,TW,2017-11-29,1281642,TWD
IMP-08984,Ji-young,Moreau,imp.08984@acme-corp.com,Sales,Analyst,L4,ZA,2023-09-16,695355,ZAR
IMP-08985,Robert,Richter,imp.08985@acme-corp.com,Finance,Analyst,L6,DK,2018-07-10,766252,DKK
IMP-08986,Akiko,Hoffmann,imp.08986@acme-corp.com,HR,Manager,L1,ES,2018-12-24,103003,EUR
IMP-08987,Yuki,Klein,imp.08987@acme-corp.com,Engineering,Engineer,L3,FR,2018-09-09,79531,EUR
IMP-08988,Luis,Roux,imp.08988@acme-corp.com,Engineering,Engineer,L1,AE,2020-04-18,521272,AED
IMP-08989,William,Müller,imp.08989@acme-corp.com,Finance,Analyst,L2,KR,2020-11-11,52237829,KRW
IMP-08990,David,Li,imp.08990@acme-corp.com,Operations,Manager,L1,NO,2019-08-21,1132252,NOK
IMP-08991,Rahul,Zhou,imp.08991@acme-corp.com,Engineering,Engineer,L5,PL,2021-11-08,217738,PLN
IMP-08992,Karen,Gupta,imp.08992@acme-corp.com,Design,Designer,L4,ES,2022-02-28,112675,EUR
IMP-08993,Omar,Zhou,imp.08993@acme-corp.com,Engineering,Engineer,L1,NL,2019-10-29,126003,EUR
IMP-08994,Akiko,Anderson,imp.08994@acme-corp.com,Operations,Manager,L5,AU,2022-06-05,139900,AUD
IMP-08995,Wei,Garcia,imp.08995@acme-corp.com,Operations,Manager,L3,PL,2022-08-21,199020,PLN
IMP-08996,Priya,Han,imp.08996@acme-corp.com,Operations,Manager,L1,PL,2016-07-30,243474,PLN
IMP-08997,Priya,Smith,imp.08997@acme-corp.com,HR,Manager,L4,US,2023-10-20,209008,USD
IMP-08998,Elizabeth,Martinez,imp.08998@acme-corp.com,Finance,Analyst,L2,DK,2024-09-23,467855,DKK
IMP-08999,Maria,Liu,imp.08999@acme-corp.com,Sales,Analyst,L3,GB,2023-07-05,146256,GBP
IMP-09000,Jessica,Jackson,imp.09000@acme-corp.com,HR,Manager,L6,NL,2022-06-13,120252,EUR
IMP-09001,Karen,Chen,imp.09001@acme-corp.com,Engineering,Engineer,L2,US,2024-04-19,177460,USD
IMP-09002,Richard,Patel,imp.09002@acme-corp.com,Sales,Analyst,L3,MX,2019-12-23,320583,MXN
IMP-09003,Sarah,Kim,imp.09003@acme-corp.com,Engineering,Engineer,L5,CA,2020-07-18,111147,CAD
IMP-09004,David,Song,imp.09004@acme-corp.com,Engineering,Engineer,L3,GB,2020-02-24,116294,GBP
IMP-09005,Ana,Reddy,imp.09005@acme-corp.com,Engineering,Engineer,L6,SE,2020-01-17,730124,SEK
IMP-09006,Nancy,Choi,imp.09006@acme-corp.com,Sales,Analyst,L4,ES,2020-07-24,63305,EUR
IMP-09007,Aisha,Patel,imp.09007@acme-corp.com,Engineering,Engineer,L2,ES,2023-11-27,113444,EUR
IMP-09008,Min,Wilson,imp.09008@acme-corp.com,Operations,Manager,L6,ES,2022-11-04,133790,EUR
IMP-09009,Mei,Zhou,imp.09009@acme-corp.com,HR,Manager,L5,NL,2023-03-28,54501,EUR
IMP-09010,Karen,Patel,imp.09010@acme-corp.com,Engineering,Engineer,L1,FR,2024-12-05,54861,EUR
IMP-09011,Isabel,Jackson,imp.09011@acme-corp.com,Finance,Analyst,L6,US,2022-10-11,117323,USD
IMP-09012,Ibrahim,Mehta,imp.09012@acme-corp.com,HR,Manager,L6,TW,2024-09-23,966905,TWD
IMP-09013,Takeshi,Chen,imp.09013@acme-corp.com,Sales,Analyst,L2,JP,2023-09-16,10030143,JPY
IMP-09014,David,Yang,imp.09014@acme-corp.com,HR,Manager,L3,US,2017-02-23,89268,USD
IMP-09015,Carmen,Jung,imp.09015@acme-corp.com,Sales,Analyst,L3,KR,2020-12-05,110210808,KRW
IMP-09016,Sarah,Zhang,imp.09016@acme-corp.com,HR,Manager,L3,TW,2015-03-09,3158405,TWD
IMP-09017,Robert,Braun,imp.09017@acme-corp.com,HR,Manager,L2,US,2021-09-21,178042,USD
IMP-09018,Nancy,Fischer,imp.09018@acme-corp.com,Operations,Manager,L5,NO,2018-02-09,575748,NOK
IMP-09019,Mei,Schulz,imp.09019@acme-corp.com,Design,Designer,L5,US,2020-10-10,156831,USD
IMP-09020,Hassan,Weber,imp.09020@acme-corp.com,Sales,Analyst,L6,SG,2016-09-03,116491,SGD
IMP-09021,James,Reddy,imp.09021@acme-corp.com,Sales,Analyst,L6,US,2018-03-06,183400,USD
IMP-09022,David,Schmidt,imp.09022@acme-corp.com,Operations,Manager,L1,DK,2024-05-23,1000422,DKK
IMP-09023,Chen,Sharma,imp.09023@acme-corp.com,HR,Manager,L4,US,2016-06-27,178714,USD
IMP-09024,Michael,Klein,imp.09024@acme-corp.com,Engineering,Engineer,L6,SG,2015-05-01,183592,SGD
IMP-09025,Elizabeth,Thompson,imp.09025@acme-corp.com,Engineering,Engineer,L2,US,2021-12-15,62529,USD
IMP-09026,Yuna,Singh,imp.09026@acme-corp.com,Engineering,Engineer,L3,GB,2019-04-18,143098,GBP
IMP-09027,Michael,Xu,imp.09027@acme-corp.com,Finance,Analyst,L3,AU,2016-07-22,136094,AUD
IMP-09028,Hassan,Martin,imp.09028@acme-corp.com,Sales,Analyst,L6,IN,2016-01-09,1196444,INR
IMP-09029,Fatima,Joshi,imp.09029@acme-corp.com,Engineering,Engineer,L1,PL,2015-05-15,190980,PLN
IMP-09030,William,Williams,imp.09030@acme-corp.com,Sales,Analyst,L3,US,2018-10-07,114260,USD
IMP-09031,Ana,Joshi,imp.09031@acme-corp.com,Operations,Manager,L3,US,2022-05-19,95334,USD
IMP-09032,Michael,Kang,imp.09032@acme-corp.com,HR,Manager,L6,JP,2019-03-15,6261597,JPY
IMP-09033,Sarah,Johnson,imp.09033@acme-corp.com,Sales,Analyst,L5,NO,2019-06-24,673346,NOK
IMP-09034,Layla,Song,imp.09034@acme-corp.com,Engineering,Engineer,L3,US,2020-01-11,69057,USD
IMP-09035,Zara,Jackson,imp.09035@acme-corp.com,Engineering,Engineer,L2,IE,2016-06-29,132572,EUR
IMP-09036,Sakura,Hoffmann,imp.09036@acme-corp.com,HR,Manager,L2,ES,2023-01-16,127983,EUR
IMP-09037,Robert,Laurent,imp.09037@acme-corp.com,Sales,Analyst,L5,CH,2016-04-09,111592,CHF
IMP-09038,Joseph,Lim,imp.09038@acme-corp.com,Engineering,Engineer,L6,HK,2015-08-31,752955,HKD
IMP-09039,Jennifer,Becker,imp.09039@acme-corp.com,Operations,Manager,L3,SE,2022-03-12,955718,SEK
IMP-09040,Omar,Wang,imp.09040@acme-corp.com,Engineering,Engineer,L5,CH,2017-03-18,107697,CHF
IMP-09041,Pedro,Zhang,imp.09041@acme-corp.com,Operations,Manager,L4,ES,2019-03-06,56828,EUR
IMP-09042,Yuki,Johnson,imp.09042@acme-corp.com,Engineering,Engineer,L6,HK,2019-12-20,841936,HKD
IMP-09043,Mary,Braun,imp.09043@acme-corp.com,Engineering,Engineer,L5,GB,2024-10-23,130393,GBP
IMP-09044,David,Bernard,imp.09044@acme-corp.com,Engineering,Engineer,L4,ES,2016-03-10,117318,EUR
IMP-09045,Hiroshi,Brown,imp.09045@acme-corp.com,Sales,Analyst,L5,SE,2024-02-09,687968,SEK
IMP-09046,Jose,Braun,imp.09046@acme-corp.com,Sales,Analyst,L3,US,2024-04-06,141195,USD
IMP-09047,Yuki,David,imp.09047@acme-corp.com,Engineering,Engineer,L2,ZA,2015-07-02,1369449,ZAR
IMP-09048,Priya,Klein,imp.09048@acme-corp.com,HR,Manager,L6,CA,2024-11-16,158765,CAD
IMP-09049,Zhang,Reddy,imp.09049@acme-corp.com,Finance,Analyst,L2,US,2016-09-26,188452,USD
IMP-09050,Sarah,White,imp.09050@acme-corp.com,Engineering,Engineer,L4,DE,2018-11-23,85941,EUR
IMP-09051,Carlos,Mehta,imp.09051@acme-corp.com,Sales,Analyst,L6,PL,2017-05-06,173142,PLN
IMP-09052,Mei,Kang,imp.09052@acme-corp.com,Design,Designer,L2,SG,2024-12-21,196552,SGD
IMP-09053,Mei,Huang,imp.09053@acme-corp.com,Operations,Manager,L6,SE,2024-12-05,1036810,SEK
IMP-09054,Maria,Jones,imp.09054@acme-corp.com,Engineering,Engineer,L2,GB,2022-02-03,106472,GBP
IMP-09055,Hassan,Lim,imp.09055@acme-corp.com,Engineering,Engineer,L4,IE,2017-07-27,105532,EUR
IMP-09056,Carlos,Miller,imp.09056@acme-corp.com,Engineering,Engineer,L5,IE,2024-03-01,86813,EUR
IMP-09057,Maria,Davis,imp.09057@acme-corp.com,Sales,Analyst,L2,MX,2020-03-14,309588,MXN
IMP-09058,Susan,Chen,imp.09058@acme-corp.com,Engineering,Engineer,L2,IN,2015-01-07,3104670,INR
IMP-09059,Aisha,Davis,imp.09059@acme-corp.com,Sales,Analyst,L1,TW,2016-07-14,2600275,TWD
IMP-09060,Yuna,Johnson,imp.09060@acme-corp.com,Engineering,Engineer,L5,DE,2016-08-15,51489,EUR
IMP-09061,Rahul,Klein,imp.09061@acme-corp.com,HR,Manager,L6,DE,2018-06-03,75794,EUR
IMP-09062,Ji-young,Li,imp.09062@acme-corp.com,Operations,Manager,L3,NL,2019-07-18,140416,EUR
IMP-09063,Michael,Gupta,imp.09063@acme-corp.com,Sales,Analyst,L6,HK,2019-02-16,604787,HKD
IMP-09064,Patricia,Zhang,imp.09064@acme-corp.com,Engineering,Engineer,L1,CA,2015-06-18,92004,CAD
IMP-09065,Carlos,Xu,imp.09065@acme-corp.com,Engineering,Engineer,L5,GB,2015-12-10,126630,GBP
IMP-09066,Mei,Li,imp.09066@acme-corp.com,Design,Designer,L4,PL,2019-05-13,86631,PLN
IMP-09067,Fatima,Gupta,imp.09067@acme-corp.com,Engineering,Engineer,L5,GB,2020-01-28,95181,GBP
IMP-09068,Jose,Braun,imp.09068@acme-corp.com,Engineering,Engineer,L2,GB,2024-01-09,137636,GBP
IMP-09069,Richard,Simon,imp.09069@acme-corp.com,Operations,Manager,L2,GB,2022-02-25,142415,GBP
IMP-09070,Barbara,Laurent,imp.09070@acme-corp.com,Finance,Analyst,L2,US,2024-07-15,152191,USD
IMP-09071,Priya,Schmidt,imp.09071@acme-corp.com,Finance,Analyst,L2,KR,2015-08-30,85228265,KRW
IMP-09072,Fatima,Han,imp.09072@acme-corp.com,Engineering,Engineer,L3,AU,2018-08-29,168184,AUD
IMP-09073,Robert,Xu,imp.09073@acme-corp.com,Engineering,Engineer,L5,HK,2023-03-01,871891,HKD
IMP-09074,Takeshi,Joshi,imp.09074@acme-corp.com,Sales,Analyst,L6,AU,2020-10-28,96094,AUD
IMP-09075,Ji-young,Johnson,imp.09075@acme-corp.com,Sales,Analyst,L3,GB,2019-07-31,157568,GBP
IMP-09076,Priya,Simon,imp.09076@acme-corp.com,Engineering,Engineer,L5,CA,2020-06-10,80594,CAD
IMP-09077,Jennifer,Taylor,imp.09077@acme-corp.com,HR,Manager,L5,TW,2019-04-12,2184272,TWD
IMP-09078,Ahmed,Han,imp.09078@acme-corp.com,Operations,Manager,L1,ZA,2024-11-26,481365,ZAR
IMP-09079,Ji-young,Brown,imp.09079@acme-corp.com,Sales,Analyst,L5,CA,2024-03-22,158848,CAD
IMP-09080,David,Smith,imp.09080@acme-corp.com,Engineering,Engineer,L2,DK,2016-03-04,967996,DKK
IMP-09081,Zhang,Li,imp.09081@acme-corp.com,Engineering,Engineer,L5,GB,2021-09-21,81568,GBP
IMP-09082,Mei,Klein,imp.09082@acme-corp.com,HR,Manager,L4,AE,2018-08-10,547696,AED
IMP-09083,James,Thomas,imp.09083@acme-corp.com,Operations,Manager,L5,AU,2022-04-06,142402,AUD
IMP-09084,Mary,Han,imp.09084@acme-corp.com,Engineering,Engineer,L6,ES,2021-06-23,130490,EUR
IMP-09085,Zhang,Brown,imp.09085@acme-corp.com,Engineering,Engineer,L3,NL,2022-02-07,125877,EUR
IMP-09086,Linda,Bernard,imp.09086@acme-corp.com,Sales,Analyst,L4,GB,2019-04-07,99294,GBP
IMP-09087,Priya,Lee,imp.09087@acme-corp.com,Design,Designer,L5,DE,2020-07-31,64878,EUR
IMP-09088,Ibrahim,Davis,imp.09088@acme-corp.com,Engineering,Engineer,L1,IN,2016-10-12,2906048,INR
IMP-09089,Barbara,Zhang,imp.09089@acme-corp.com,Finance,Analyst,L6,US,2021-01-29,188078,USD
IMP-09090,Min,Jung,imp.09090@acme-corp.com,Sales,Analyst,L2,IN,2020-01-26,1893683,INR
IMP-09091,Zara,Chen,imp.09091@acme-corp.com,Sales,Analyst,L1,ES,2016-01-01,95211,EUR
IMP-09092,Yuki,Kang,imp.09092@acme-corp.com,Engineering,Engineer,L3,GB,2023-06-06,130767,GBP
IMP-09093,Jose,Taylor,imp.09093@acme-corp.com,Operations,Manager,L6,NO,2015-06-24,1046379,NOK
IMP-09094,David,Jackson,imp.09094@acme-corp.com,Sales,Analyst,L5,KR,2018-08-04,76434139,KRW
IMP-09095,Sakura,Braun,imp.09095@acme-corp.com,Sales,Analyst,L5,IN,2022-11-30,4018096,INR
IMP-09096,Rahul,Schmidt,imp.09096@acme-corp.com,Engineering,Engineer,L5,JP,2018-12-28,5651483,JPY
IMP-09097,Sakura,Schmidt,imp.09097@acme-corp.com,Engineering,Engineer,L4,FR,2022-12-03,83829,EUR
IMP-09098,Ibrahim,Johnson,imp.09098@acme-corp.com,Operations,Manager,L6,PL,2018-10-28,99699,PLN
IMP-09099,Zara,Kim,imp.09099@acme-corp.com,Operations,Manager,L3,TW,2020-07-14,1681090,TWD
IMP-09100,Charles,Moore,imp.09100@acme-corp.com,Engineering,Engineer,L1,DK,2015-08-25,483503,DKK
IMP-09101,Pedro,Kang,imp.09101@acme-corp.com,HR,Manager,L3,CH,2022-08-19,168318,CHF
IMP-09102,Aisha,Mehta,imp.09102@acme-corp.com,HR,Manager,L1,DE,2021-12-21,65176,EUR
IMP-09103,Patricia,Davis,imp.09103@acme-corp.com,Sales,Analyst,L4,FR,2015-05-09,105520,EUR
IMP-09104,Rahul,Zhang,imp.09104@acme-corp.com,Engineering,Engineer,L3,DK,2015-09-05,1193088,DKK
IMP-09105,Fatima,Xu,imp.09105@acme-corp.com,HR,Manager,L4,CA,2020-05-07,97529,CAD
IMP-09106,Susan,Braun,imp.09106@acme-corp.com,Sales,Analyst,L1,ZA,2015-11-05,1397091,ZAR
IMP-09107,Hiroshi,Smith,imp.09107@acme-corp.com,Finance,Analyst,L5,NL,2023-03-12,55641,EUR
IMP-09108,Pedro,Song,imp.09108@acme-corp.com,Sales,Analyst,L3,CH,2024-04-15,143449,CHF
IMP-09109,Jose,Garcia,imp.09109@acme-corp.com,Engineering,Engineer,L3,US,2015-10-05,163211,USD
IMP-09110,Isabel,Yang,imp.09110@acme-corp.com,Operations,Manager,L3,PL,2023-01-04,184833,PLN
IMP-09111,Min,Laurent,imp.09111@acme-corp.com,Operations,Manager,L3,HK,2023-02-03,974691,HKD
IMP-09112,Yusuf,Schulz,imp.09112@acme-corp.com,Engineering,Engineer,L1,CA,2022-05-04,158517,CAD
IMP-09113,Ananya,Lee,imp.09113@acme-corp.com,Engineering,Engineer,L1,DE,2017-06-17,59923,EUR
IMP-09114,Nancy,Wu,imp.09114@acme-corp.com,Sales,Analyst,L3,NL,2015-09-24,67147,EUR
IMP-09115,Ji-young,Johnson,imp.09115@acme-corp.com,Sales,Analyst,L3,DE,2021-06-12,89604,EUR
IMP-09116,Joseph,Moore,imp.09116@acme-corp.com,Finance,Analyst,L6,US,2016-04-06,159190,USD
IMP-09117,David,Brown,imp.09117@acme-corp.com,Operations,Manager,L5,CH,2021-05-20,181846,CHF
IMP-09118,Nancy,Kim,imp.09118@acme-corp.com,Design,Designer,L6,DE,2020-02-09,71844,EUR
IMP-09119,Thomas,Kim,imp.09119@acme-corp.com,Operations,Manager,L1,HK,2015-02-21,735195,HKD
IMP-09120,Mei,Richter,imp.09120@acme-corp.com,Engineering,Engineer,L5,DE,2018-10-18,103790,EUR
IMP-09121,Linda,David,imp.09121@acme-corp.com,Engineering,Engineer,L5,FR,2021-07-12,145392,EUR
IMP-09122,Sung-min,Lee,imp.09122@acme-corp.com,Operations,Manager,L1,GB,2024-03-19,149298,GBP
IMP-09123,Nancy,Yang,imp.09123@acme-corp.com,Engineering,Engineer,L5,MX,2019-10-14,374133,MXN
IMP-09124,Fatima,Simon,imp.09124@acme-corp.com,Sales,Analyst,L2,HK,2021-01-17,710862,HKD
IMP-09125,Jose,Dupont,imp.09125@acme-corp.com,Engineering,Engineer,L1,IN,2023-10-20,2813456,INR
IMP-09126,William,Martin,imp.09126@acme-corp.com,Design,Designer,L6,IN,2017-09-15,4452795,INR
IMP-09127,Fatima,Miller,imp.09127@acme-corp.com,Engineering,Engineer,L6,IN,2020-06-23,4321589,INR
IMP-09128,Susan,Reddy,imp.09128@acme-corp.com,HR,Manager,L4,IN,2015-02-07,1946340,INR
IMP-09129,Jennifer,Simon,imp.09129@acme-corp.com,Finance,Analyst,L1,HK,2023-12-22,1102413,HKD
IMP-09130,Rosa,Lee,imp.09130@acme-corp.com,Engineering,Engineer,L3,DE,2022-10-08,114615,EUR
IMP-09131,Luis,Jones,imp.09131@acme-corp.com,Engineering,Engineer,L5,US,2018-01-01,148446,USD
IMP-09132,Jessica,Anderson,imp.09132@acme-corp.com,Engineering,Engineer,L6,AE,2024-08-18,284924,AED
IMP-09133,Maria,Lee,imp.09133@acme-corp.com,Operations,Manager,L5,FR,2018-12-31,114979,EUR
IMP-09134,Jae-won,Jung,imp.09134@acme-corp.com,Operations,Manager,L2,CA,2015-08-05,139050,CAD
IMP-09135,Michael,Jones,imp.09135@acme-corp.com,Engineering,Engineer,L1,MX,2018-06-27,303515,MXN
IMP-09136,Karen,Hoffmann,imp.09136@acme-corp.com,Sales,Analyst,L5,US,2017-05-30,81640,USD
IMP-09137,Barbara,Kim,imp.09137@acme-corp.com,Sales,Analyst,L5,SE,2022-02-07,527159,SEK
IMP-09138,Layla,Weber,imp.09138@acme-corp.com,Finance,Analyst,L6,KR,2019-08-02,43100977,KRW
IMP-09139,Rosa,Joshi,imp.09139@acme-corp.com,Sales,Analyst,L5,IE,2017-05-13,141715,EUR
IMP-09140,Zhang,Kim,imp.09140@acme-corp.com,HR,Manager,L5,TW,2017-03-24,1376041,TWD
IMP-09141,Robert,Jones,imp.09141@acme-corp.com,HR,Manager,L2,PL,2020-03-16,63416,PLN
IMP-09142,Omar,Hernandez,imp.09142@acme-corp.com,Sales,Analyst,L3,CA,2023-05-11,164224,CAD
IMP-09143,Carlos,White,imp.09143@acme-corp.com,Sales,Analyst,L4,IE,2024-11-15,128355,EUR
IMP-09144,Priya,Klein,imp.09144@acme-corp.com,Operations,Manager,L2,KR,2021-10-19,63499388,KRW
IMP-09145,Susan,Miller,imp.09145@acme-corp.com,Finance,Analyst,L2,FR,2023-04-26,110995,EUR
IMP-09146,Rahul,Sharma,imp.09146@acme-corp.com,Design,Designer,L1,MX,2017-10-29,1041588,MXN
IMP-09147,Susan,Yang,imp.09147@acme-corp.com,Operations,Manager,L1,SG,2015-08-16,84784,SGD
IMP-09148,Kenji,Liu,imp.09148@acme-corp.com,Sales,Analyst,L3,IN,2016-03-28,3648959,INR
IMP-09149,Carlos,Bernard,imp.09149@acme-corp.com,Engineering,Engineer,L6,IE,2021-08-06,121195,EUR
IMP-09150,Rosa,Wilson,imp.09150@acme-corp.com,Sales,Analyst,L2,JP,2024-03-15,6607954,JPY
IMP-09151,Aisha,Schmidt,imp.09151@acme-corp.com,Engineering,Engineer,L6,US,2020-04-26,136735,USD
IMP-09152,Thomas,Jones,imp.09152@acme-corp.com,Operations,Manager,L1,CH,2023-05-14,137411,CHF
IMP-09153,Wei,Pillai,imp.09153@acme-corp.com,HR,Manager,L2,KR,2018-03-15,120058111,KRW
IMP-09154,Omar,Reddy,imp.09154@acme-corp.com,Sales,Analyst,L3,ES,2017-05-20,54882,EUR
IMP-09155,Carmen,Xu,imp.09155@acme-corp.com,Sales,Analyst,L6,US,2016-01-21,217769,USD
IMP-09156,Yuna,Mehta,imp.09156@acme-corp.com,Engineering,Engineer,L1,DE,2022-04-27,135224,EUR
IMP-09157,Pedro,Thompson,imp.09157@acme-corp.com,Engineering,Engineer,L6,DK,2023-05-02,595634,DKK
IMP-09158,Carlos,Mehta,imp.09158@acme-corp.com,Sales,Analyst,L6,AE,2018-01-19,545211,AED
IMP-09159,Layla,Kang,imp.09159@acme-corp.com,Sales,Analyst,L4,AU,2024-01-24,161218,AUD
IMP-09160,Richard,Han,imp.09160@acme-corp.com,Design,Designer,L1,CA,2018-02-07,96840,CAD
IMP-09161,Mei,Anderson,imp.09161@acme-corp.com,Sales,Analyst,L3,ZA,2019-08-03,1039361,ZAR
IMP-09162,Rahul,Richter,imp.09162@acme-corp.com,Finance,Analyst,L6,ES,2015-07-14,102430,EUR
IMP-09163,Kenji,Müller,imp.09163@acme-corp.com,Finance,Analyst,L4,JP,2019-10-04,13874715,JPY
IMP-09164,Priya,Hoffmann,imp.09164@acme-corp.com,Engineering,Engineer,L3,AE,2018-11-10,195272,AED
IMP-09165,Thomas,Kang,imp.09165@acme-corp.com,Engineering,Engineer,L2,NO,2022-08-26,986566,NOK
IMP-09166,Joseph,Song,imp.09166@acme-corp.com,Engineering,Engineer,L5,TW,2016-03-06,811290,TWD
IMP-09167,William,Richter,imp.09167@acme-corp.com,Sales,Analyst,L2,IE,2015-05-02,124876,EUR
IMP-09168,Linda,Martin,imp.09168@acme-corp.com,Engineering,Engineer,L4,DK,2024-08-11,664273,DKK
IMP-09169,Patricia,Bernard,imp.09169@acme-corp.com,Finance,Analyst,L1,US,2016-03-13,133198,USD
IMP-09170,Mary,Chen,imp.09170@acme-corp.com,Sales,Analyst,L1,IN,2022-04-14,1678799,INR
IMP-09171,Yuki,Park,imp.09171@acme-corp.com,Sales,Analyst,L1,DE,2023-08-30,82309,EUR
IMP-09172,Charles,Taylor,imp.09172@acme-corp.com,Engineering,Engineer,L2,TW,2024-09-03,1392175,TWD
IMP-09173,Chen,Thomas,imp.09173@acme-corp.com,Engineering,Engineer,L1,SG,2023-12-08,111403,SGD
IMP-09174,Rosa,Kim,imp.09174@acme-corp.com,Finance,Analyst,L4,US,2019-09-01,108266,USD
IMP-09175,Jennifer,Bernard,imp.09175@acme-corp.com,Engineering,Engineer,L1,IN,2018-02-04,4340301,INR
IMP-09176,Thomas,Klein,imp.09176@acme-corp.com,Engineering,Engineer,L4,SG,2015-11-13,104685,SGD
IMP-09177,Charles,Garcia,imp.09177@acme-corp.com,Design,Designer,L1,AE,2017-10-16,340577,AED
IMP-09178,William,Moreau,imp.09178@acme-corp.com,Sales,Analyst,L5,DE,2015-04-25,100235,EUR
IMP-09179,Kenji,Weber,imp.09179@acme-corp.com,Operations,Manager,L1,GB,2023-06-19,71268,GBP
IMP-09180,Richard,Taylor,imp.09180@acme-corp.com,Engineering,Engineer,L2,GB,2016-05-16,152600,GBP
IMP-09181,Jennifer,Zhou,imp.09181@acme-corp.com,Engineering,Engineer,L6,HK,2016-01-01,1185608,HKD
IMP-09182,Jose,Han,imp.09182@acme-corp.com,Sales,Analyst,L6,DE,2018-06-09,105623,EUR
IMP-09183,Aisha,Martin,imp.09183@acme-corp.com,Sales,Analyst,L2,IN,2024-10-20,1120260,INR
IMP-09184,Omar,Mehta,imp.09184@acme-corp.com,Sales,Analyst,L6,FR,2018-01-20,87481,EUR
IMP-09185,Carlos,Brown,imp.09185@acme-corp.com,Engineering,Engineer,L6,PL,2015-03-26,220034,PLN
IMP-09186,Jennifer,Yang,imp.09186@acme-corp.com,Sales,Analyst,L5,HK,2024-08-07,621002,HKD
IMP-09187,Kenji,Joshi,imp.09187@acme-corp.com,Finance,Analyst,L1,US,2023-01-24,78773,USD
IMP-09188,Joseph,Anderson,imp.09188@acme-corp.com,Engineering,Engineer,L3,FR,2020-08-28,129561,EUR
IMP-09189,Sung-min,Lim,imp.09189@acme-corp.com,HR,Manager,L3,MX,2019-10-05,986783,MXN
IMP-09190,Robert,Garcia,imp.09190@acme-corp.com,Engineering,Engineer,L6,IE,2021-12-27,118187,EUR
IMP-09191,Yuna,Jung,imp.09191@acme-corp.com,Sales,Analyst,L2,DE,2017-09-02,141988,EUR
IMP-09192,Zhang,Wu,imp.09192@acme-corp.com,Sales,Analyst,L3,NO,2024-10-19,1061980,NOK
IMP-09193,Jae-won,Johnson,imp.09193@acme-corp.com,Engineering,Engineer,L6,US,2017-10-12,82836,USD
IMP-09194,Mary,Martin,imp.09194@acme-corp.com,Finance,Analyst,L6,GB,2022-10-30,136174,GBP
IMP-09195,Takeshi,Moore,imp.09195@acme-corp.com,Engineering,Engineer,L1,IN,2018-02-16,2349059,INR
IMP-09196,William,Chen,imp.09196@acme-corp.com,Design,Designer,L4,SG,2018-08-09,76299,SGD
IMP-09197,Richard,Nair,imp.09197@acme-corp.com,Sales,Analyst,L2,IE,2021-01-26,119435,EUR
IMP-09198,Yuna,Klein,imp.09198@acme-corp.com,Finance,Analyst,L6,ES,2018-01-09,78075,EUR
IMP-09199,Ahmed,Mehta,imp.09199@acme-corp.com,Finance,Analyst,L3,AE,2024-11-18,327161,AED
IMP-09200,Ananya,Lim,imp.09200@acme-corp.com,Engineering,Engineer,L1,AU,2018-10-11,178609,AUD
IMP-09201,Patricia,Yang,imp.09201@acme-corp.com,Design,Designer,L1,AU,2023-04-13,76000,AUD
IMP-09202,William,Lee,imp.09202@acme-corp.com,Operations,Manager,L2,AU,2015-10-03,144728,AUD
IMP-09203,Thomas,Dupont,imp.09203@acme-corp.com,Sales,Analyst,L2,TW,2022-10-12,3479476,TWD
IMP-09204,Layla,David,imp.09204@acme-corp.com,Operations,Manager,L1,DK,2017-09-01,1064422,DKK
IMP-09205,Maria,Garcia,imp.09205@acme-corp.com,Engineering,Engineer,L2,DE,2015-04-10,53527,EUR
IMP-09206,Nancy,Martin,imp.09206@acme-corp.com,Design,Designer,L4,US,2021-09-29,78596,USD
IMP-09207,Mei,Lee,imp.09207@acme-corp.com,Engineering,Engineer,L5,AE,2016-11-11,376597,AED
IMP-09208,Carlos,Zhang,imp.09208@acme-corp.com,Design,Designer,L1,SE,2019-03-15,742420,SEK
IMP-09209,Carmen,Yang,imp.09209@acme-corp.com,Finance,Analyst,L6,TW,2016-03-05,962358,TWD
IMP-09210,Aisha,Taylor,imp.09210@acme-corp.com,Operations,Manager,L2,AE,2022-11-26,501388,AED
IMP-09211,Zhang,Thompson,imp.09211@acme-corp.com,Sales,Analyst,L6,SE,2019-11-19,894284,SEK
IMP-09212,Hassan,Kang,imp.09212@acme-corp.com,Operations,Manager,L6,DK,2022-01-10,608437,DKK
IMP-09213,Layla,Klein,imp.09213@acme-corp.com,Engineering,Engineer,L3,GB,2024-02-23,149550,GBP
IMP-09214,Min,Johnson,imp.09214@acme-corp.com,Sales,Analyst,L6,US,2021-09-11,92465,USD
IMP-09215,Thomas,Jackson,imp.09215@acme-corp.com,Sales,Analyst,L5,SE,2021-08-07,751394,SEK
IMP-09216,Thomas,Moore,imp.09216@acme-corp.com,Engineering,Engineer,L3,DE,2018-12-14,88215,EUR
IMP-09217,Yusuf,Yang,imp.09217@acme-corp.com,Sales,Analyst,L3,US,2023-11-15,202428,USD
IMP-09218,Fatima,Williams,imp.09218@acme-corp.com,Sales,Analyst,L4,HK,2022-07-11,927675,HKD
IMP-09219,Aisha,Kim,imp.09219@acme-corp.com,Engineering,Engineer,L4,DE,2021-07-07,56545,EUR
IMP-09220,Layla,Li,imp.09220@acme-corp.com,Sales,Analyst,L5,FR,2022-07-21,141785,EUR
IMP-09221,Chen,Hoffmann,imp.09221@acme-corp.com,Engineering,Engineer,L2,NL,2020-06-26,84231,EUR
IMP-09222,Zara,Wu,imp.09222@acme-corp.com,Sales,Analyst,L1,TW,2015-08-31,1859418,TWD
IMP-09223,Zhang,Martin,imp.09223@acme-corp.com,Sales,Analyst,L5,ES,2018-12-25,83569,EUR
IMP-09224,Carmen,Kumar,imp.09224@acme-corp.com,Finance,Analyst,L2,CH,2018-01-28,175803,CHF
IMP-09225,Carlos,Thomas,imp.09225@acme-corp.com,Engineering,Engineer,L5,CH,2024-03-03,189959,CHF
IMP-09226,David,Nair,imp.09226@acme-corp.com,Engineering,Engineer,L3,HK,2019-12-17,584824,HKD
IMP-09227,Arjun,Zhou,imp.09227@acme-corp.com,Finance,Analyst,L3,IE,2019-12-08,100671,EUR
IMP-09228,William,Kim,imp.09228@acme-corp.com,Sales,Analyst,L6,IE,2015-05-12,71385,EUR
IMP-09229,Rosa,Singh,imp.09229@acme-corp.com,Finance,Analyst,L4,HK,2022-12-19,311864,HKD
IMP-09230,Arjun,Thomas,imp.09230@acme-corp.com,Sales,Analyst,L4,AE,2018-04-29,294675,AED
IMP-09231,Zara,Chen,imp.09231@acme-corp.com,Engineering,Engineer,L2,DE,2016-03-31,80172,EUR
IMP-09232,Robert,Xu,imp.09232@acme-corp.com,Engineering,Engineer,L2,US,2015-10-27,132608,USD
IMP-09233,Elizabeth,Michel,imp.09233@acme-corp.com,Engineering,Engineer,L3,NL,2018-05-24,73047,EUR
IMP-09234,Sung-min,Johnson,imp.09234@acme-corp.com,Sales,Analyst,L5,IN,2019-05-31,4164787,INR
IMP-09235,Ji-young,Hernandez,imp.09235@acme-corp.com,Sales,Analyst,L4,TW,2020-04-18,2210285,TWD
IMP-09236,Zara,Michel,imp.09236@acme-corp.com,Sales,Analyst,L1,US,2018-12-10,184323,USD
IMP-09237,Ibrahim,Müller,imp.09237@acme-corp.com,Engineering,Engineer,L1,HK,2017-10-01,489589,HKD
IMP-09238,Layla,Moreau,imp.09238@acme-corp.com,Operations,Manager,L4,MX,2021-05-13,320154,MXN
IMP-09239,James,Lee,imp.09239@acme-corp.com,HR,Manager,L1,FR,2017-11-09,75071,EUR
IMP-09240,Yuna,White,imp.09240@acme-corp.com,Sales,Analyst,L1,ZA,2022-08-02,1066424,ZAR
IMP-09241,Sarah,Brown,imp.09241@acme-corp.com,HR,Manager,L3,ES,2020-12-12,143682,EUR
IMP-09242,Luis,Martin,imp.09242@acme-corp.com,Engineering,Engineer,L3,TW,2019-08-03,2807665,TWD
IMP-09243,Linda,Fischer,imp.09243@acme-corp.com,Engineering,Engineer,L3,DK,2015-09-06,1073722,DKK
IMP-09244,James,Martin,imp.09244@acme-corp.com,Engineering,Engineer,L5,NL,2019-09-29,52043,EUR
IMP-09245,Hiroshi,Li,imp.09245@acme-corp.com,Sales,Analyst,L2,NO,2021-06-17,472555,NOK
IMP-09246,Yusuf,Liu,imp.09246@acme-corp.com,Engineering,Engineer,L5,DE,2016-03-13,128930,EUR
IMP-09247,Liu,Davis,imp.09247@acme-corp.com,Sales,Analyst,L6,GB,2015-08-28,103470,GBP
IMP-09248,William,Liu,imp.09248@acme-corp.com,HR,Manager,L3,GB,2023-03-31,152267,GBP
IMP-09249,Mei,Moreau,imp.09249@acme-corp.com,HR,Manager,L5,GB,2024-09-10,111599,GBP
IMP-09250,Hiroshi,Miller,imp.09250@acme-corp.com,Engineering,Engineer,L6,IN,2016-03-13,4438640,INR
IMP-09251,Barbara,Joshi,imp.09251@acme-corp.com,Operations,Manager,L5,ZA,2023-04-06,889692,ZAR
IMP-09252,Susan,Lee,imp.09252@acme-corp.com,Sales,Analyst,L4,AE,2024-09-08,514320,AED
IMP-09253,Patricia,Simon,imp.09253@acme-corp.com,Operations,Manager,L1,US,2024-05-19,109610,USD
IMP-09254,William,David,imp.09254@acme-corp.com,Engineering,Engineer,L2,MX,2015-12-11,454557,MXN
IMP-09255,Carmen,David,imp.09255@acme-corp.com,Finance,Analyst,L6,JP,2024-12-18,15977147,JPY
IMP-09256,Rosa,Hernandez,imp.09256@acme-corp.com,Design,Designer,L2,TW,2016-08-20,1186649,TWD
IMP-09257,Omar,Schulz,imp.09257@acme-corp.com,Sales,Analyst,L3,HK,2019-06-08,706529,HKD
IMP-09258,Layla,Martinez,imp.09258@acme-corp.com,Sales,Analyst,L2,ZA,2018-06-07,1292503,ZAR
IMP-09259,Susan,Mehta,imp.09259@acme-corp.com,Engineering,Engineer,L5,AU,2016-10-09,164269,AUD
IMP-09260,Mei,Johnson,imp.09260@acme-corp.com,Operations,Manager,L5,ES,2024-12-11,63564,EUR
IMP-09261,Hiroshi,Garcia,imp.09261@acme-corp.com,Design,Designer,L2,ES,2020-02-22,134903,EUR
IMP-09262,Ana,Smith,imp.09262@acme-corp.com,Sales,Analyst,L4,IN,2015-06-07,1303712,INR
IMP-09263,Priya,Joshi,imp.09263@acme-corp.com,Engineering,Engineer,L5,US,2019-05-17,122258,USD
IMP-09264,Min,Jackson,imp.09264@acme-corp.com,Engineering,Engineer,L4,IN,2016-08-27,2145418,INR
IMP-09265,Rosa,Zhang,imp.09265@acme-corp.com,Operations,Manager,L3,IN,2016-06-15,2174185,INR
IMP-09266,Omar,Yoon,imp.09266@acme-corp.com,Finance,Analyst,L1,MX,2024-11-19,976894,MXN
IMP-09267,Chen,David,imp.09267@acme-corp.com,Sales,Analyst,L1,SG,2015-11-30,102919,SGD
IMP-09268,Rosa,Laurent,imp.09268@acme-corp.com,Engineering,Engineer,L3,GB,2017-08-30,83154,GBP
IMP-09269,Liu,Hernandez,imp.09269@acme-corp.com,Engineering,Engineer,L5,IN,2021-03-18,1896489,INR
IMP-09270,Yusuf,Braun,imp.09270@acme-corp.com,Operations,Manager,L4,SE,2015-08-17,1199666,SEK
IMP-09271,Omar,Li,imp.09271@acme-corp.com,Sales,Analyst,L3,GB,2017-08-01,125826,GBP
IMP-09272,Min,Weber,imp.09272@acme-corp.com,HR,Manager,L1,ES,2017-01-07,147255,EUR
IMP-09273,Isabel,David,imp.09273@acme-corp.com,Engineering,Engineer,L5,ZA,2022-07-16,573602,ZAR
IMP-09274,Elizabeth,Jackson,imp.09274@acme-corp.com,Finance,Analyst,L3,SE,2018-03-11,967355,SEK
IMP-09275,Mary,Hernandez,imp.09275@acme-corp.com,Engineering,Engineer,L6,JP,2017-09-07,14552799,JPY
IMP-09276,Omar,Patel,imp.09276@acme-corp.com,Operations,Manager,L5,IN,2021-01-25,3728621,INR
IMP-09277,Karen,Bernard,imp.09277@acme-corp.com,Sales,Analyst,L5,PL,2016-10-20,91659,PLN
IMP-09278,Arjun,Zhou,imp.09278@acme-corp.com,Sales,Analyst,L5,JP,2023-07-02,14362242,JPY
IMP-09279,Susan,Garcia,imp.09279@acme-corp.com,Design,Designer,L1,SG,2017-04-27,163647,SGD
IMP-09280,Mary,Chen,imp.09280@acme-corp.com,Engineering,Engineer,L4,ZA,2020-05-21,558918,ZAR
IMP-09281,Rosa,Lee,imp.09281@acme-corp.com,Finance,Analyst,L2,HK,2019-12-19,668611,HKD
IMP-09282,Yusuf,Martin,imp.09282@acme-corp.com,Sales,Analyst,L5,US,2021-03-04,213381,USD
IMP-09283,Sung-min,Williams,imp.09283@acme-corp.com,Sales,Analyst,L3,IE,2024-02-25,115856,EUR
IMP-09284,Jose,Liu,imp.09284@acme-corp.com,Engineering,Engineer,L1,IN,2017-08-14,2032391,INR
IMP-09285,Liu,Wang,imp.09285@acme-corp.com,Engineering,Engineer,L3,NL,2017-08-05,74639,EUR
IMP-09286,Zara,Jackson,imp.09286@acme-corp.com,Engineering,Engineer,L5,FR,2016-02-01,69287,EUR
IMP-09287,Sarah,Lee,imp.09287@acme-corp.com,Operations,Manager,L6,AE,2019-10-14,522936,AED
IMP-09288,Thomas,Li,imp.09288@acme-corp.com,Engineering,Engineer,L1,TW,2016-05-19,2628173,TWD
IMP-09289,Richard,Lim,imp.09289@acme-corp.com,Finance,Analyst,L5,NL,2016-06-11,105542,EUR
IMP-09290,Wei,Simon,imp.09290@acme-corp.com,Engineering,Engineer,L2,US,2023-03-13,87915,USD
IMP-09291,Ahmed,Laurent,imp.09291@acme-corp.com,Operations,Manager,L2,DE,2019-02-09,110670,EUR
IMP-09292,Yusuf,Li,imp.09292@acme-corp.com,Engineering,Engineer,L4,AU,2016-11-17,91037,AUD
IMP-09293,Luis,Zhang,imp.09293@acme-corp.com,Sales,Analyst,L6,SE,2015-04-28,546008,SEK
IMP-09294,Charles,Becker,imp.09294@acme-corp.com,Operations,Manager,L5,KR,2022-02-16,98520578,KRW
IMP-09295,Jose,Johnson,imp.09295@acme-corp.com,Sales,Analyst,L6,IN,2022-09-17,1600190,INR
IMP-09296,Ji-young,Xu,imp.09296@acme-corp.com,Operations,Manager,L1,DE,2017-04-14,112404,EUR
IMP-09297,Carmen,Taylor,imp.09297@acme-corp.com,Sales,Analyst,L2,AE,2024-08-11,299089,AED
IMP-09298,Zhang,David,imp.09298@acme-corp.com,Engineering,Engineer,L1,PL,2018-10-05,231834,PLN
IMP-09299,Omar,Weber,imp.09299@acme-corp.com,Engineering,Engineer,L6,AE,2018-07-06,238964,AED
IMP-09300,Elizabeth,Martinez,imp.09300@acme-corp.com,Engineering,Engineer,L2,AE,2019-07-06,542920,AED
IMP-09301,Aisha,Lee,imp.09301@acme-corp.com,Operations,Manager,L6,MX,2022-05-13,966598,MXN
IMP-09302,Akiko,Pillai,imp.09302@acme-corp.com,Finance,Analyst,L4,US,2017-10-19,119146,USD
IMP-09303,Jennifer,Han,imp.09303@acme-corp.com,Sales,Analyst,L3,IN,2023-06-07,1676147,INR
IMP-09304,Mei,Müller,imp.09304@acme-corp.com,Engineering,Engineer,L6,DE,2024-07-30,61074,EUR
IMP-09305,Carmen,Becker,imp.09305@acme-corp.com,HR,Manager,L4,US,2019-05-15,160106,USD
IMP-09306,Akiko,Müller,imp.09306@acme-corp.com,Finance,Analyst,L1,NO,2017-07-12,1027560,NOK
IMP-09307,Omar,Richter,imp.09307@acme-corp.com,Engineering,Engineer,L4,GB,2023-06-28,78143,GBP
IMP-09308,Isabel,Jones,imp.09308@acme-corp.com,Engineering,Engineer,L4,IN,2019-09-10,2592228,INR
IMP-09309,Richard,Martin,imp.09309@acme-corp.com,Sales,Analyst,L3,IE,2015-10-08,138853,EUR
IMP-09310,Priya,Laurent,imp.09310@acme-corp.com,Design,Designer,L3,GB,2019-09-10,147455,GBP
IMP-09311,Liu,Kim,imp.09311@acme-corp.com,Finance,Analyst,L1,HK,2018-03-22,414276,HKD
IMP-09312,Akiko,Lee,imp.09312@acme-corp.com,Engineering,Engineer,L2,KR,2020-02-13,129624946,KRW
IMP-09313,Arjun,Müller,imp.09313@acme-corp.com,Finance,Analyst,L1,IN,2020-11-16,3942236,INR
IMP-09314,Sung-min,Nair,imp.09314@acme-corp.com,Engineering,Engineer,L4,SE,2022-07-01,921743,SEK
IMP-09315,Aisha,Lee,imp.09315@acme-corp.com,Sales,Analyst,L5,US,2017-12-17,123315,USD
IMP-09316,Takeshi,David,imp.09316@acme-corp.com,HR,Manager,L6,IN,2024-02-29,4339454,INR
IMP-09317,Liu,Zhou,imp.09317@acme-corp.com,Sales,Analyst,L1,ES,2018-07-25,113824,EUR
IMP-09318,Francisco,Richter,imp.09318@acme-corp.com,Design,Designer,L2,ES,2018-05-18,142384,EUR
IMP-09319,Zhang,Choi,imp.09319@acme-corp.com,Sales,Analyst,L1,AU,2016-12-15,185144,AUD
IMP-09320,Jessica,Reddy,imp.09320@acme-corp.com,HR,Manager,L2,AU,2017-04-30,130191,AUD
IMP-09321,Kenji,Kang,imp.09321@acme-corp.com,Engineering,Engineer,L2,US,2016-11-04,131821,USD
IMP-09322,Richard,Johnson,imp.09322@acme-corp.com,Engineering,Engineer,L1,SE,2022-03-01,1104781,SEK
IMP-09323,Carmen,Thompson,imp.09323@acme-corp.com,HR,Manager,L5,NL,2017-07-03,129426,EUR
IMP-09324,Kenji,Patel,imp.09324@acme-corp.com,Engineering,Engineer,L2,DE,2022-07-27,133274,EUR
IMP-09325,Mei,Davis,imp.09325@acme-corp.com,HR,Manager,L6,ZA,2019-10-04,344319,ZAR
IMP-09326,Sakura,Weber,imp.09326@acme-corp.com,Engineering,Engineer,L5,PL,2020-11-19,71987,PLN
IMP-09327,Ibrahim,Davis,imp.09327@acme-corp.com,HR,Manager,L2,DE,2020-10-20,142927,EUR
IMP-09328,James,Pillai,imp.09328@acme-corp.com,Engineering,Engineer,L3,DK,2024-11-15,577305,DKK
IMP-09329,Rahul,Yang,imp.09329@acme-corp.com,Engineering,Engineer,L5,DK,2019-12-10,1184642,DKK
IMP-09330,Chen,Michel,imp.09330@acme-corp.com,HR,Manager,L2,SE,2021-12-10,530167,SEK
IMP-09331,Hiroshi,Yang,imp.09331@acme-corp.com,Finance,Analyst,L2,DE,2024-10-29,115681,EUR
IMP-09332,Ahmed,Song,imp.09332@acme-corp.com,Finance,Analyst,L6,AU,2019-10-16,172295,AUD
IMP-09333,Zhang,Smith,imp.09333@acme-corp.com,Engineering,Engineer,L5,ZA,2024-03-24,322583,ZAR
IMP-09334,Zara,Mehta,imp.09334@acme-corp.com,Operations,Manager,L5,DE,2022-01-27,79943,EUR
IMP-09335,Karen,Brown,imp.09335@acme-corp.com,Operations,Manager,L4,JP,2023-08-14,14153186,JPY
IMP-09336,William,Jackson,imp.09336@acme-corp.com,Engineering,Engineer,L3,IE,2016-10-03,62512,EUR
IMP-09337,Robert,Martin,imp.09337@acme-corp.com,Engineering,Engineer,L6,PL,2016-09-17,160991,PLN
IMP-09338,Omar,Kang,imp.09338@acme-corp.com,Engineering,Engineer,L4,IN,2024-06-14,3839705,INR
IMP-09339,Layla,Choi,imp.09339@acme-corp.com,Sales,Analyst,L5,PL,2020-09-08,111273,PLN
IMP-09340,William,Laurent,imp.09340@acme-corp.com,Operations,Manager,L5,NL,2020-07-15,142286,EUR
IMP-09341,Carlos,Hernandez,imp.09341@acme-corp.com,Operations,Manager,L5,ZA,2024-08-14,396268,ZAR
IMP-09342,Charles,White,imp.09342@acme-corp.com,Sales,Analyst,L5,GB,2018-05-11,72529,GBP
IMP-09343,Arjun,Wang,imp.09343@acme-corp.com,Engineering,Engineer,L6,NO,2021-08-28,467736,NOK
IMP-09344,Isabel,Miller,imp.09344@acme-corp.com,Engineering,Engineer,L4,NO,2021-05-10,1070329,NOK
IMP-09345,Mary,Patel,imp.09345@acme-corp.com,Finance,Analyst,L6,CH,2017-05-21,121865,CHF
IMP-09346,Richard,Joshi,imp.09346@acme-corp.com,Operations,Manager,L1,SE,2015-12-25,422626,SEK
IMP-09347,Jose,Choi,imp.09347@acme-corp.com,Sales,Analyst,L3,IN,2019-03-08,2427631,INR
IMP-09348,Jessica,Miller,imp.09348@acme-corp.com,Sales,Analyst,L3,DK,2022-06-10,496828,DKK
IMP-09349,Chen,Smith,imp.09349@acme-corp.com,Finance,Analyst,L3,DE,2019-07-02,93992,EUR
IMP-09350,Isabel,Taylor,imp.09350@acme-corp.com,Sales,Analyst,L5,NL,2023-03-21,80649,EUR
IMP-09351,Jose,Taylor,imp.09351@acme-corp.com,Design,Designer,L2,ZA,2020-12-07,542088,ZAR
IMP-09352,Takeshi,Jung,imp.09352@acme-corp.com,Engineering,Engineer,L2,PL,2020-04-13,96901,PLN
IMP-09353,Wei,Kang,imp.09353@acme-corp.com,Operations,Manager,L1,NO,2019-08-25,887039,NOK
IMP-09354,Yuki,Lee,imp.09354@acme-corp.com,HR,Manager,L3,HK,2024-02-27,349808,HKD
IMP-09355,Jennifer,Moore,imp.09355@acme-corp.com,Operations,Manager,L5,US,2015-10-19,90334,USD
IMP-09356,Carmen,Hernandez,imp.09356@acme-corp.com,Operations,Manager,L6,US,2019-12-12,82922,USD
IMP-09357,Jae-won,Yoon,imp.09357@acme-corp.com,Design,Designer,L3,US,2015-01-30,78932,USD
IMP-09358,Maria,Fischer,imp.09358@acme-corp.com,Sales,Analyst,L3,ZA,2023-01-13,380737,ZAR
IMP-09359,Aisha,Huang,imp.09359@acme-corp.com,Engineering,Engineer,L2,FR,2021-05-27,129567,EUR
IMP-09360,Barbara,Anderson,imp.09360@acme-corp.com,Sales,Analyst,L4,US,2024-07-29,72519,USD
IMP-09361,Luis,Martinez,imp.09361@acme-corp.com,Engineering,Engineer,L6,US,2021-07-29,188530,USD
IMP-09362,Sung-min,Choi,imp.09362@acme-corp.com,Finance,Analyst,L3,KR,2016-01-12,43332142,KRW
IMP-09363,Akiko,Becker,imp.09363@acme-corp.com,Sales,Analyst,L3,US,2023-01-12,79269,USD
IMP-09364,Fatima,Kumar,imp.09364@acme-corp.com,Engineering,Engineer,L6,NL,2023-12-02,129942,EUR
IMP-09365,Hassan,Zhang,imp.09365@acme-corp.com,Operations,Manager,L6,HK,2016-09-13,1019680,HKD
IMP-09366,Barbara,Kim,imp.09366@acme-corp.com,Operations,Manager,L4,PL,2024-06-13,116961,PLN
IMP-09367,Sarah,Williams,imp.09367@acme-corp.com,Sales,Analyst,L4,DE,2016-09-11,139672,EUR
IMP-09368,Joseph,Mehta,imp.09368@acme-corp.com,Operations,Manager,L3,DE,2018-04-15,120216,EUR
IMP-09369,Nancy,Schmidt,imp.09369@acme-corp.com,Finance,Analyst,L1,IN,2015-11-21,3372702,INR
IMP-09370,Michael,Schulz,imp.09370@acme-corp.com,Finance,Analyst,L5,SG,2016-10-30,133623,SGD
IMP-09371,Hassan,Sharma,imp.09371@acme-corp.com,Operations,Manager,L3,IN,2016-05-29,3491789,INR
IMP-09372,Sakura,Moore,imp.09372@acme-corp.com,Engineering,Engineer,L5,NL,2020-07-28,71744,EUR
IMP-09373,Sung-min,Hoffmann,imp.09373@acme-corp.com,Engineering,Engineer,L2,IN,2023-01-17,1667662,INR
IMP-09374,Wei,Xu,imp.09374@acme-corp.com,HR,Manager,L5,FR,2016-10-19,83366,EUR
IMP-09375,Rahul,Bernard,imp.09375@acme-corp.com,Engineering,Engineer,L2,IN,2020-08-06,1433313,INR
IMP-09376,Pedro,Yoon,imp.09376@acme-corp.com,Sales,Analyst,L4,SG,2024-06-27,144604,SGD
IMP-09377,Elizabeth,Patel,imp.09377@acme-corp.com,Finance,Analyst,L3,FR,2020-03-14,113660,EUR
IMP-09378,Sarah,Richter,imp.09378@acme-corp.com,Engineering,Engineer,L3,CH,2018-09-06,161001,CHF
IMP-09379,Yuna,Choi,imp.09379@acme-corp.com,HR,Manager,L2,SE,2020-12-25,1196563,SEK
IMP-09380,Ibrahim,Moore,imp.09380@acme-corp.com,Sales,Analyst,L3,SE,2015-12-17,842745,SEK
IMP-09381,Ahmed,Yoon,imp.09381@acme-corp.com,Operations,Manager,L5,SG,2016-11-10,133674,SGD
IMP-09382,Mei,Thomas,imp.09382@acme-corp.com,Engineering,Engineer,L2,NO,2016-04-01,1113247,NOK
IMP-09383,Ananya,Wang,imp.09383@acme-corp.com,Engineering,Engineer,L3,SG,2016-07-18,130433,SGD
IMP-09384,Yusuf,Moore,imp.09384@acme-corp.com,Engineering,Engineer,L1,IN,2018-11-09,4187823,INR
IMP-09385,Priya,Nair,imp.09385@acme-corp.com,Operations,Manager,L4,GB,2023-09-08,103675,GBP
IMP-09386,Hassan,Martin,imp.09386@acme-corp.com,Operations,Manager,L4,TW,2019-07-29,2559381,TWD
IMP-09387,Hassan,Müller,imp.09387@acme-corp.com,Engineering,Engineer,L5,NL,2023-06-26,143628,EUR
IMP-09388,Jessica,Richter,imp.09388@acme-corp.com,Engineering,Engineer,L3,US,2022-04-17,96720,USD
IMP-09389,James,Gupta,imp.09389@acme-corp.com,Engineering,Engineer,L1,DE,2016-05-28,129729,EUR
IMP-09390,Ibrahim,Müller,imp.09390@acme-corp.com,Engineering,Engineer,L6,IN,2018-12-09,1022089,INR
IMP-09391,Sakura,Kumar,imp.09391@acme-corp.com,Engineering,Engineer,L6,MX,2023-03-21,699313,MXN
IMP-09392,Priya,Sharma,imp.09392@acme-corp.com,Engineering,Engineer,L3,SG,2022-01-22,131156,SGD
IMP-09393,Carmen,Pillai,imp.09393@acme-corp.com,Operations,Manager,L4,ZA,2019-05-28,565154,ZAR
IMP-09394,Min,Gupta,imp.09394@acme-corp.com,Engineering,Engineer,L4,US,2016-04-05,70850,USD
IMP-09395,Wei,Jones,imp.09395@acme-corp.com,Sales,Analyst,L1,IN,2015-02-13,4074134,INR
IMP-09396,Charles,Jackson,imp.09396@acme-corp.com,Finance,Analyst,L2,PL,2016-10-13,113030,PLN
IMP-09397,Ahmed,Roux,imp.09397@acme-corp.com,Finance,Analyst,L2,ES,2024-06-09,92447,EUR
IMP-09398,Rosa,Richter,imp.09398@acme-corp.com,HR,Manager,L2,IN,2022-09-29,2670411,INR
IMP-09399,Jennifer,Wilson,imp.09399@acme-corp.com,Engineering,Engineer,L1,US,2015-06-29,104824,USD
IMP-09400,Joseph,Moore,imp.09400@acme-corp.com,HR,Manager,L2,SE,2017-03-21,1023532,SEK
IMP-09401,Rosa,Hernandez,imp.09401@acme-corp.com,Operations,Manager,L5,CH,2024-12-04,182681,CHF
IMP-09402,Michael,Simon,imp.09402@acme-corp.com,Engineering,Engineer,L3,MX,2015-11-09,542490,MXN
IMP-09403,Ananya,Kumar,imp.09403@acme-corp.com,Operations,Manager,L1,IN,2017-12-29,2534200,INR
IMP-09404,Akiko,Thompson,imp.09404@acme-corp.com,Operations,Manager,L2,AU,2016-05-24,112343,AUD
IMP-09405,Carmen,Weber,imp.09405@acme-corp.com,Sales,Analyst,L3,IN,2016-05-11,3936572,INR
IMP-09406,Omar,Dupont,imp.09406@acme-corp.com,HR,Manager,L6,CH,2022-02-25,159233,CHF
IMP-09407,Mei,Zhou,imp.09407@acme-corp.com,Sales,Analyst,L2,GB,2016-07-27,159320,GBP
IMP-09408,Francisco,Reddy,imp.09408@acme-corp.com,HR,Manager,L2,US,2023-03-21,85018,USD
IMP-09409,Fatima,Braun,imp.09409@acme-corp.com,Finance,Analyst,L1,US,2023-05-01,205227,USD
IMP-09410,Maria,Thompson,imp.09410@acme-corp.com,HR,Manager,L1,ZA,2018-05-28,1286184,ZAR
IMP-09411,Layla,Miller,imp.09411@acme-corp.com,HR,Manager,L4,US,2018-02-05,113865,USD
IMP-09412,Karen,Moore,imp.09412@acme-corp.com,HR,Manager,L5,CH,2018-01-09,173277,CHF
IMP-09413,Sarah,Dupont,imp.09413@acme-corp.com,Sales,Analyst,L3,SE,2024-08-12,666584,SEK
IMP-09414,William,Yoon,imp.09414@acme-corp.com,HR,Manager,L3,AU,2020-11-30,140336,AUD
IMP-09415,Akiko,Brown,imp.09415@acme-corp.com,Design,Designer,L6,KR,2017-01-10,77736824,KRW
IMP-09416,Ji-young,Wilson,imp.09416@acme-corp.com,Operations,Manager,L4,MX,2018-03-03,494476,MXN
IMP-09417,Sarah,Nair,imp.09417@acme-corp.com,Finance,Analyst,L4,NL,2023-11-28,133544,EUR
IMP-09418,Pedro,Laurent,imp.09418@acme-corp.com,Sales,Analyst,L1,TW,2017-08-18,2579584,TWD
IMP-09419,Yusuf,Laurent,imp.09419@acme-corp.com,Design,Designer,L3,GB,2023-08-18,69228,GBP
IMP-09420,Yuna,Yoon,imp.09420@acme-corp.com,HR,Manager,L6,DE,2020-01-04,79359,EUR
IMP-09421,Maria,Zhou,imp.09421@acme-corp.com,Sales,Analyst,L6,DK,2021-06-24,465104,DKK
IMP-09422,Takeshi,Richter,imp.09422@acme-corp.com,Engineering,Engineer,L1,MX,2023-02-25,1001946,MXN
IMP-09423,Francisco,Wang,imp.09423@acme-corp.com,HR,Manager,L1,AU,2020-12-14,83859,AUD
IMP-09424,Barbara,Wu,imp.09424@acme-corp.com,Sales,Analyst,L1,US,2017-09-11,134372,USD
IMP-09425,Barbara,Weber,imp.09425@acme-corp.com,HR,Manager,L6,ZA,2023-11-05,366796,ZAR
IMP-09426,Charles,Brown,imp.09426@acme-corp.com,Sales,Analyst,L6,FR,2020-03-24,105246,EUR
IMP-09427,Chen,Wilson,imp.09427@acme-corp.com,Sales,Analyst,L3,GB,2015-09-22,67664,GBP
IMP-09428,Richard,Jung,imp.09428@acme-corp.com,Sales,Analyst,L6,SE,2016-05-20,859859,SEK
IMP-09429,Robert,Simon,imp.09429@acme-corp.com,Sales,Analyst,L5,US,2022-05-27,208042,USD
IMP-09430,Hiroshi,Kumar,imp.09430@acme-corp.com,HR,Manager,L5,ZA,2024-03-13,1323605,ZAR
IMP-09431,Akiko,Martinez,imp.09431@acme-corp.com,Operations,Manager,L1,US,2016-08-15,84166,USD
IMP-09432,Patricia,Müller,imp.09432@acme-corp.com,Finance,Analyst,L5,KR,2015-11-04,80896305,KRW
IMP-09433,Wei,Smith,imp.09433@acme-corp.com,Operations,Manager,L2,NO,2015-02-20,718813,NOK
IMP-09434,Ananya,Sharma,imp.09434@acme-corp.com,Finance,Analyst,L5,AE,2021-08-31,203959,AED
IMP-09435,Susan,Moreau,imp.09435@acme-corp.com,Sales,Analyst,L6,CA,2016-08-21,69835,CAD
IMP-09436,Susan,Bernard,imp.09436@acme-corp.com,Engineering,Engineer,L2,SE,2019-05-08,844279,SEK
IMP-09437,Aisha,Anderson,imp.09437@acme-corp.com,HR,Manager,L1,HK,2020-11-10,580341,HKD
IMP-09438,Jennifer,Jackson,imp.09438@acme-corp.com,Engineering,Engineer,L2,CH,2019-12-21,162323,CHF
IMP-09439,Jose,Kim,imp.09439@acme-corp.com,HR,Manager,L5,IE,2018-09-17,129685,EUR
IMP-09440,William,Richter,imp.09440@acme-corp.com,Sales,Analyst,L5,IN,2015-08-24,3407353,INR
IMP-09441,Akiko,Bernard,imp.09441@acme-corp.com,Design,Designer,L5,CA,2019-08-24,121251,CAD
IMP-09442,Thomas,Kumar,imp.09442@acme-corp.com,Engineering,Engineer,L5,DK,2015-02-24,665581,DKK
IMP-09443,Pedro,David,imp.09443@acme-corp.com,Finance,Analyst,L4,ZA,2015-04-02,419103,ZAR
IMP-09444,Wei,Thomas,imp.09444@acme-corp.com,Finance,Analyst,L4,FR,2017-11-06,125772,EUR
IMP-09445,Barbara,Martin,imp.09445@acme-corp.com,Sales,Analyst,L6,ZA,2020-07-22,511098,ZAR
IMP-09446,Akiko,Bernard,imp.09446@acme-corp.com,Engineering,Engineer,L2,US,2023-02-09,94632,USD
IMP-09447,Rosa,Kim,imp.09447@acme-corp.com,Operations,Manager,L4,DK,2022-04-15,1120185,DKK
IMP-09448,Nancy,Zhang,imp.09448@acme-corp.com,Engineering,Engineer,L1,US,2023-07-11,127051,USD
IMP-09449,Maria,Anderson,imp.09449@acme-corp.com,Sales,Analyst,L5,IN,2020-12-13,2268887,INR
IMP-09450,William,Singh,imp.09450@acme-corp.com,Finance,Analyst,L3,ZA,2018-08-27,465580,ZAR
IMP-09451,Jose,Huang,imp.09451@acme-corp.com,Sales,Analyst,L4,GB,2019-07-02,142528,GBP
IMP-09452,Aisha,Roux,imp.09452@acme-corp.com,Design,Designer,L6,CA,2021-10-23,132807,CAD
IMP-09453,Liu,Reddy,imp.09453@acme-corp.com,HR,Manager,L1,AU,2023-11-08,183602,AUD
IMP-09454,Robert,Thomas,imp.09454@acme-corp.com,Design,Designer,L1,NO,2023-06-16,1092250,NOK
IMP-09455,Yuki,Johnson,imp.09455@acme-corp.com,Engineering,Engineer,L1,GB,2016-08-07,50252,GBP
IMP-09456,Min,Pillai,imp.09456@acme-corp.com,Sales,Analyst,L3,ES,2020-10-14,105420,EUR
IMP-09457,Mary,Lee,imp.09457@acme-corp.com,Sales,Analyst,L3,ES,2016-03-09,144834,EUR
IMP-09458,Susan,Han,imp.09458@acme-corp.com,Engineering,Engineer,L2,US,2015-11-30,143055,USD
IMP-09459,Michael,Lee,imp.09459@acme-corp.com,Finance,Analyst,L6,ES,2022-07-26,142333,EUR
IMP-09460,David,Jones,imp.09460@acme-corp.com,Finance,Analyst,L4,US,2020-01-05,156342,USD
IMP-09461,Charles,Thomas,imp.09461@acme-corp.com,Engineering,Engineer,L3,US,2021-10-06,201642,USD
IMP-09462,Liu,Michel,imp.09462@acme-corp.com,Finance,Analyst,L2,GB,2020-11-30,153282,GBP
IMP-09463,Kenji,Garcia,imp.09463@acme-corp.com,Engineering,Engineer,L1,US,2019-09-16,65444,USD
IMP-09464,Joseph,Lee,imp.09464@acme-corp.com,Sales,Analyst,L4,GB,2022-05-03,45281,GBP
IMP-09465,Ananya,Joshi,imp.09465@acme-corp.com,Sales,Analyst,L6,CH,2023-06-23,151431,CHF
IMP-09466,Robert,Reddy,imp.09466@acme-corp.com,Sales,Analyst,L2,JP,2018-05-31,11184791,JPY
IMP-09467,Arjun,Thomas,imp.09467@acme-corp.com,Engineering,Engineer,L6,US,2019-07-08,100747,USD
IMP-09468,Charles,Singh,imp.09468@acme-corp.com,Engineering,Engineer,L4,TW,2017-10-28,1096500,TWD
IMP-09469,Karen,Thomas,imp.09469@acme-corp.com,Engineering,Engineer,L2,US,2018-07-05,122219,USD
IMP-09470,Susan,Reddy,imp.09470@acme-corp.com,Finance,Analyst,L1,GB,2023-01-03,139181,GBP
IMP-09471,David,Taylor,imp.09471@acme-corp.com,Operations,Manager,L1,DK,2022-10-31,1007083,DKK
IMP-09472,Pedro,Reddy,imp.09472@acme-corp.com,HR,Manager,L3,US,2017-11-05,67563,USD
IMP-09473,Robert,Smith,imp.09473@acme-corp.com,Operations,Manager,L5,SE,2020-09-09,482533,SEK
IMP-09474,Hiroshi,Thompson,imp.09474@acme-corp.com,Operations,Manager,L4,US,2024-08-20,145287,USD
IMP-09475,Carlos,Roux,imp.09475@acme-corp.com,HR,Manager,L4,NL,2016-08-09,86309,EUR
IMP-09476,Akiko,Park,imp.09476@acme-corp.com,Design,Designer,L4,DE,2021-06-05,77308,EUR
IMP-09477,Sakura,Fischer,imp.09477@acme-corp.com,Engineering,Engineer,L4,US,2023-03-03,84730,USD
IMP-09478,Yuki,Laurent,imp.09478@acme-corp.com,Operations,Manager,L4,MX,2021-09-07,840218,MXN
IMP-09479,Yuna,Sharma,imp.09479@acme-corp.com,Finance,Analyst,L2,DK,2020-07-26,782799,DKK
IMP-09480,Fatima,Martinez,imp.09480@acme-corp.com,Sales,Analyst,L4,SG,2019-06-25,118716,SGD
IMP-09481,Pedro,Miller,imp.09481@acme-corp.com,Operations,Manager,L2,PL,2015-01-28,143636,PLN
IMP-09482,Michael,Wilson,imp.09482@acme-corp.com,HR,Manager,L2,DE,2018-10-17,54293,EUR
IMP-09483,Akiko,Braun,imp.09483@acme-corp.com,Engineering,Engineer,L6,HK,2023-08-08,593468,HKD
IMP-09484,Yusuf,Lim,imp.09484@acme-corp.com,Engineering,Engineer,L5,ZA,2016-07-04,952427,ZAR
IMP-09485,Rahul,Park,imp.09485@acme-corp.com,Engineering,Engineer,L5,TW,2021-12-25,2528117,TWD
IMP-09486,Zara,Miller,imp.09486@acme-corp.com,Finance,Analyst,L6,NO,2016-05-18,613500,NOK
IMP-09487,Patricia,Yoon,imp.09487@acme-corp.com,Engineering,Engineer,L4,CH,2016-05-30,101604,CHF
IMP-09488,Sarah,Patel,imp.09488@acme-corp.com,HR,Manager,L1,FR,2015-02-28,86159,EUR
IMP-09489,Ji-young,David,imp.09489@acme-corp.com,Sales,Analyst,L6,KR,2018-09-04,103820335,KRW
IMP-09490,Nancy,Dupont,imp.09490@acme-corp.com,Engineering,Engineer,L6,TW,2017-10-17,1787966,TWD
IMP-09491,Ji-young,Song,imp.09491@acme-corp.com,Engineering,Engineer,L2,MX,2022-12-01,918179,MXN
IMP-09492,Wei,Zhang,imp.09492@acme-corp.com,Operations,Manager,L3,ES,2023-06-13,139443,EUR
IMP-09493,Yuna,Hoffmann,imp.09493@acme-corp.com,HR,Manager,L6,NO,2017-01-30,839419,NOK
IMP-09494,Takeshi,Schulz,imp.09494@acme-corp.com,Finance,Analyst,L2,IE,2021-01-18,61255,EUR
IMP-09495,Sarah,Williams,imp.09495@acme-corp.com,Sales,Analyst,L3,CA,2023-05-09,168472,CAD
IMP-09496,Kenji,Michel,imp.09496@acme-corp.com,Engineering,Engineer,L6,US,2024-02-26,161206,USD
IMP-09497,Yuki,Richter,imp.09497@acme-corp.com,Engineering,Engineer,L2,JP,2024-11-13,7842730,JPY
IMP-09498,Omar,Klein,imp.09498@acme-corp.com,Finance,Analyst,L1,IN,2018-05-08,3420832,INR
IMP-09499,Wei,Yang,imp.09499@acme-corp.com,Design,Designer,L6,GB,2018-03-25,109769,GBP
IMP-09500,Jessica,Michel,imp.09500@acme-corp.com,Finance,Analyst,L6,AE,2017-01-15,337724,AED
IMP-09501,Ji-young,Jackson,imp.09501@acme-corp.com,Operations,Manager,L4,NO,2020-08-18,1225583,NOK
IMP-09502,Nancy,Gupta,imp.09502@acme-corp.com,Engineering,Engineer,L3,SE,2016-09-29,1148005,SEK
IMP-09503,Zara,Zhang,imp.09503@acme-corp.com,Finance,Analyst,L1,IN,2022-05-07,2241451,INR
IMP-09504,Omar,Kim,imp.09504@acme-corp.com,Engineering,Engineer,L2,IE,2020-09-09,126746,EUR
IMP-09505,Liu,Brown,imp.09505@acme-corp.com,Operations,Manager,L1,SG,2017-12-15,162811,SGD
IMP-09506,Liu,Müller,imp.09506@acme-corp.com,Operations,Manager,L4,CH,2017-02-17,171736,CHF
IMP-09507,William,Wang,imp.09507@acme-corp.com,Finance,Analyst,L3,HK,2016-09-14,446018,HKD
IMP-09508,Sarah,White,imp.09508@acme-corp.com,Engineering,Engineer,L2,KR,2016-05-16,48089368,KRW
IMP-09509,Priya,Lee,imp.09509@acme-corp.com,Engineering,Engineer,L1,SG,2020-09-02,195498,SGD
IMP-09510,Jae-won,Kang,imp.09510@acme-corp.com,Finance,Analyst,L4,DE,2017-04-19,75457,EUR
IMP-09511,Min,Moore,imp.09511@acme-corp.com,Engineering,Engineer,L4,AE,2019-03-29,520249,AED
IMP-09512,Robert,White,imp.09512@acme-corp.com,Design,Designer,L1,US,2020-07-29,118158,USD
IMP-09513,Nancy,Klein,imp.09513@acme-corp.com,Operations,Manager,L4,NL,2015-03-05,70842,EUR
IMP-09514,Carlos,Davis,imp.09514@acme-corp.com,Engineering,Engineer,L2,HK,2019-06-12,793450,HKD
IMP-09515,Elizabeth,Han,imp.09515@acme-corp.com,Sales,Analyst,L4,US,2017-11-03,217138,USD
IMP-09516,Patricia,Huang,imp.09516@acme-corp.com,Sales,Analyst,L6,FR,2021-09-14,122100,EUR
IMP-09517,Ahmed,Laurent,imp.09517@acme-corp.com,Operations,Manager,L1,MX,2021-12-18,561517,MXN
IMP-09518,Maria,Michel,imp.09518@acme-corp.com,Sales,Analyst,L1,JP,2015-08-30,12415614,JPY
IMP-09519,Ibrahim,Huang,imp.09519@acme-corp.com,Engineering,Engineer,L1,CA,2022-09-27,81154,CAD
IMP-09520,Linda,Moore,imp.09520@acme-corp.com,Engineering,Engineer,L5,MX,2019-11-03,1143964,MXN
IMP-09521,Ahmed,White,imp.09521@acme-corp.com,Engineering,Engineer,L5,US,2023-11-26,209386,USD
IMP-09522,Maria,Mehta,imp.09522@acme-corp.com,Engineering,Engineer,L4,PL,2021-12-28,156362,PLN
IMP-09523,Omar,Davis,imp.09523@acme-corp.com,Engineering,Engineer,L4,CA,2023-09-28,89251,CAD
IMP-09524,Nancy,Laurent,imp.09524@acme-corp.com,Sales,Analyst,L2,DE,2015-08-09,128393,EUR
IMP-09525,William,Wang,imp.09525@acme-corp.com,Operations,Manager,L1,AU,2022-08-03,119085,AUD
IMP-09526,Sakura,Patel,imp.09526@acme-corp.com,Finance,Analyst,L6,ES,2018-06-25,107984,EUR
IMP-09527,Ji-young,Michel,imp.09527@acme-corp.com,Sales,Analyst,L6,SG,2019-05-03,132898,SGD
IMP-09528,Barbara,Huang,imp.09528@acme-corp.com,Engineering,Engineer,L2,ES,2016-04-22,119314,EUR
IMP-09529,William,Anderson,imp.09529@acme-corp.com,HR,Manager,L4,JP,2020-12-18,15866300,JPY
IMP-09530,James,Park,imp.09530@acme-corp.com,HR,Manager,L3,US,2016-11-04,190860,USD
IMP-09531,Ana,Li,imp.09531@acme-corp.com,Finance,Analyst,L4,US,2024-02-10,129908,USD
IMP-09532,William,Hernandez,imp.09532@acme-corp.com,Operations,Manager,L2,PL,2020-11-03,168206,PLN
IMP-09533,Jessica,Williams,imp.09533@acme-corp.com,Engineering,Engineer,L3,MX,2022-04-24,813640,MXN
IMP-09534,Ibrahim,Wu,imp.09534@acme-corp.com,Sales,Analyst,L1,FR,2021-07-23,101274,EUR
IMP-09535,Jennifer,Zhou,imp.09535@acme-corp.com,Engineering,Engineer,L4,US,2022-07-22,195077,USD
IMP-09536,James,Thomas,imp.09536@acme-corp.com,Engineering,Engineer,L1,KR,2023-06-25,101934220,KRW
IMP-09537,Jessica,Kumar,imp.09537@acme-corp.com,Design,Designer,L6,ZA,2018-03-14,1463275,ZAR
IMP-09538,Francisco,Lim,imp.09538@acme-corp.com,Finance,Analyst,L3,PL,2024-10-15,125923,PLN
IMP-09539,Ibrahim,Mehta,imp.09539@acme-corp.com,Engineering,Engineer,L4,MX,2017-04-27,969348,MXN
IMP-09540,Chen,Anderson,imp.09540@acme-corp.com,Engineering,Engineer,L4,JP,2016-08-10,11563931,JPY
IMP-09541,Liu,White,imp.09541@acme-corp.com,Sales,Analyst,L4,DK,2024-06-23,831438,DKK
IMP-09542,Jae-won,Han,imp.09542@acme-corp.com,Finance,Analyst,L6,ES,2022-01-06,119971,EUR
IMP-09543,Linda,Hernandez,imp.09543@acme-corp.com,Engineering,Engineer,L2,HK,2016-09-30,432091,HKD
IMP-09544,James,Schulz,imp.09544@acme-corp.com,Sales,Analyst,L2,SG,2018-10-03,196476,SGD
IMP-09545,Takeshi,Jung,imp.09545@acme-corp.com,Operations,Manager,L2,GB,2019-09-10,64721,GBP
IMP-09546,Kenji,David,imp.09546@acme-corp.com,Sales,Analyst,L4,DE,2021-10-22,52834,EUR
IMP-09547,Barbara,Yoon,imp.09547@acme-corp.com,Finance,Analyst,L2,MX,2015-08-23,639139,MXN
IMP-09548,Sung-min,Thompson,imp.09548@acme-corp.com,Engineering,Engineer,L3,US,2020-08-27,125044,USD
IMP-09549,Ji-young,Park,imp.09549@acme-corp.com,Engineering,Engineer,L5,AE,2018-10-18,486370,AED
IMP-09550,Barbara,Han,imp.09550@acme-corp.com,Finance,Analyst,L6,DE,2021-08-21,93525,EUR
IMP-09551,Arjun,Braun,imp.09551@acme-corp.com,Engineering,Engineer,L1,DK,2021-10-16,564779,DKK
IMP-09552,Sung-min,Taylor,imp.09552@acme-corp.com,Engineering,Engineer,L5,JP,2023-03-30,12480714,JPY
IMP-09553,Arjun,Lee,imp.09553@acme-corp.com,Design,Designer,L4,US,2020-10-30,106531,USD
IMP-09554,David,Joshi,imp.09554@acme-corp.com,Operations,Manager,L4,AE,2017-10-08,280973,AED
IMP-09555,Jessica,Klein,imp.09555@acme-corp.com,Sales,Analyst,L2,DE,2022-03-28,84837,EUR
IMP-09556,Liu,Wu,imp.09556@acme-corp.com,Engineering,Engineer,L4,GB,2015-12-22,125903,GBP
IMP-09557,Priya,Martin,imp.09557@acme-corp.com,HR,Manager,L3,ES,2022-09-28,129239,EUR
IMP-09558,Richard,Hoffmann,imp.09558@acme-corp.com,Engineering,Engineer,L1,ZA,2017-07-23,429422,ZAR
IMP-09559,Jessica,Kang,imp.09559@acme-corp.com,Engineering,Engineer,L4,MX,2016-01-20,518388,MXN
IMP-09560,Takeshi,Moreau,imp.09560@acme-corp.com,Engineering,Engineer,L3,JP,2019-11-02,8653176,JPY
IMP-09561,Carmen,Lim,imp.09561@acme-corp.com,Finance,Analyst,L2,DE,2017-11-14,122195,EUR
IMP-09562,Maria,Lee,imp.09562@acme-corp.com,Engineering,Engineer,L3,TW,2016-06-26,3165731,TWD
IMP-09563,Yuki,Taylor,imp.09563@acme-corp.com,Engineering,Engineer,L2,AU,2016-02-23,180315,AUD
IMP-09564,Linda,Miller,imp.09564@acme-corp.com,Finance,Analyst,L4,CA,2017-01-23,163715,CAD
IMP-09565,Francisco,Reddy,imp.09565@acme-corp.com,HR,Manager,L1,PL,2023-12-22,116091,PLN
IMP-09566,Michael,Schulz,imp.09566@acme-corp.com,HR,Manager,L3,AU,2017-09-22,89015,AUD
IMP-09567,Luis,Lee,imp.09567@acme-corp.com,Sales,Analyst,L4,MX,2016-03-02,931508,MXN
IMP-09568,Robert,David,imp.09568@acme-corp.com,Finance,Analyst,L2,JP,2020-09-18,7274051,JPY
IMP-09569,Hassan,Nair,imp.09569@acme-corp.com,Design,Designer,L5,MX,2019-02-03,803274,MXN
IMP-09570,William,Wilson,imp.09570@acme-corp.com,Sales,Analyst,L1,IN,2019-05-28,2154594,INR
IMP-09571,Jessica,Martinez,imp.09571@acme-corp.com,Design,Designer,L1,MX,2015-10-27,1120186,MXN
IMP-09572,Karen,Martinez,imp.09572@acme-corp.com,Sales,Analyst,L4,GB,2020-02-07,113804,GBP
IMP-09573,Fatima,Braun,imp.09573@acme-corp.com,Operations,Manager,L2,US,2024-01-19,205555,USD
IMP-09574,Jae-won,Miller,imp.09574@acme-corp.com,Engineering,Engineer,L5,AU,2024-12-11,173104,AUD
IMP-09575,Takeshi,Hernandez,imp.09575@acme-corp.com,Engineering,Engineer,L3,AU,2016-09-15,123882,AUD
IMP-09576,Priya,Anderson,imp.09576@acme-corp.com,Sales,Analyst,L4,ZA,2016-07-14,473845,ZAR
IMP-09577,Rosa,Huang,imp.09577@acme-corp.com,Engineering,Engineer,L6,CA,2020-06-19,130970,CAD
IMP-09578,Sakura,Brown,imp.09578@acme-corp.com,Engineering,Engineer,L4,MX,2018-10-20,376558,MXN
IMP-09579,Luis,Moore,imp.09579@acme-corp.com,HR,Manager,L2,PL,2024-03-26,74165,PLN
IMP-09580,William,Liu,imp.09580@acme-corp.com,Engineering,Engineer,L6,ES,2015-12-13,113274,EUR
IMP-09581,Joseph,Martin,imp.09581@acme-corp.com,Engineering,Engineer,L3,GB,2021-09-28,106908,GBP
IMP-09582,Sakura,Huang,imp.09582@acme-corp.com,Finance,Analyst,L2,GB,2022-04-16,52075,GBP
IMP-09583,Akiko,Zhou,imp.09583@acme-corp.com,Engineering,Engineer,L6,KR,2024-02-11,105780682,KRW
IMP-09584,Takeshi,Laurent,imp.09584@acme-corp.com,Sales,Analyst,L1,SE,2023-09-26,499803,SEK
IMP-09585,Sung-min,Wilson,imp.09585@acme-corp.com,Sales,Analyst,L6,TW,2024-02-22,2927038,TWD
IMP-09586,Zara,Fischer,imp.09586@acme-corp.com,HR,Manager,L5,SE,2021-08-31,1053088,SEK
IMP-09587,Wei,Richter,imp.09587@acme-corp.com,Sales,Analyst,L4,CA,2022-02-05,148200,CAD
IMP-09588,Sarah,Simon,imp.09588@acme-corp.com,Sales,Analyst,L3,IN,2020-10-08,2221933,INR
IMP-09589,Mary,Garcia,imp.09589@acme-corp.com,Finance,Analyst,L1,CA,2015-10-11,154026,CAD
IMP-09590,Fatima,Martinez,imp.09590@acme-corp.com,Sales,Analyst,L1,US,2021-05-09,135141,USD
IMP-09591,Min,Li,imp.09591@acme-corp.com,Sales,Analyst,L5,MX,2024-09-20,952911,MXN
IMP-09592,Zhang,Zhou,imp.09592@acme-corp.com,Finance,Analyst,L3,FR,2024-03-31,82726,EUR
IMP-09593,Jose,Brown,imp.09593@acme-corp.com,HR,Manager,L3,US,2020-06-12,219950,USD
IMP-09594,Isabel,Sharma,imp.09594@acme-corp.com,Engineering,Engineer,L4,DE,2021-08-02,113663,EUR
IMP-09595,Pedro,Lee,imp.09595@acme-corp.com,Engineering,Engineer,L4,NO,2016-10-08,1148527,NOK
IMP-09596,Patricia,Zhou,imp.09596@acme-corp.com,Engineering,Engineer,L2,ES,2021-02-04,91170,EUR
IMP-09597,Ananya,Jackson,imp.09597@acme-corp.com,Finance,Analyst,L2,GB,2016-06-28,116008,GBP
IMP-09598,Mary,Lee,imp.09598@acme-corp.com,Operations,Manager,L3,ZA,2021-11-07,302927,ZAR
IMP-09599,Ana,Schmidt,imp.09599@acme-corp.com,Sales,Analyst,L5,DE,2016-11-29,68811,EUR
IMP-09600,Chen,Laurent,imp.09600@acme-corp.com,HR,Manager,L5,US,2023-10-05,210309,USD
IMP-09601,Elizabeth,Schmidt,imp.09601@acme-corp.com,Finance,Analyst,L5,KR,2022-07-05,128231267,KRW
IMP-09602,Charles,David,imp.09602@acme-corp.com,Design,Designer,L4,DK,2021-02-09,995997,DKK
IMP-09603,Rahul,Laurent,imp.09603@acme-corp.com,Operations,Manager,L5,CA,2017-10-24,139033,CAD
IMP-09604,Liu,Singh,imp.09604@acme-corp.com,Finance,Analyst,L4,ZA,2016-04-03,1016413,ZAR
IMP-09605,Min,Garcia,imp.09605@acme-corp.com,Engineering,Engineer,L6,PL,2015-11-30,148550,PLN
IMP-09606,Maria,Kim,imp.09606@acme-corp.com,Engineering,Engineer,L1,ES,2023-08-01,96877,EUR
IMP-09607,Layla,Lim,imp.09607@acme-corp.com,HR,Manager,L5,TW,2015-04-27,886886,TWD
IMP-09608,Michael,Wang,imp.09608@acme-corp.com,Sales,Analyst,L2,AU,2022-01-20,116937,AUD
IMP-09609,Patricia,Moreau,imp.09609@acme-corp.com,Sales,Analyst,L1,MX,2023-02-28,730067,MXN
IMP-09610,Francisco,Huang,imp.09610@acme-corp.com,Engineering,Engineer,L3,FR,2019-07-24,128136,EUR
IMP-09611,Susan,Mehta,imp.09611@acme-corp.com,Finance,Analyst,L3,US,2018-02-15,195050,USD
IMP-09612,Jennifer,Mehta,imp.09612@acme-corp.com,Engineering,Engineer,L6,IN,2024-09-04,3629208,INR
IMP-09613,Francisco,Yang,imp.09613@acme-corp.com,Engineering,Engineer,L5,IN,2017-06-06,1972933,INR
IMP-09614,Ananya,Joshi,imp.09614@acme-corp.com,Design,Designer,L3,AU,2015-07-19,155647,AUD
IMP-09615,Barbara,Choi,imp.09615@acme-corp.com,Sales,Analyst,L5,FR,2021-03-17,134999,EUR
IMP-09616,Yuna,Kim,imp.09616@acme-corp.com,Engineering,Engineer,L1,DE,2015-04-24,132750,EUR
IMP-09617,Sakura,Williams,imp.09617@acme-corp.com,Engineering,Engineer,L1,US,2021-04-08,184266,USD
IMP-09618,David,Reddy,imp.09618@acme-corp.com,Operations,Manager,L4,US,2023-09-24,198348,USD
IMP-09619,Ji-young,Braun,imp.09619@acme-corp.com,Engineering,Engineer,L6,DE,2024-11-23,112479,EUR
IMP-09620,Mei,Miller,imp.09620@acme-corp.com,Sales,Analyst,L3,DK,2018-02-07,1052115,DKK
IMP-09621,Kenji,Li,imp.09621@acme-corp.com,Engineering,Engineer,L5,MX,2021-10-21,437036,MXN
IMP-09622,Carlos,Gupta,imp.09622@acme-corp.com,Engineering,Engineer,L4,MX,2021-04-23,1019077,MXN
IMP-09623,Zara,Moreau,imp.09623@acme-corp.com,Engineering,Engineer,L4,NO,2018-02-10,879392,NOK
IMP-09624,Jennifer,Kim,imp.09624@acme-corp.com,Finance,Analyst,L5,PL,2016-05-26,153444,PLN
IMP-09625,Yuki,Hoffmann,imp.09625@acme-corp.com,Finance,Analyst,L5,FR,2015-03-19,117801,EUR
IMP-09626,Thomas,Nair,imp.09626@acme-corp.com,Sales,Analyst,L6,US,2019-12-26,211460,USD
IMP-09627,Robert,Han,imp.09627@acme-corp.com,Engineering,Engineer,L3,DE,2018-11-29,55663,EUR
IMP-09628,Nancy,Schulz,imp.09628@acme-corp.com,Design,Designer,L5,MX,2021-10-24,934194,MXN
IMP-09629,Luis,Lim,imp.09629@acme-corp.com,Engineering,Engineer,L4,HK,2016-03-23,861829,HKD
IMP-09630,Ahmed,Simon,imp.09630@acme-corp.com,Engineering,Engineer,L5,JP,2023-01-21,13704990,JPY
IMP-09631,Francisco,Mehta,imp.09631@acme-corp.com,Operations,Manager,L6,FR,2020-05-11,94521,EUR
IMP-09632,Layla,Nair,imp.09632@acme-corp.com,Engineering,Engineer,L5,ZA,2018-07-02,1066701,ZAR
IMP-09633,James,Jackson,imp.09633@acme-corp.com,Design,Designer,L5,HK,2017-02-03,1089965,HKD
IMP-09634,Sakura,Hoffmann,imp.09634@acme-corp.com,Sales,Analyst,L6,US,2024-01-28,218678,USD
IMP-09635,Carlos,Davis,imp.09635@acme-corp.com,Engineering,Engineer,L2,GB,2016-01-11,124935,GBP
IMP-09636,Takeshi,Brown,imp.09636@acme-corp.com,Engineering,Engineer,L1,TW,2022-04-23,1047449,TWD
IMP-09637,Akiko,Fischer,imp.09637@acme-corp.com,Operations,Manager,L3,DK,2018-11-22,636225,DKK
IMP-09638,Ahmed,Huang,imp.09638@acme-corp.com,Engineering,Engineer,L5,PL,2017-09-26,233812,PLN
IMP-09639,Hiroshi,Bernard,imp.09639@acme-corp.com,Engineering,Engineer,L4,DK,2016-05-14,456402,DKK
IMP-09640,Ahmed,Brown,imp.09640@acme-corp.com,Sales,Analyst,L4,CH,2019-04-24,171177,CHF
IMP-09641,Jessica,Kumar,imp.09641@acme-corp.com,Sales,Analyst,L5,AU,2019-10-05,123930,AUD
IMP-09642,Ahmed,Choi,imp.09642@acme-corp.com,Engineering,Engineer,L2,CH,2022-06-19,139145,CHF
IMP-09643,Fatima,David,imp.09643@acme-corp.com,Engineering,Engineer,L6,US,2015-11-05,144806,USD
IMP-09644,Yusuf,Michel,imp.09644@acme-corp.com,Engineering,Engineer,L5,DE,2023-09-05,106395,EUR
IMP-09645,Susan,Sharma,imp.09645@acme-corp.com,Engineering,Engineer,L1,IE,2021-08-21,84863,EUR
IMP-09646,Nancy,Reddy,imp.09646@acme-corp.com,HR,Manager,L1,DE,2018-10-21,88870,EUR
IMP-09647,Layla,Schmidt,imp.09647@acme-corp.com,Engineering,Engineer,L2,US,2016-06-10,217645,USD
IMP-09648,James,Xu,imp.09648@acme-corp.com,Engineering,Engineer,L5,TW,2015-01-27,1981388,TWD
IMP-09649,Ibrahim,Yoon,imp.09649@acme-corp.com,Sales,Analyst,L1,MX,2023-02-28,1054301,MXN
IMP-09650,Joseph,Braun,imp.09650@acme-corp.com,Engineering,Engineer,L3,AE,2015-11-07,387016,AED
IMP-09651,Mei,Brown,imp.09651@acme-corp.com,Sales,Analyst,L3,FR,2024-11-07,142741,EUR
IMP-09652,Yuki,Mehta,imp.09652@acme-corp.com,Operations,Manager,L1,NL,2016-09-11,85700,EUR
IMP-09653,Carlos,Wu,imp.09653@acme-corp.com,Engineering,Engineer,L3,HK,2018-02-27,666433,HKD
IMP-09654,Omar,Dupont,imp.09654@acme-corp.com,Sales,Analyst,L4,JP,2021-12-30,6231206,JPY
IMP-09655,Jessica,Wang,imp.09655@acme-corp.com,HR,Manager,L4,US,2016-12-07,165839,USD
IMP-09656,Zhang,Braun,imp.09656@acme-corp.com,Sales,Analyst,L1,HK,2016-10-14,318595,HKD
IMP-09657,Fatima,Garcia,imp.09657@acme-corp.com,Finance,Analyst,L2,CA,2018-02-27,156406,CAD
IMP-09658,Zhang,Taylor,imp.09658@acme-corp.com,Sales,Analyst,L5,NL,2019-05-04,149900,EUR
IMP-09659,Sakura,Brown,imp.09659@acme-corp.com,Finance,Analyst,L6,US,2017-10-11,140050,USD
IMP-09660,Yusuf,Becker,imp.09660@acme-corp.com,Sales,Analyst,L2,NO,2015-03-17,1031488,NOK
IMP-09661,Jose,Thompson,imp.09661@acme-corp.com,Finance,Analyst,L2,IN,2023-09-14,1726490,INR
IMP-09662,Susan,Lee,imp.09662@acme-corp.com,Engineering,Engineer,L4,US,2022-12-31,164423,USD
IMP-09663,Carlos,Nair,imp.09663@acme-corp.com,Operations,Manager,L5,NO,2018-06-30,1052576,NOK
IMP-09664,Jennifer,Jung,imp.09664@acme-corp.com,Finance,Analyst,L5,US,2020-01-18,203668,USD
IMP-09665,Arjun,Becker,imp.09665@acme-corp.com,Engineering,Engineer,L6,NL,2023-03-06,51159,EUR
IMP-09666,Yuki,Johnson,imp.09666@acme-corp.com,Sales,Analyst,L2,ES,2018-11-23,109782,EUR
IMP-09667,Arjun,Choi,imp.09667@acme-corp.com,Sales,Analyst,L4,IN,2019-03-09,819504,INR
IMP-09668,Sarah,Kumar,imp.09668@acme-corp.com,Engineering,Engineer,L2,GB,2021-10-16,93931,GBP
IMP-09669,Charles,Michel,imp.09669@acme-corp.com,Sales,Analyst,L5,JP,2023-09-04,9331982,JPY
IMP-09670,James,Wilson,imp.09670@acme-corp.com,Operations,Manager,L4,US,2024-11-29,109863,USD
IMP-09671,Min,Yang,imp.09671@acme-corp.com,Engineering,Engineer,L6,US,2021-02-13,209190,USD
IMP-09672,Sarah,Pillai,imp.09672@acme-corp.com,Engineering,Engineer,L6,US,2016-11-09,174580,USD
IMP-09673,Carlos,Laurent,imp.09673@acme-corp.com,Design,Designer,L4,US,2016-08-12,182472,USD
IMP-09674,Elizabeth,Michel,imp.09674@acme-corp.com,Finance,Analyst,L3,KR,2018-01-28,61456206,KRW
IMP-09675,Karen,Jackson,imp.09675@acme-corp.com,Engineering,Engineer,L1,FR,2021-08-03,100728,EUR
IMP-09676,Ahmed,Joshi,imp.09676@acme-corp.com,Sales,Analyst,L4,IN,2020-09-04,1082187,INR
IMP-09677,Richard,Williams,imp.09677@acme-corp.com,Sales,Analyst,L2,CH,2017-06-29,98916,CHF
IMP-09678,Robert,Roux,imp.09678@acme-corp.com,Sales,Analyst,L5,IN,2018-04-06,940647,INR
IMP-09679,Rahul,Miller,imp.09679@acme-corp.com,Operations,Manager,L6,MX,2024-10-19,941023,MXN
IMP-09680,Kenji,White,imp.09680@acme-corp.com,Engineering,Engineer,L6,NO,2024-12-12,1204721,NOK
IMP-09681,Sung-min,Bernard,imp.09681@acme-corp.com,Engineering,Engineer,L3,US,2021-01-12,112236,USD
IMP-09682,Ahmed,Nair,imp.09682@acme-corp.com,Engineering,Engineer,L1,SE,2024-03-14,1013352,SEK
IMP-09683,Pedro,Bernard,imp.09683@acme-corp.com,Sales,Analyst,L5,AE,2023-06-13,163577,AED
IMP-09684,Yuki,Müller,imp.09684@acme-corp.com,Sales,Analyst,L1,NL,2015-08-22,142123,EUR
IMP-09685,Zara,Moore,imp.09685@acme-corp.com,Engineering,Engineer,L4,IE,2015-12-23,57379,EUR
IMP-09686,Jessica,Kang,imp.09686@acme-corp.com,Sales,Analyst,L3,KR,2020-11-22,117790054,KRW
IMP-09687,Joseph,Wilson,imp.09687@acme-corp.com,Sales,Analyst,L3,US,2024-03-10,170913,USD
IMP-09688,Mei,White,imp.09688@acme-corp.com,Engineering,Engineer,L6,GB,2022-05-02,80097,GBP
IMP-09689,Arjun,Yoon,imp.09689@acme-corp.com,Operations,Manager,L1,NO,2017-03-08,858768,NOK
IMP-09690,Layla,Jackson,imp.09690@acme-corp.com,Engineering,Engineer,L6,GB,2024-07-22,116470,GBP
IMP-09691,Ji-young,Patel,imp.09691@acme-corp.com,Operations,Manager,L3,DE,2015-11-03,133089,EUR
IMP-09692,Kenji,Wu,imp.09692@acme-corp.com,Operations,Manager,L3,AU,2016-01-02,117742,AUD
IMP-09693,Sarah,Thomas,imp.09693@acme-corp.com,Operations,Manager,L3,US,2020-09-21,152855,USD
IMP-09694,Ananya,Kang,imp.09694@acme-corp.com,Engineering,Engineer,L6,ZA,2023-03-19,849348,ZAR
IMP-09695,Linda,Kumar,imp.09695@acme-corp.com,Engineering,Engineer,L4,ZA,2017-10-03,673039,ZAR
IMP-09696,Zara,Moreau,imp.09696@acme-corp.com,Finance,Analyst,L4,DE,2018-06-27,121073,EUR
IMP-09697,Robert,Sharma,imp.09697@acme-corp.com,Engineering,Engineer,L1,SG,2024-12-22,99950,SGD
IMP-09698,Nancy,Wilson,imp.09698@acme-corp.com,Engineering,Engineer,L5,US,2023-02-14,209048,USD
IMP-09699,Nancy,Miller,imp.09699@acme-corp.com,Operations,Manager,L3,CH,2019-11-06,176365,CHF
IMP-09700,Carmen,Liu,imp.09700@acme-corp.com,Operations,Manager,L6,KR,2018-10-13,75554196,KRW
IMP-09701,Kenji,Singh,imp.09701@acme-corp.com,Design,Designer,L6,CA,2021-04-05,86166,CAD
IMP-09702,Linda,Yang,imp.09702@acme-corp.com,Engineering,Engineer,L3,ZA,2017-05-11,1175917,ZAR
IMP-09703,Thomas,Park,imp.09703@acme-corp.com,Engineering,Engineer,L5,MX,2019-02-27,654554,MXN
IMP-09704,Priya,Fischer,imp.09704@acme-corp.com,Sales,Analyst,L6,TW,2023-12-27,2305980,TWD
IMP-09705,Layla,Wang,imp.09705@acme-corp.com,Engineering,Engineer,L2,MX,2015-03-09,945773,MXN
IMP-09706,Wei,Chen,imp.09706@acme-corp.com,Operations,Manager,L1,SG,2023-06-10,93097,SGD
IMP-09707,Priya,Mehta,imp.09707@acme-corp.com,HR,Manager,L3,MX,2023-01-09,903068,MXN
IMP-09708,Francisco,Nair,imp.09708@acme-corp.com,Finance,Analyst,L1,US,2016-04-19,158467,USD
IMP-09709,Takeshi,Johnson,imp.09709@acme-corp.com,HR,Manager,L6,US,2023-08-24,185928,USD
IMP-09710,Jae-won,Weber,imp.09710@acme-corp.com,Finance,Analyst,L3,IN,2015-02-25,3898822,INR
IMP-09711,Mary,Dupont,imp.09711@acme-corp.com,Operations,Manager,L6,IE,2017-05-23,139397,EUR
IMP-09712,Michael,Mehta,imp.09712@acme-corp.com,Engineering,Engineer,L5,ES,2019-08-17,124660,EUR
IMP-09713,Mary,Becker,imp.09713@acme-corp.com,Sales,Analyst,L4,JP,2024-01-24,9455642,JPY
IMP-09714,Luis,Bernard,imp.09714@acme-corp.com,Engineering,Engineer,L1,GB,2022-11-18,120532,GBP
IMP-09715,Nancy,Taylor,imp.09715@acme-corp.com,HR,Manager,L2,IN,2022-05-31,4064023,INR
IMP-09716,Omar,Sharma,imp.09716@acme-corp.com,Operations,Manager,L2,AE,2020-06-18,506966,AED
IMP-09717,James,Huang,imp.09717@acme-corp.com,HR,Manager,L3,AE,2018-07-18,140967,AED
IMP-09718,Mary,Schmidt,imp.09718@acme-corp.com,Operations,Manager,L6,ES,2022-04-12,132060,EUR
IMP-09719,Sarah,Zhou,imp.09719@acme-corp.com,Operations,Manager,L3,GB,2022-04-08,92230,GBP
IMP-09720,Jennifer,Liu,imp.09720@acme-corp.com,Engineering,Engineer,L4,ES,2017-01-02,128092,EUR
IMP-09721,Wei,Müller,imp.09721@acme-corp.com,Finance,Analyst,L2,DE,2023-11-19,87756,EUR
IMP-09722,Jae-won,Laurent,imp.09722@acme-corp.com,Sales,Analyst,L5,KR,2022-01-01,77480033,KRW
IMP-09723,Ana,Chen,imp.09723@acme-corp.com,Sales,Analyst,L1,IN,2016-06-23,3273552,INR
IMP-09724,Aisha,Mehta,imp.09724@acme-corp.com,Sales,Analyst,L2,CA,2016-08-06,117525,CAD
IMP-09725,Ahmed,Hoffmann,imp.09725@acme-corp.com,Engineering,Engineer,L6,NL,2020-07-21,54115,EUR
IMP-09726,Fatima,Liu,imp.09726@acme-corp.com,Engineering,Engineer,L4,NO,2015-05-29,920635,NOK
IMP-09727,Sakura,Brown,imp.09727@acme-corp.com,Engineering,Engineer,L1,PL,2023-12-29,129239,PLN
IMP-09728,Ibrahim,Lee,imp.09728@acme-corp.com,Sales,Analyst,L5,NL,2022-04-23,125801,EUR
IMP-09729,Ananya,Wang,imp.09729@acme-corp.com,Engineering,Engineer,L1,IE,2016-04-17,54196,EUR
IMP-09730,Isabel,Sharma,imp.09730@acme-corp.com,Design,Designer,L6,IN,2019-06-15,1257233,INR
IMP-09731,Carlos,Laurent,imp.09731@acme-corp.com,Engineering,Engineer,L5,US,2020-04-06,168515,USD
IMP-09732,Elizabeth,Liu,imp.09732@acme-corp.com,HR,Manager,L5,DE,2019-08-15,134002,EUR
IMP-09733,Richard,Taylor,imp.09733@acme-corp.com,Finance,Analyst,L5,US,2016-06-27,82113,USD
IMP-09734,Akiko,Xu,imp.09734@acme-corp.com,Engineering,Engineer,L3,US,2023-01-25,90927,USD
IMP-09735,Kenji,Jung,imp.09735@acme-corp.com,Engineering,Engineer,L3,TW,2020-04-15,2556781,TWD
IMP-09736,Sarah,Moreau,imp.09736@acme-corp.com,Engineering,Engineer,L4,US,2019-05-29,73802,USD
IMP-09737,Mary,Lim,imp.09737@acme-corp.com,Design,Designer,L5,GB,2015-01-18,56806,GBP
IMP-09738,Liu,Singh,imp.09738@acme-corp.com,Finance,Analyst,L6,SG,2021-10-13,169075,SGD
IMP-09739,Liu,Yang,imp.09739@acme-corp.com,HR,Manager,L4,US,2018-05-13,169295,USD
IMP-09740,Rahul,Joshi,imp.09740@acme-corp.com,Sales,Analyst,L3,DE,2015-07-04,118770,EUR
IMP-09741,Chen,Xu,imp.09741@acme-corp.com,Engineering,Engineer,L5,NL,2021-05-21,134772,EUR
IMP-09742,Nancy,Choi,imp.09742@acme-corp.com,Engineering,Engineer,L3,CH,2018-01-24,113975,CHF
IMP-09743,Jae-won,Zhou,imp.09743@acme-corp.com,Finance,Analyst,L1,NO,2015-07-09,1160964,NOK
IMP-09744,Sarah,Wu,imp.09744@acme-corp.com,HR,Manager,L6,GB,2024-12-26,114944,GBP
IMP-09745,Priya,Chen,imp.09745@acme-corp.com,Operations,Manager,L1,DE,2018-06-24,128372,EUR
IMP-09746,Barbara,Müller,imp.09746@acme-corp.com,Design,Designer,L6,US,2022-02-19,170272,USD
IMP-09747,Carmen,Lee,imp.09747@acme-corp.com,Sales,Analyst,L5,CA,2024-02-21,103822,CAD
IMP-09748,Carlos,Moreau,imp.09748@acme-corp.com,Sales,Analyst,L1,GB,2024-10-19,119641,GBP
IMP-09749,Kenji,Wang,imp.09749@acme-corp.com,Finance,Analyst,L3,CH,2019-08-26,144303,CHF
IMP-09750,Francisco,Joshi,imp.09750@acme-corp.com,Sales,Analyst,L5,KR,2017-01-21,120438875,KRW
IMP-09751,Rahul,Smith,imp.09751@acme-corp.com,Finance,Analyst,L1,IE,2016-11-29,99087,EUR
IMP-09752,Patricia,Weber,imp.09752@acme-corp.com,Sales,Analyst,L4,CH,2016-11-20,170076,CHF
IMP-09753,Michael,Davis,imp.09753@acme-corp.com,Operations,Manager,L4,ZA,2020-01-16,326606,ZAR
IMP-09754,Sakura,Smith,imp.09754@acme-corp.com,HR,Manager,L6,CH,2021-10-16,120223,CHF
IMP-09755,Nancy,Kim,imp.09755@acme-corp.com,Engineering,Engineer,L5,CH,2016-07-12,148172,CHF
IMP-09756,Zhang,Thompson,imp.09756@acme-corp.com,Engineering,Engineer,L2,US,2020-07-31,91141,USD
IMP-09757,Yusuf,Kim,imp.09757@acme-corp.com,Operations,Manager,L5,MX,2017-10-21,464412,MXN
IMP-09758,Susan,Wang,imp.09758@acme-corp.com,Engineering,Engineer,L4,DE,2022-10-18,145388,EUR
IMP-09759,Luis,Wu,imp.09759@acme-corp.com,Engineering,Engineer,L1,NL,2021-07-20,91745,EUR
IMP-09760,Richard,Moreau,imp.09760@acme-corp.com,Design,Designer,L2,GB,2016-04-09,50533,GBP
IMP-09761,Joseph,Fischer,imp.09761@acme-corp.com,Engineering,Engineer,L1,PL,2024-05-21,108680,PLN
IMP-09762,Ahmed,Roux,imp.09762@acme-corp.com,Sales,Analyst,L4,TW,2015-06-22,889454,TWD
IMP-09763,Ibrahim,Patel,imp.09763@acme-corp.com,Sales,Analyst,L4,MX,2016-03-24,709388,MXN
IMP-09764,Sakura,Li,imp.09764@acme-corp.com,HR,Manager,L2,DE,2018-01-25,140346,EUR
IMP-09765,Ananya,Yoon,imp.09765@acme-corp.com,Sales,Analyst,L3,SE,2018-11-03,882772,SEK
IMP-09766,Arjun,Sharma,imp.09766@acme-corp.com,Engineering,Engineer,L1,IN,2018-01-04,2092452,INR
IMP-09767,Hassan,Song,imp.09767@acme-corp.com,Engineering,Engineer,L5,DE,2018-09-21,104824,EUR
IMP-09768,Aisha,Mehta,imp.09768@acme-corp.com,Operations,Manager,L6,US,2017-01-12,178606,USD
IMP-09769,Hiroshi,Li,imp.09769@acme-corp.com,Engineering,Engineer,L6,AE,2018-09-14,496062,AED
IMP-09770,Ji-young,Reddy,imp.09770@acme-corp.com,Engineering,Engineer,L5,KR,2015-02-03,125826472,KRW
IMP-09771,Yuki,Jung,imp.09771@acme-corp.com,Design,Designer,L6,NL,2019-10-25,63964,EUR
IMP-09772,Yusuf,White,imp.09772@acme-corp.com,Design,Designer,L2,AE,2021-08-15,529877,AED
IMP-09773,Michael,Becker,imp.09773@acme-corp.com,Finance,Analyst,L2,GB,2018-03-14,95886,GBP
IMP-09774,Aisha,Schmidt,imp.09774@acme-corp.com,HR,Manager,L6,HK,2023-01-18,383169,HKD
IMP-09775,Sakura,Mehta,imp.09775@acme-corp.com,Design,Designer,L4,KR,2022-04-02,55446838,KRW
IMP-09776,Omar,Brown,imp.09776@acme-corp.com,Finance,Analyst,L1,DE,2019-04-15,84813,EUR
IMP-09777,Rahul,Martin,imp.09777@acme-corp.com,Finance,Analyst,L5,KR,2019-04-22,75332232,KRW
IMP-09778,Barbara,Li,imp.09778@acme-corp.com,Engineering,Engineer,L6,DE,2019-10-31,119703,EUR
IMP-09779,Sarah,Anderson,imp.09779@acme-corp.com,Engineering,Engineer,L2,US,2019-08-21,195192,USD
IMP-09780,Ananya,Chen,imp.09780@acme-corp.com,Finance,Analyst,L2,US,2022-04-30,194500,USD
IMP-09781,Joseph,Müller,imp.09781@acme-corp.com,HR,Manager,L1,TW,2017-10-03,2669554,TWD
IMP-09782,Rahul,Patel,imp.09782@acme-corp.com,HR,Manager,L3,KR,2024-03-31,128436675,KRW
IMP-09783,Elizabeth,Lee,imp.09783@acme-corp.com,Sales,Analyst,L3,ZA,2023-05-24,503376,ZAR
IMP-09784,Jae-won,Garcia,imp.09784@acme-corp.com,Finance,Analyst,L4,GB,2016-06-03,124770,GBP
IMP-09785,Omar,David,imp.09785@acme-corp.com,Sales,Analyst,L1,SG,2024-03-17,123962,SGD
IMP-09786,Takeshi,Lim,imp.09786@acme-corp.com,Operations,Manager,L1,FR,2023-07-20,131701,EUR
IMP-09787,Ananya,Martin,imp.09787@acme-corp.com,Operations,Manager,L6,MX,2018-05-19,870602,MXN
IMP-09788,Jae-won,Braun,imp.09788@acme-corp.com,Engineering,Engineer,L1,SG,2021-08-11,137445,SGD
IMP-09789,Ahmed,Pillai,imp.09789@acme-corp.com,HR,Manager,L1,NO,2023-02-24,1004847,NOK
IMP-09790,Ji-young,Martinez,imp.09790@acme-corp.com,Sales,Analyst,L3,FR,2023-03-26,77886,EUR
IMP-09791,Carlos,Taylor,imp.09791@acme-corp.com,Sales,Analyst,L1,GB,2021-09-07,60677,GBP
IMP-09792,Linda,White,imp.09792@acme-corp.com,Finance,Analyst,L6,HK,2019-12-01,454186,HKD
IMP-09793,James,Jones,imp.09793@acme-corp.com,Operations,Manager,L1,US,2017-10-02,180599,USD
IMP-09794,Robert,Garcia,imp.09794@acme-corp.com,Engineering,Engineer,L5,IN,2015-08-05,1340586,INR
IMP-09795,Jessica,Kumar,imp.09795@acme-corp.com,Finance,Analyst,L5,DE,2019-06-15,53909,EUR
IMP-09796,Hassan,Garcia,imp.09796@acme-corp.com,Engineering,Engineer,L6,PL,2022-07-09,156322,PLN
IMP-09797,Francisco,Müller,imp.09797@acme-corp.com,Finance,Analyst,L2,AU,2019-04-20,124395,AUD
IMP-09798,Fatima,Reddy,imp.09798@acme-corp.com,Operations,Manager,L3,HK,2022-10-22,1052068,HKD
IMP-09799,Robert,Wu,imp.09799@acme-corp.com,Engineering,Engineer,L4,US,2024-12-05,153583,USD
IMP-09800,Barbara,Liu,imp.09800@acme-corp.com,Engineering,Engineer,L3,IN,2016-01-10,2023777,INR
IMP-09801,Yuna,Klein,imp.09801@acme-corp.com,Engineering,Engineer,L6,US,2018-11-23,219213,USD
IMP-09802,Thomas,Simon,imp.09802@acme-corp.com,Design,Designer,L3,GB,2024-10-25,143902,GBP
IMP-09803,Omar,Thomas,imp.09803@acme-corp.com,Finance,Analyst,L4,US,2016-10-01,193193,USD
IMP-09804,Carlos,Dupont,imp.09804@acme-corp.com,Finance,Analyst,L3,HK,2017-06-18,951637,HKD
IMP-09805,Jessica,Schmidt,imp.09805@acme-corp.com,Engineering,Engineer,L6,US,2021-12-14,131238,USD
IMP-09806,Mary,Sharma,imp.09806@acme-corp.com,Sales,Analyst,L4,IN,2023-09-03,1201025,INR
IMP-09807,Hassan,Yang,imp.09807@acme-corp.com,Finance,Analyst,L5,NO,2023-08-06,678345,NOK
IMP-09808,Sung-min,Zhang,imp.09808@acme-corp.com,Operations,Manager,L5,ES,2018-10-01,69803,EUR
IMP-09809,Mary,Lee,imp.09809@acme-corp.com,Engineering,Engineer,L1,AE,2019-06-08,466294,AED
IMP-09810,Pedro,Sharma,imp.09810@acme-corp.com,Sales,Analyst,L3,IN,2017-08-01,3691478,INR
IMP-09811,Maria,Kumar,imp.09811@acme-corp.com,Engineering,Engineer,L2,TW,2022-03-03,2898996,TWD
IMP-09812,Elizabeth,Choi,imp.09812@acme-corp.com,Design,Designer,L6,DE,2023-01-02,103150,EUR
IMP-09813,Francisco,Zhou,imp.09813@acme-corp.com,Finance,Analyst,L2,HK,2018-11-30,442879,HKD
IMP-09814,Wei,White,imp.09814@acme-corp.com,Engineering,Engineer,L2,PL,2019-07-18,161409,PLN
IMP-09815,Michael,Martin,imp.09815@acme-corp.com,Finance,Analyst,L4,US,2019-02-05,217956,USD
IMP-09816,Maria,Mehta,imp.09816@acme-corp.com,Finance,Analyst,L5,NO,2017-01-30,592761,NOK
IMP-09817,Wei,Moore,imp.09817@acme-corp.com,Engineering,Engineer,L3,KR,2023-09-27,71533023,KRW
IMP-09818,Yuki,Lee,imp.09818@acme-corp.com,Engineering,Engineer,L5,US,2023-06-11,92502,USD
IMP-09819,Wei,Lee,imp.09819@acme-corp.com,Finance,Analyst,L3,CA,2023-09-27,104681,CAD
IMP-09820,Joseph,Thompson,imp.09820@acme-corp.com,Engineering,Engineer,L3,NO,2024-08-15,870535,NOK
IMP-09821,Pedro,Song,imp.09821@acme-corp.com,Finance,Analyst,L2,FR,2019-09-11,116087,EUR
IMP-09822,Jose,Braun,imp.09822@acme-corp.com,Engineering,Engineer,L2,IN,2022-03-13,3959243,INR
IMP-09823,Takeshi,Bernard,imp.09823@acme-corp.com,Engineering,Engineer,L6,KR,2021-07-09,114522526,KRW
IMP-09824,Kenji,Braun,imp.09824@acme-corp.com,Engineering,Engineer,L1,MX,2022-05-31,799112,MXN
IMP-09825,Kenji,Patel,imp.09825@acme-corp.com,Finance,Analyst,L2,ZA,2024-04-09,478748,ZAR
IMP-09826,Sarah,Simon,imp.09826@acme-corp.com,Sales,Analyst,L2,ZA,2024-08-09,1490361,ZAR
IMP-09827,Barbara,Schmidt,imp.09827@acme-corp.com,Engineering,Engineer,L4,US,2020-11-27,93203,USD
IMP-09828,Michael,Thomas,imp.09828@acme-corp.com,Engineering,Engineer,L5,US,2022-10-14,110419,USD
IMP-09829,Yuki,Hoffmann,imp.09829@acme-corp.com,Sales,Analyst,L6,SG,2018-07-12,165055,SGD
IMP-09830,Zhang,Garcia,imp.09830@acme-corp.com,Engineering,Engineer,L1,US,2022-05-01,204831,USD
IMP-09831,Yusuf,Wu,imp.09831@acme-corp.com,Operations,Manager,L4,PL,2017-10-17,224788,PLN
IMP-09832,Ibrahim,Simon,imp.09832@acme-corp.com,Engineering,Engineer,L4,AE,2017-02-07,123745,AED
IMP-09833,Linda,Chen,imp.09833@acme-corp.com,Engineering,Engineer,L5,ZA,2023-08-16,1221451,ZAR
IMP-09834,Ahmed,Li,imp.09834@acme-corp.com,Operations,Manager,L6,US,2017-12-02,218136,USD
IMP-09835,Michael,Becker,imp.09835@acme-corp.com,Engineering,Engineer,L3,AE,2024-11-19,362985,AED
IMP-09836,Priya,Fischer,imp.09836@acme-corp.com,Sales,Analyst,L6,ES,2016-11-25,58094,EUR
IMP-09837,Jennifer,Lim,imp.09837@acme-corp.com,Sales,Analyst,L4,GB,2018-09-05,92323,GBP
IMP-09838,Ananya,Song,imp.09838@acme-corp.com,Sales,Analyst,L1,SE,2018-05-19,886045,SEK
IMP-09839,Chen,Dupont,imp.09839@acme-corp.com,Engineering,Engineer,L1,GB,2020-12-21,152901,GBP
IMP-09840,Jae-won,Lee,imp.09840@acme-corp.com,Operations,Manager,L1,CH,2018-04-06,91420,CHF
IMP-09841,Yuna,Simon,imp.09841@acme-corp.com,Sales,Analyst,L4,ZA,2017-10-21,1280371,ZAR
IMP-09842,Ana,Hoffmann,imp.09842@acme-corp.com,Operations,Manager,L1,TW,2024-12-05,2298997,TWD
IMP-09843,Liu,Roux,imp.09843@acme-corp.com,Operations,Manager,L2,AE,2024-11-23,471592,AED
IMP-09844,Richard,Roux,imp.09844@acme-corp.com,Engineering,Engineer,L1,SG,2023-03-11,188581,SGD
IMP-09845,Liu,Becker,imp.09845@acme-corp.com,Sales,Analyst,L4,NO,2021-02-28,775067,NOK
IMP-09846,Jessica,Joshi,imp.09846@acme-corp.com,Engineering,Engineer,L4,US,2021-04-18,62673,USD
IMP-09847,Rahul,Fischer,imp.09847@acme-corp.com,Sales,Analyst,L4,SG,2022-05-07,179804,SGD
IMP-09848,Mary,White,imp.09848@acme-corp.com,Sales,Analyst,L1,ES,2024-07-05,125467,EUR
IMP-09849,Carlos,Smith,imp.09849@acme-corp.com,Engineering,Engineer,L3,ES,2015-09-04,65471,EUR
IMP-09850,Charles,Lee,imp.09850@acme-corp.com,Sales,Analyst,L2,FR,2018-11-14,89780,EUR
IMP-09851,Kenji,Mehta,imp.09851@acme-corp.com,Sales,Analyst,L2,DK,2016-02-23,1073641,DKK
IMP-09852,Jose,Kang,imp.09852@acme-corp.com,Finance,Analyst,L3,CH,2024-05-08,103678,CHF
IMP-09853,Carlos,David,imp.09853@acme-corp.com,Finance,Analyst,L6,IN,2024-05-29,3318058,INR
IMP-09854,Akiko,Martinez,imp.09854@acme-corp.com,Operations,Manager,L4,JP,2024-07-10,6868930,JPY
IMP-09855,Min,Schulz,imp.09855@acme-corp.com,Engineering,Engineer,L2,US,2016-09-05,94364,USD
IMP-09856,Takeshi,Kumar,imp.09856@acme-corp.com,Engineering,Engineer,L5,CH,2023-09-29,120518,CHF
IMP-09857,Chen,Bernard,imp.09857@acme-corp.com,Engineering,Engineer,L4,AU,2015-06-11,186959,AUD
IMP-09858,Sakura,Pillai,imp.09858@acme-corp.com,Operations,Manager,L6,CA,2021-11-11,111007,CAD
IMP-09859,Wei,Patel,imp.09859@acme-corp.com,Operations,Manager,L6,IE,2022-05-09,90641,EUR
IMP-09860,Mei,Zhang,imp.09860@acme-corp.com,Engineering,Engineer,L1,CH,2020-05-14,135820,CHF
IMP-09861,Jessica,Kim,imp.09861@acme-corp.com,Finance,Analyst,L1,SG,2015-11-04,95207,SGD
IMP-09862,Hiroshi,White,imp.09862@acme-corp.com,Engineering,Engineer,L5,TW,2024-02-29,1434439,TWD
IMP-09863,Sarah,Choi,imp.09863@acme-corp.com,HR,Manager,L1,GB,2019-08-01,54299,GBP
IMP-09864,Robert,Singh,imp.09864@acme-corp.com,Sales,Analyst,L6,ES,2015-08-20,144479,EUR
IMP-09865,Sakura,Hernandez,imp.09865@acme-corp.com,Engineering,Engineer,L4,CA,2021-09-27,117141,CAD
IMP-09866,Liu,Singh,imp.09866@acme-corp.com,HR,Manager,L4,SG,2019-11-03,143054,SGD
IMP-09867,Yuna,Garcia,imp.09867@acme-corp.com,Engineering,Engineer,L5,MX,2019-12-27,326595,MXN
IMP-09868,James,Laurent,imp.09868@acme-corp.com,Sales,Analyst,L3,AU,2023-09-11,94952,AUD
IMP-09869,Karen,Moore,imp.09869@acme-corp.com,Finance,Analyst,L2,NL,2023-09-29,70775,EUR
IMP-09870,Omar,Wu,imp.09870@acme-corp.com,Finance,Analyst,L2,FR,2018-11-05,115343,EUR
IMP-09871,Zhang,Joshi,imp.09871@acme-corp.com,Sales,Analyst,L1,US,2017-10-26,82620,USD
IMP-09872,Yuna,Sharma,imp.09872@acme-corp.com,Finance,Analyst,L6,IN,2020-05-30,1458151,INR
IMP-09873,Hassan,Martin,imp.09873@acme-corp.com,HR,Manager,L6,IN,2022-03-22,2083304,INR
IMP-09874,Jae-won,Simon,imp.09874@acme-corp.com,Engineering,Engineer,L1,AU,2015-01-29,106753,AUD
IMP-09875,Jae-won,Joshi,imp.09875@acme-corp.com,Engineering,Engineer,L5,NL,2019-10-05,101364,EUR
IMP-09876,Ahmed,Lee,imp.09876@acme-corp.com,Operations,Manager,L2,DK,2018-12-25,640680,DKK
IMP-09877,Zhang,Kim,imp.09877@acme-corp.com,Engineering,Engineer,L1,AE,2022-05-27,301533,AED
IMP-09878,Ji-young,Kumar,imp.09878@acme-corp.com,Finance,Analyst,L6,CA,2021-05-30,95476,CAD
IMP-09879,Akiko,Braun,imp.09879@acme-corp.com,Engineering,Engineer,L2,IE,2019-07-29,52968,EUR
IMP-09880,Layla,Hernandez,imp.09880@acme-corp.com,Operations,Manager,L6,DE,2019-06-01,126274,EUR
IMP-09881,Arjun,Richter,imp.09881@acme-corp.com,Engineering,Engineer,L6,IN,2015-04-25,3779441,INR
IMP-09882,Nancy,Johnson,imp.09882@acme-corp.com,Engineering,Engineer,L2,US,2024-05-31,119349,USD
IMP-09883,Hiroshi,Anderson,imp.09883@acme-corp.com,Sales,Analyst,L1,CH,2017-12-03,193748,CHF
IMP-09884,Pedro,Becker,imp.09884@acme-corp.com,HR,Manager,L6,US,2024-02-25,207864,USD
IMP-09885,Zara,Yoon,imp.09885@acme-corp.com,Design,Designer,L5,GB,2022-09-30,77918,GBP
IMP-09886,Jessica,Moore,imp.09886@acme-corp.com,Sales,Analyst,L1,GB,2015-06-27,123149,GBP
IMP-09887,Zara,Becker,imp.09887@acme-corp.com,Engineering,Engineer,L4,GB,2020-11-08,66600,GBP
IMP-09888,Hassan,Williams,imp.09888@acme-corp.com,Sales,Analyst,L1,CH,2024-05-10,126414,CHF
IMP-09889,Rahul,Lee,imp.09889@acme-corp.com,Sales,Analyst,L5,SG,2020-05-08,92825,SGD
IMP-09890,Hassan,Kang,imp.09890@acme-corp.com,HR,Manager,L1,AU,2022-01-09,124419,AUD
IMP-09891,Linda,Patel,imp.09891@acme-corp.com,Operations,Manager,L4,US,2020-10-09,114381,USD
IMP-09892,Kenji,Garcia,imp.09892@acme-corp.com,Sales,Analyst,L1,NL,2024-10-10,54044,EUR
IMP-09893,Layla,Schulz,imp.09893@acme-corp.com,Operations,Manager,L1,GB,2021-02-11,57901,GBP
IMP-09894,Layla,Becker,imp.09894@acme-corp.com,Sales,Analyst,L4,TW,2015-06-07,2143708,TWD
IMP-09895,Ana,Moore,imp.09895@acme-corp.com,Engineering,Engineer,L4,TW,2016-07-27,1827399,TWD
IMP-09896,Sakura,Choi,imp.09896@acme-corp.com,Finance,Analyst,L4,DE,2018-09-13,133776,EUR
IMP-09897,Joseph,Moreau,imp.09897@acme-corp.com,Engineering,Engineer,L1,TW,2021-01-25,1863099,TWD
IMP-09898,Robert,Michel,imp.09898@acme-corp.com,Engineering,Engineer,L2,ES,2017-09-06,84342,EUR
IMP-09899,Maria,Hernandez,imp.09899@acme-corp.com,Engineering,Engineer,L4,GB,2020-12-09,100445,GBP
IMP-09900,Sarah,Yang,imp.09900@acme-corp.com,Operations,Manager,L6,GB,2022-08-11,114143,GBP
IMP-09901,Richard,Park,imp.09901@acme-corp.com,HR,Manager,L3,ZA,2019-09-02,351334,ZAR
IMP-09902,Takeshi,Wu,imp.09902@acme-corp.com,Engineering,Engineer,L4,DE,2016-06-08,116458,EUR
IMP-09903,Akiko,Johnson,imp.09903@acme-corp.com,Sales,Analyst,L4,PL,2024-01-01,191386,PLN
IMP-09904,Pedro,Smith,imp.09904@acme-corp.com,Engineering,Engineer,L5,AU,2024-02-18,183994,AUD
IMP-09905,Rosa,Kang,imp.09905@acme-corp.com,HR,Manager,L2,IN,2016-03-27,3723334,INR
IMP-09906,Sung-min,Zhang,imp.09906@acme-corp.com,Engineering,Engineer,L5,IE,2017-04-05,66080,EUR
IMP-09907,Patricia,Lee,imp.09907@acme-corp.com,Operations,Manager,L6,TW,2016-09-01,1715797,TWD
IMP-09908,Robert,Hernandez,imp.09908@acme-corp.com,Engineering,Engineer,L3,MX,2022-09-14,524948,MXN
IMP-09909,Omar,Laurent,imp.09909@acme-corp.com,Sales,Analyst,L5,ZA,2017-03-25,736259,ZAR
IMP-09910,Rosa,Moreau,imp.09910@acme-corp.com,Sales,Analyst,L3,CA,2024-10-03,112491,CAD
IMP-09911,Robert,Kang,imp.09911@acme-corp.com,Finance,Analyst,L2,TW,2019-04-18,3423558,TWD
IMP-09912,Sakura,Lee,imp.09912@acme-corp.com,Finance,Analyst,L3,SG,2020-01-31,132543,SGD
IMP-09913,Maria,Nair,imp.09913@acme-corp.com,Engineering,Engineer,L2,GB,2021-02-14,142040,GBP
IMP-09914,Zhang,Taylor,imp.09914@acme-corp.com,HR,Manager,L5,NO,2018-05-08,1376921,NOK
IMP-09915,Sakura,Smith,imp.09915@acme-corp.com,Operations,Manager,L5,DE,2015-07-12,105407,EUR
IMP-09916,Pedro,Reddy,imp.09916@acme-corp.com,Finance,Analyst,L3,ES,2020-02-04,82097,EUR
IMP-09917,Sarah,Liu,imp.09917@acme-corp.com,Design,Designer,L1,CA,2015-09-08,81748,CAD
IMP-09918,Carmen,Lee,imp.09918@acme-corp.com,Finance,Analyst,L5,NO,2021-05-15,560507,NOK
IMP-09919,Carlos,Jung,imp.09919@acme-corp.com,Engineering,Engineer,L2,US,2015-06-06,185659,USD
IMP-09920,Ananya,Yang,imp.09920@acme-corp.com,Engineering,Engineer,L6,CA,2019-07-10,131460,CAD
IMP-09921,Akiko,Zhou,imp.09921@acme-corp.com,Sales,Analyst,L6,MX,2016-08-11,486662,MXN
IMP-09922,Charles,Xu,imp.09922@acme-corp.com,HR,Manager,L2,IN,2021-07-27,1741618,INR
IMP-09923,Yuki,Wang,imp.09923@acme-corp.com,Operations,Manager,L6,DE,2018-06-21,57847,EUR
IMP-09924,Ahmed,Kang,imp.09924@acme-corp.com,HR,Manager,L4,NL,2020-08-25,143719,EUR
IMP-09925,Hiroshi,Zhou,imp.09925@acme-corp.com,Sales,Analyst,L4,US,2022-07-17,189596,USD
IMP-09926,Liu,Williams,imp.09926@acme-corp.com,Engineering,Engineer,L6,MX,2023-05-12,1063147,MXN
IMP-09927,Zhang,Brown,imp.09927@acme-corp.com,HR,Manager,L3,US,2023-05-14,117099,USD
IMP-09928,Maria,Williams,imp.09928@acme-corp.com,Engineering,Engineer,L2,ZA,2022-11-01,1155717,ZAR
IMP-09929,Mary,Martin,imp.09929@acme-corp.com,Sales,Analyst,L6,JP,2024-11-01,9212805,JPY
IMP-09930,Elizabeth,Martin,imp.09930@acme-corp.com,Engineering,Engineer,L1,ZA,2016-08-31,497329,ZAR
IMP-09931,Chen,Liu,imp.09931@acme-corp.com,Engineering,Engineer,L3,PL,2024-02-12,87126,PLN
IMP-09932,Jose,Anderson,imp.09932@acme-corp.com,Finance,Analyst,L2,TW,2024-02-24,3433598,TWD
IMP-09933,Arjun,Chen,imp.09933@acme-corp.com,Operations,Manager,L1,CH,2017-11-18,172517,CHF
IMP-09934,Jae-won,White,imp.09934@acme-corp.com,HR,Manager,L6,GB,2020-07-27,73538,GBP
IMP-09935,Pedro,Yoon,imp.09935@acme-corp.com,Finance,Analyst,L1,FR,2020-05-02,104859,EUR
IMP-09936,Luis,Schulz,imp.09936@acme-corp.com,Finance,Analyst,L3,FR,2021-11-17,141019,EUR
IMP-09937,Min,Becker,imp.09937@acme-corp.com,Sales,Analyst,L5,IN,2023-10-18,4363521,INR
IMP-09938,Isabel,Müller,imp.09938@acme-corp.com,Sales,Analyst,L4,GB,2020-07-12,66031,GBP
IMP-09939,Arjun,Lim,imp.09939@acme-corp.com,HR,Manager,L6,US,2023-07-17,147486,USD
IMP-09940,Ananya,Dupont,imp.09940@acme-corp.com,Operations,Manager,L1,AE,2022-08-21,128978,AED
IMP-09941,Ana,Smith,imp.09941@acme-corp.com,Engineering,Engineer,L4,KR,2015-05-16,60818616,KRW
IMP-09942,Priya,Kumar,imp.09942@acme-corp.com,HR,Manager,L3,US,2016-04-18,72438,USD
IMP-09943,Sakura,Reddy,imp.09943@acme-corp.com,Finance,Analyst,L3,AE,2017-01-01,473425,AED
IMP-09944,Michael,Braun,imp.09944@acme-corp.com,Operations,Manager,L4,HK,2022-02-16,808945,HKD
IMP-09945,Ananya,Williams,imp.09945@acme-corp.com,Finance,Analyst,L3,NL,2015-08-17,72150,EUR
IMP-09946,Mei,Yoon,imp.09946@acme-corp.com,Sales,Analyst,L4,ZA,2024-04-17,1248759,ZAR
IMP-09947,Thomas,Gupta,imp.09947@acme-corp.com,Finance,Analyst,L2,DE,2024-02-17,54957,EUR
IMP-09948,Fatima,Hernandez,imp.09948@acme-corp.com,Finance,Analyst,L3,DK,2023-12-10,432496,DKK
IMP-09949,Ibrahim,Moore,imp.09949@acme-corp.com,Operations,Manager,L5,HK,2023-12-04,324461,HKD
IMP-09950,David,Joshi,imp.09950@acme-corp.com,Finance,Analyst,L1,IE,2020-06-09,71915,EUR
IMP-09951,Ibrahim,Han,imp.09951@acme-corp.com,Sales,Analyst,L6,IN,2023-11-09,3978996,INR
IMP-09952,Hiroshi,Thompson,imp.09952@acme-corp.com,Sales,Analyst,L4,US,2017-03-26,146309,USD
IMP-09953,Yusuf,White,imp.09953@acme-corp.com,Engineering,Engineer,L5,US,2022-10-10,132250,USD
IMP-09954,Richard,Sharma,imp.09954@acme-corp.com,Engineering,Engineer,L3,DE,2018-04-08,100880,EUR
IMP-09955,Priya,Kim,imp.09955@acme-corp.com,Operations,Manager,L1,DE,2016-11-08,135258,EUR
IMP-09956,Luis,Fischer,imp.09956@acme-corp.com,HR,Manager,L5,JP,2024-07-05,7558429,JPY
IMP-09957,Karen,Chen,imp.09957@acme-corp.com,Operations,Manager,L4,DE,2016-03-15,92988,EUR
IMP-09958,Priya,Lee,imp.09958@acme-corp.com,Operations,Manager,L3,TW,2016-03-03,3138549,TWD
IMP-09959,Min,Patel,imp.09959@acme-corp.com,Finance,Analyst,L3,CH,2024-02-22,109946,CHF
IMP-09960,Takeshi,Jones,imp.09960@acme-corp.com,HR,Manager,L1,IN,2019-07-18,2020684,INR
IMP-09961,Robert,Choi,imp.09961@acme-corp.com,Finance,Analyst,L1,SG,2017-09-17,185959,SGD
IMP-09962,Wei,Kang,imp.09962@acme-corp.com,Finance,Analyst,L6,US,2023-09-23,62024,USD
IMP-09963,Carlos,Zhang,imp.09963@acme-corp.com,Engineering,Engineer,L5,PL,2016-12-04,239740,PLN
IMP-09964,Wei,Zhang,imp.09964@acme-corp.com,Engineering,Engineer,L6,US,2019-01-05,122049,USD
IMP-09965,Priya,Reddy,imp.09965@acme-corp.com,HR,Manager,L1,GB,2021-10-11,97718,GBP
IMP-09966,Rosa,Hernandez,imp.09966@acme-corp.com,Finance,Analyst,L2,CH,2018-01-26,166823,CHF
IMP-09967,Yuna,Fischer,imp.09967@acme-corp.com,Engineering,Engineer,L4,SG,2015-05-19,149817,SGD
IMP-09968,Charles,Kim,imp.09968@acme-corp.com,Finance,Analyst,L2,GB,2017-03-17,128180,GBP
IMP-09969,Jae-won,Garcia,imp.09969@acme-corp.com,Finance,Analyst,L2,SG,2023-09-16,70678,SGD
IMP-09970,Zhang,Brown,imp.09970@acme-corp.com,Engineering,Engineer,L6,HK,2016-09-06,758010,HKD
IMP-09971,Liu,White,imp.09971@acme-corp.com,Engineering,Engineer,L5,MX,2017-09-30,843391,MXN
IMP-09972,Liu,Davis,imp.09972@acme-corp.com,Engineering,Engineer,L3,TW,2021-07-03,2368885,TWD
IMP-09973,Rosa,Singh,imp.09973@acme-corp.com,Operations,Manager,L6,MX,2018-05-29,1134384,MXN
IMP-09974,William,Taylor,imp.09974@acme-corp.com,HR,Manager,L6,AE,2016-05-02,374148,AED
IMP-09975,Priya,Martin,imp.09975@acme-corp.com,Sales,Analyst,L5,IN,2015-05-04,2193782,INR
IMP-09976,Chen,Garcia,imp.09976@acme-corp.com,Engineering,Engineer,L2,DE,2021-01-11,126456,EUR
IMP-09977,Takeshi,Garcia,imp.09977@acme-corp.com,Sales,Analyst,L3,JP,2022-09-25,7486189,JPY
IMP-09978,Barbara,Weber,imp.09978@acme-corp.com,Engineering,Engineer,L1,GB,2023-07-23,102656,GBP
IMP-09979,Zara,Nair,imp.09979@acme-corp.com,Sales,Analyst,L1,AU,2018-10-15,116268,AUD
IMP-09980,Linda,Nair,imp.09980@acme-corp.com,HR,Manager,L2,TW,2024-08-25,2152466,TWD
IMP-09981,Sakura,Choi,imp.09981@acme-corp.com,HR,Manager,L5,JP,2022-11-27,8110417,JPY
IMP-09982,Layla,Davis,imp.09982@acme-corp.com,Finance,Analyst,L2,JP,2019-01-31,11383693,JPY
IMP-09983,Chen,Moore,imp.09983@acme-corp.com,Operations,Manager,L4,HK,2020-04-07,766164,HKD
IMP-09984,Luis,Thompson,imp.09984@acme-corp.com,Engineering,Engineer,L4,JP,2019-01-10,10056966,JPY
IMP-09985,Liu,Braun,imp.09985@acme-corp.com,Engineering,Engineer,L1,US,2021-05-27,83940,USD
IMP-09986,Karen,Davis,imp.09986@acme-corp.com,Engineering,Engineer,L2,IN,2024-03-28,2022440,INR
IMP-09987,Arjun,Han,imp.09987@acme-corp.com,Sales,Analyst,L3,US,2018-01-07,166479,USD
IMP-09988,Layla,Bernard,imp.09988@acme-corp.com,Engineering,Engineer,L1,FR,2023-05-19,68960,EUR
IMP-09989,Aisha,Wilson,imp.09989@acme-corp.com,HR,Manager,L4,IN,2017-06-07,3194550,INR
IMP-09990,Rahul,Kang,imp.09990@acme-corp.com,Engineering,Engineer,L4,TW,2015-05-11,1052536,TWD
IMP-09991,Jessica,Xu,imp.09991@acme-corp.com,Sales,Analyst,L1,AE,2024-12-09,356042,AED
IMP-09992,Layla,Martin,imp.09992@acme-corp.com,HR,Manager,L4,CH,2022-07-16,106762,CHF
IMP-09993,Rosa,Lee,imp.09993@acme-corp.com,HR,Manager,L6,AE,2018-01-10,179877,AED
IMP-09994,Aisha,Michel,imp.09994@acme-corp.com,Engineering,Engineer,L2,DK,2020-09-18,941518,DKK
IMP-09995,David,Nair,imp.09995@acme-corp.com,Engineering,Engineer,L6,NO,2024-04-04,1272258,NOK
IMP-09996,David,Martinez,imp.09996@acme-corp.com,Engineering,Engineer,L6,NO,2017-08-17,1169541,NOK
IMP-09997,Karen,Thompson,imp.09997@acme-corp.com,Sales,Analyst,L6,US,2019-08-17,187898,USD
IMP-09998,Ana,Simon,imp.09998@acme-corp.com,Finance,Analyst,L4,GB,2021-10-24,82636,GBP
IMP-09999,Pedro,Williams,imp.09999@acme-corp.com,Engineering,Engineer,L1,TW,2019-09-24,2348139,TWD
IMP-10000,Takeshi,Yoon,imp.10000@acme-corp.com,Sales,Analyst,L1,US,2019-06-23,173281,USD
